ψ_kPa_100mm,ψ_kPa_200mm,ψ_kPa_400mm,ψ_kPa_600mm,ψ_kPa_800mm,ψ_kPa_1000mm,ψ_kPa_1200mm,date,ψ_kPa_eff,RWU,cap
-6.299999999999995,-6.299999999999995,-6.299999999999998,-6.299999999999998,-6.299999999999998,-6.299999999999993,-6.299999999999993,2024-01-01,NaN,0.0,0
-7.355387880299213,-8.718183813513436,-9.945848485188145,-8.962825869818841,-8.193457105417398,-7.841507711222449,-7.312312970733727,2024-01-02,-7.492129601471418,0.007653572865247645,0
-0.9211489487893267,-2.3345317250012334,-7.621046321983265,-8.263866935403868,-8.474425116247483,-8.474349202288652,-8.207372228506994,2024-01-03,-1.2778712239366854,0.011254838058170326,0
-1.03252879201864,-2.108310577906227,-5.695571352071508,-5.98894582543729,-6.313423993375786,-6.486557400387848,-6.764625078533657,2024-01-04,-1.2247840952219236,0.0015270415717123834,0
-2.5910208721515153,-4.140867679184082,-7.178265889561971,-6.828276011287992,-6.580848669120397,-6.477026631730831,-6.348073216409034,2024-01-05,-2.8945828291666014,0.004619587915184813,0
-0.7856430508636074,-1.7262480268671359,-5.402130131732833,-5.833248624817078,-6.166010950707596,-6.303452951941599,-6.403174072375535,2024-01-06,-0.9598950533811532,0.0017346991778901875,0
-3.1905790214857865,-4.710823318650137,-7.3097938210143285,-6.8055808282509815,-6.444276576773405,-6.288592522497751,-6.078243276725378,2024-01-07,-3.4195146760246904,0.0024742235654122554,0
-5.2461996982297965,-7.024320423538812,-9.321871990453877,-8.564590408457757,-7.939406568428003,-7.642182007372413,-7.153831529242498,2024-01-08,-5.467638312127596,0.023391298975332354,0
-6.98172584583912,-8.899197817816948,-11.004088332125125,-10.109919609929685,-9.341012215050844,-8.966708987401775,-8.32988570172948,2024-01-09,-7.093807008233842,0.016203626888445073,0
-8.66474076249423,-10.583741958903827,-12.462430019710919,-11.473342822692294,-10.606903779923325,-10.181392849171791,-9.449032810648584,2024-01-10,-8.777928508275188,0.018972341057686047,0
-10.328168474067471,-12.165256612696096,-13.789994332975409,-12.72039183570374,-11.775802615733303,-11.310064594282709,-10.505469795585618,2024-01-11,-10.447074564488414,0.02028817938719457,0
-11.5949490803196,-13.493003850727339,-15.000034432091917,-13.873842218006947,-12.869397977973847,-12.37203513138885,-11.510038054435586,2024-01-12,-11.581426766877946,0.0076062238203732264,0
-12.729870134844738,-14.651780689639198,-16.09076173253994,-14.928891434623244,-13.884290501145369,-13.365066912975923,-12.461607938246836,2024-01-13,-12.634597213654214,0.0049785552505951115,0
-13.904178409619881,-15.768981095605037,-17.104071543641453,-15.911005079904394,-14.834392042378411,-14.298227312707192,-13.3633902637792,2024-01-14,-13.862977890951237,0.007406116248290681,0
-15.10234438094764,-16.875992564395016,-18.073139234136733,-16.846381107583312,-15.73958253327268,-15.187984212072083,-14.226065728401915,2024-01-15,-15.23846017825602,0.02257652657766864,0
-12.456447498432434,-15.364653646080054,-18.48507606581377,-17.479077338456005,-16.480068953882718,-15.96240036483733,-15.020805917112215,2024-01-16,-12.484552941442914,0.007806686698278278,0
-14.36034920514796,-16.82519516389331,-19.08533030220605,-18.033711451566944,-17.055685624905777,-16.559311554621956,-15.662921261684835,2024-01-17,-14.394001039741873,0.018952318502956977,0
-0.21281142059744199,-0.4257544676787077,-2.7649837083819753,-4.362737633052332,-7.408208265497745,-9.385991338660155,-12.50213007993886,2024-01-18,-0.381224950631228,0.00899740313365542,0
-0.2822939788462055,-0.5306957854793742,-2.242108293286276,-2.28132254418579,-2.3759394404862317,-2.447663043857846,-2.7583794455340174,2024-01-19,NaN,0.0,0
-3.1550832493167382,-4.359904343309384,-6.1961137318587225,-5.482758829839658,-4.9203458635440125,-4.660749570451454,-4.262937082037931,2024-01-20,-3.388835008862949,0.007151003972804395,0
-5.042412211252942,-6.625470317752528,-8.54825705947007,-7.7021853227651516,-6.994674336747267,-6.6556462596027135,-6.096393171851912,2024-01-21,-5.165149854610537,0.011591820928070932,0
-6.943554251230582,-8.618124204507133,-10.393956843673822,-9.445227364381553,-8.63227284695335,-8.237694999147081,-7.57103548299189,2024-01-22,-7.13858289391565,0.02669577323383617,0
-1.0644271373740652,-2.6267802078370237,-8.055798741281793,-8.623528168363611,-8.765620309037347,-8.732510043964567,-8.408302711702298,2024-01-23,-1.6634266745096917,0.016757165454450593,0
-3.0901444966792613,-4.889761862669404,-8.339455421396284,-8.087770026581431,-7.933874411382001,-7.873016066610306,-7.772109613069127,2024-01-24,-3.3576663618696094,0.020700909843296925,0
-5.349561110496998,-7.32699418492973,-10.046826131806073,-9.403220268525578,-8.887921844436647,-8.647080623352885,-8.255322111484773,2024-01-25,-6.008897612172094,0.05831581059188752,0
-7.353542034267902,-9.370885927218122,-11.658545778759494,-10.813998993064196,-10.096014562837189,-9.748926078403155,-9.161533573156767,2024-01-26,-7.668887385423489,0.04120774711377918,0
-5.45524598279046,-8.120693250503823,-12.190755618175368,-11.61446159150546,-10.999878407822637,-10.672116503477865,-10.0490978954864,2024-01-27,-5.779219253730851,0.014961796852891925,0
-7.361043041161641,-9.883017501671537,-12.992130793613319,-12.27096455716023,-11.61512853685839,-11.284296861498852,-10.6778658278786,2024-01-28,-7.40054065086565,0.01202668232818847,0
-9.499798983871118,-11.73489730028429,-14.144487910093554,-13.2534612659587,-12.465819466937026,-12.076119938579998,-11.390247759884021,2024-01-29,-9.633009279086565,0.04701636492005867,0
-12.007916726702337,-13.761828754485384,-15.414247988483993,-14.359588908642143,-13.436838820720153,-12.983782325873623,-12.201354076926762,2024-01-30,-12.517309585605608,0.07750027296871183,0
-14.310103918746181,-15.655782053289874,-16.687448381074454,-15.500770101870659,-14.460868398788461,-13.950565678434334,-13.0756441123447,2024-01-31,-14.768496175636972,0.061726393510429606,0
-16.564469173472457,-17.44249649478681,-17.921831659855677,-16.629580404037878,-15.492171662136226,-14.9336223420009,-13.979156313480901,2024-02-01,-16.970729879973675,0.058120826136886856,0
-18.38113987212837,-18.993589413328632,-19.085337038384644,-17.71492030860373,-16.50357683586203,-15.907651553366517,-14.889260266031618,2024-02-02,-18.687592399716454,0.03781731833686714,0
-20.0423667755768,-20.398969561780383,-20.189450344099964,-18.75939507151105,-17.48888114504915,-16.862768758748246,-15.792855796951674,2024-02-03,-20.240110206901345,0.039030425232940716,0
-21.98647529901606,-21.840379268626464,-21.260501506479606,-19.774248158794368,-18.45173568602915,-17.799763528092083,-16.686360480338784,2024-02-04,-21.969700174510177,0.04567823438406776,0
-24.32785905569654,-23.452485736978566,-22.35675032626649,-20.798280538546237,-19.416549288741713,-18.736293121917708,-17.578555067171557,2024-02-05,-23.728410497610582,0.05586636803270422,0
-27.340091029673932,-25.360987520247367,-23.523689879668957,-21.87057769918961,-20.412556983677483,-19.69693772470436,-18.486481896649646,2024-02-06,-25.729842783831586,0.07950682368952233,0
-30.30805020374029,-27.325512481068017,-24.755324331897697,-23.0010736930745,-21.453470536093917,-20.69577110186235,-19.422927690392658,2024-02-07,-27.026871664578955,0.08290716069413628,0
-31.740083021018812,-28.714239203727285,-25.86595196727839,-24.063438469049206,-22.467638076365283,-21.68431651600933,-20.365495859038795,2024-02-08,-27.334735443080522,0.04168952184202212,0
-33.75215187357762,-30.269424153519996,-27.05502821410385,-25.179664228552753,-23.515358544403277,-22.69831907014489,-21.326143864813,2024-02-09,-29.50973989229079,0.09485280678230262,0
-36.116643941698676,-31.854659989835874,-28.249292768450278,-26.306204365555974,-24.57661478781354,-23.72690063084355,-22.302075678785396,2024-02-10,-30.120393779003948,0.09345773039107141,0
-42.40832543832208,-34.69474472875163,-29.7151680855731,-27.6151862217993,-25.757582203503816,-24.849328721835718,-23.340585659435074,2024-02-11,-33.45020943743393,0.17138304032130774,0
-45.29092189161402,-36.967126756521616,-31.08901073456914,-28.887536313368688,-26.9390233687129,-25.986432421892452,-24.407063061214696,2024-02-12,-32.329088296746036,0.10989457998647605,0
-46.93046160406508,-38.517565451845,-32.32325123178372,-30.07360196943246,-28.076300925989937,-27.097715571405207,-25.471227223475836,2024-02-13,-33.034727862089746,0.0843926802434106,0
-49.27730705806076,-40.167328559391436,-33.61689085902198,-31.30335524310783,-29.24153442241109,-28.23025276434336,-26.550600665673525,2024-02-14,-34.52657656644579,0.1028218148467903,0
-52.146166235396294,-42.05802316234085,-34.980246431774866,-32.585934820062526,-30.447099320832148,-29.397958136650693,-27.65857508082526,2024-02-15,-36.24804698901366,0.12168956246075585,0
-56.27379272921474,-44.4167728971021,-36.4689642889662,-33.9616682482832,-31.7216865644542,-30.62410772867775,-28.811050112843578,2024-02-16,-39.105122029429,0.15359274179103305,0
-60.029758217631546,-46.75035065850551,-37.989007449301624,-35.3747856434503,-33.03740374183879,-31.891938901215394,-30.003274425404463,2024-02-17,-39.36134236794422,0.14887690245500146,0
-63.475991742068324,-49.00175289734581,-39.505864561695894,-36.792204405122504,-34.36455556991803,-33.17539674049667,-31.218032049187194,2024-02-18,-40.87825463712019,0.14667365800211815,0
-66.22923084013811,-50.953517005263286,-40.98511978516491,-38.19965294079633,-35.69862498750026,-34.47201864613529,-32.45231119502792,2024-02-19,-41.99808247930732,0.14013882803453703,0
-32.54267682015798,-35.0966519540064,-40.20624600620033,-38.560640712722645,-36.58883702806303,-35.5212258745296,-33.59921125573119,2024-02-20,-37.71046324426026,0.12805962522085956,0
-28.111789894965565,-32.670508353394865,-38.66980313486753,-37.654997470213075,-36.35101989605855,-35.6089764840229,-34.12678810429099,2024-02-21,-30.829037988468748,0.11651945304951807,0
-34.81412629190264,-36.5769964457189,-38.683851635109995,-37.45984734193467,-36.239780153310925,-35.59708428204004,-34.371756948823176,2024-02-22,-35.758735974864905,0.14788129086645307,0
-0.17011067777198222,-0.40304213807996364,-2.9820940967677636,-5.918280921957606,-13.44207318074894,-18.86706048958544,-27.640447848001546,2024-02-23,-0.3255251647726442,0.0165915351215514,0
-3.504702774945539,-5.027905172365715,-7.815559565465627,-7.6834127928234235,-8.146188696242211,-8.578732802907545,-10.364744617995992,2024-02-24,-4.898987550361935,0.14834578920630545,0
-6.222901926057006,-8.136990367705748,-10.832778119458077,-10.357112200296726,-10.233258058436933,-10.266711370491352,-10.705711808737576,2024-02-25,-7.72251221471537,0.15699367789643598,0
-9.138943662063442,-10.989942775628599,-13.18035254458925,-12.422347834319261,-11.917430422721967,-11.716681532381955,-11.52577720288262,2024-02-26,-10.449703196670324,0.15779159355430752,0
-12.508626439886143,-13.800629042813375,-15.139187125667467,-14.12573197585524,-13.325118160677926,-12.956485312397351,-12.391939076280094,2024-02-27,-13.268442112112659,0.16845579849180314,0
-12.924155886498273,-14.654931799677737,-16.496042805100156,-15.432851038566543,-14.501429979206705,-14.046741000928202,-13.281535849812146,2024-02-28,-13.950751454485523,0.08814832925281485,0
-14.238138023889501,-15.915510501203922,-17.610584366627865,-16.486601712866815,-15.47953063929207,-14.980566088958865,-14.118562649032961,2024-02-29,-15.275711349842876,0.11630382187850748,0
-19.083738190227464,-19.056268202774906,-19.091920813326542,-17.73093499345093,-16.54888294931188,-15.972022218307393,-14.996343827766703,2024-03-01,-18.988611675705666,0.2517417982580653,0
-3.4313206488987253,-7.183838603137971,-16.171503510362268,-16.663486807896994,-16.50460356993545,-16.28179630025689,-15.597001384109502,2024-03-02,-5.029604909558359,0.01095929382211648,0
-6.7591228379662525,-9.957629353376559,-15.286593604269859,-15.249302640850667,-15.219514067685823,-15.189405411418825,-15.002035969181833,2024-03-03,-8.372581348019228,0.1606743767230534,0
-10.591445258725804,-13.148184197522328,-16.54269454235676,-15.942834717344201,-15.480143683576145,-15.265304942562505,-14.896737986915843,2024-03-04,-12.03415752871832,0.1816736161981088,0
-10.75108565858959,-13.640612171441227,-17.467265510589794,-16.780609838297547,-16.155071214943604,-15.842661215747755,-15.290918241140208,2024-03-05,-12.472893591837927,0.11123578075348776,0
-11.88314958795318,-14.652299311490193,-18.19174619672562,-17.43354885016597,-16.733636339040643,-16.38054484717529,-15.744493331712475,2024-03-06,-13.299597459575146,0.11098875324272281,0
-15.747712869659447,-17.454401012263588,-19.31673327086906,-18.300046949473963,-17.424298449754,-16.99645276001597,-16.257607143299794,2024-03-07,-16.645079955510425,0.11783135940368429,0
-21.075600958674645,-20.830459079234377,-20.885234278214906,-19.56321260592588,-18.435896311213988,-17.89125957983586,-16.981234840805623,2024-03-08,-20.966965893250727,0.2198159742558054,0
-27.33274874901116,-24.38063187958202,-22.539725712397395,-20.953492698250336,-19.601118127286867,-18.94893278252412,-17.870965617692335,2024-03-09,-25.17702096780779,0.19797105952424568,0
-35.28654482444526,-28.417550953173073,-24.3790945140215,-22.510198553124123,-20.91717894968907,-20.151008106903127,-18.89885342341872,2024-03-10,-28.978668979771545,0.22029860757041866,0
-0.25727747815698754,-0.8352002080390617,-7.707551964368225,-13.08691815072789,-17.074709029452784,-18.398621153155975,-18.81519199969158,2024-03-11,-8.35058642305419,0.02504485432824803,0
-3.867446887920219,-5.752656924997484,-9.451961072340001,-9.585170032291863,-10.207276915579728,-10.668976141140142,-11.937434315591927,2024-03-12,-5.367829576909746,0.19949760424222474,0
-6.21539855317333,-8.411770021027017,-11.804757367512787,-11.421132484583326,-11.289267614674873,-11.286391296809231,-11.486468960981306,2024-03-13,-7.929266563008204,0.17692234439129848,0
-6.6890088925333115,-9.226126010781954,-13.206573487155877,-12.73624577875042,-12.362551618068833,-12.193781597615516,-11.957227812650492,2024-03-14,-9.085701556139671,0.25022930278678324,0
-11.329956325869986,-12.944440498078114,-14.997997625930534,-14.10927754454654,-13.402326250508303,-13.073930822879147,-12.552020783540062,2024-03-15,-12.701268531163361,0.3751472520872242,0
-13.0536427894519,-14.581182486132645,-16.463901323734788,-15.426753075223505,-14.526102191262465,-14.088128834370917,-13.352008986416996,2024-03-16,-14.23113090784549,0.18636831599496118,0
-1.7411534011347551,-4.3721131689119845,-12.779998126106141,-13.838190923120711,-14.16617179884992,-14.165346242184812,-13.786261563167656,2024-03-17,-6.206260040757357,0.2537525819357058,0
-4.245566086221493,-6.8123766453873404,-11.769381750664843,-11.927913449874016,-12.175280952929619,-12.312641992512077,-12.485075665936849,2024-03-18,-4.664554874109376,0.07018941168198621,0
-0.2727178800559243,-0.5344735300798757,-2.591498011737896,-3.2192820900207186,-4.511410548115803,-5.416523358580544,-7.614424997218235,2024-03-19,-0.5626801432771493,0.055114263418337736,0
-3.974828946960607,-5.095690014823272,-6.836618705930541,-6.138032686913563,-5.672955822373902,-5.487939867189076,-5.336767533426043,2024-03-20,-5.112437441954041,0.3338344669096571,0
-7.924544191752177,-8.744233573643704,-9.747322209127143,-8.72609985047004,-7.917376915510993,-7.543387666799991,-6.965549078828357,2024-03-21,-8.599414002440767,0.42354681928657784,0
-4.71534182602068,-6.984866873133287,-10.672615912752736,-10.028115257114038,-9.351593436853294,-8.99553832277169,-8.340869667290319,2024-03-22,-6.713290606722575,0.10564652044420275,0
-8.849588326980253,-10.304075414324805,-12.147622124485432,-11.201738702956199,-10.390531480369171,-9.994904672580008,-9.311158699634733,2024-03-23,-10.046391857223608,0.354779639757021,0
-9.50626503665993,-11.220929240371328,-13.467469925071809,-12.482815960241078,-11.58620979860355,-11.139030332055048,-10.359104300929552,2024-03-24,-10.855391588811466,0.19993620713627208,0
-12.374870918721026,-13.545884487034094,-14.806157763231313,-13.672130420764878,-12.676949218145312,-12.187498704526277,-11.344581661604087,2024-03-25,-13.120825339358486,0.1467884778796405,0
-18.435339770055165,-17.246486455449748,-16.601610212372204,-15.18646041222719,-13.978305436454033,-13.39420015951608,-12.419066980864343,2024-03-26,-17.601026614485868,0.31359940912713113,0
-27.255883870577915,-21.786020013412575,-18.665475638120988,-16.933989120090708,-15.473533620363508,-14.773560888958833,-13.629582324555892,2024-03-27,-23.223689564269847,0.36896811006519226,0
-2.5614836780873302,-5.964915988991377,-15.122819407436252,-15.741401423597942,-15.555109237503677,-15.288028591558563,-14.48618314950055,2024-03-28,-11.800199485446068,0.0411168352764633,0
-2.7574605915951778,-5.329238332108084,-11.843469959883565,-12.568832756909043,-13.12368089176048,-13.349810585840814,-13.473212153775965,2024-03-29,-3.2526717775190366,0.07278860741230009,0
-6.548148175413885,-8.930737621930605,-12.85263613623679,-12.597946738674558,-12.512813704128613,-12.502041503388362,-12.512611074558304,2024-03-30,-8.372798730579222,0.2448703874052751,0
-0.400723349828158,-0.9757486985394139,-5.0054081253030835,-6.950814619817324,-9.051423461791337,-10.075722650444307,-11.240217136894126,2024-03-31,-1.4358420823633442,0.10506393758886032,0
-4.121488013123886,-5.540210431968385,-7.991594461440932,-7.5569356701201,-7.422729487306692,-7.431854874772336,-7.709919355519038,2024-04-01,-5.479359020592119,0.253902872822683,0
-3.8640977158361585,-5.872455858863542,-9.558476072806435,-9.15131087435432,-8.79884056625332,-8.631976470111082,-8.381655629012457,2024-04-02,-5.957883489628637,0.22265722994656972,0
-8.149989524269483,-9.551207092312156,-11.492168166879399,-10.641921106399616,-9.966782551759968,-9.652369196698505,-9.147955018890148,2024-04-03,-9.403557068455058,0.39050789844148964,0
-9.172384671727087,-10.934365547906552,-13.051861380081865,-12.095873192945596,-11.258328128949643,-10.848753328434702,-10.152911030701697,2024-04-04,-10.312245474300536,0.12983035276056615,0
-15.126146185687068,-14.809114881942616,-14.942008390017238,-13.671617774959616,-12.599681903966802,-12.084224206843512,-11.226712487492726,2024-04-05,-14.98035794144052,0.36962059301510486,0
-26.541936557659156,-20.413851813098567,-17.37381943394503,-15.675313741565153,-14.263793549484632,-13.592394957130548,-12.50712304728536,2024-04-06,-22.322699611612624,0.566595189126115,0
-47.04790970560732,-27.747502912392598,-20.185595823013458,-18.010017932423835,-16.207504585508072,-15.356099064219883,-14.006661306864032,2024-04-07,-33.230569232315666,0.6637394441831421,0
-64.48115785554945,-34.3205982516075,-22.97372914562537,-20.408582288943098,-18.261838225874286,-17.246984111992692,-15.648230970760496,2024-04-08,-31.54755581796008,0.48048969614504516,0
-83.32227060482988,-40.3165176860689,-25.78326983157445,-22.865590759101956,-20.400488922966993,-19.23146172444707,-17.395477267626614,2024-04-09,-29.465481095570354,0.45509790434401115,0
-7.94851456062085,-12.668117533654655,-22.568879610449205,-22.189651409744958,-21.01437340330242,-20.26200204462503,-18.72634293253449,2024-04-10,-21.088233296464182,0.11216496306128039,0
-10.595157200329274,-14.512991406013692,-20.778518171053108,-20.474399073227524,-19.955871299815023,-19.62129086926115,-18.794007999257897,2024-04-11,-12.936361368812607,0.24178866508735547,0
-20.154959534772733,-20.40195904657453,-22.150725717037602,-21.119100915184443,-20.217857043373016,-19.770996194967484,-18.96096210948654,2024-04-12,-20.944054435969527,0.4946066350292625,0
-38.854129346136595,-28.671698857468225,-24.81839228021694,-23.04272898280308,-21.577877979640082,-20.885937307961687,-19.77538562264338,2024-04-13,-32.87455974270603,0.6019505328127368,0
-76.03926571958985,-40.129120402149695,-28.48919155549891,-25.87406736531457,-23.727426162972126,-22.723697433706903,-21.173275204885,2024-04-14,-50.350188120891104,0.7528128003331545,0
-132.6147379634164,-54.88871321583516,-33.22976459233962,-29.610516974252885,-26.617944258417438,-25.224244834978833,-23.116888474058022,2024-04-15,-51.47975583638693,0.822052835692433,0
-144.40633674984616,-58.87541516410596,-36.20130987352296,-32.39086012853195,-29.11693677299558,-27.558604304963485,-25.137912463927684,2024-04-16,-38.65357765151866,0.41377084771900025,0
-129.07823437239148,-58.82672949875944,-38.34819160418973,-34.55815067209917,-31.214907958568475,-29.5999450256551,-27.038348644204913,2024-04-17,-37.360441167812205,0.29467977670038026,0
-70.77398062585225,-46.72642062771499,-38.7109470124363,-35.633379003602926,-32.658368547734185,-31.162820210720003,-28.67764661535533,2024-04-18,-36.89878916158074,0.17795993995249565,0
-60.56533326591827,-45.772090873153005,-39.42659788167535,-36.58952541083984,-33.8362899616995,-32.444084144526784,-30.08877331476717,2024-04-19,-40.044486946879374,0.2617051149178476,0
-24.298902582787395,-29.51153644830678,-37.277900300953796,-35.96960023180036,-34.13469619882833,-33.090799472090765,-31.10795761228598,2024-04-20,-34.27572936444926,0.09037714362633126,0
-33.67088465144055,-33.83787886734437,-36.422378275505764,-35.14845741359173,-33.76446518809017,-33.00763525988568,-31.518590536663076,2024-04-21,-34.599582349200666,0.24848705530390203,0
-31.14465991527237,-34.02867225702386,-36.5040865762111,-35.19454085100046,-33.862775004593395,-33.16302058486029,-31.85970355708337,2024-04-22,-32.59991012998883,0.0916517307149127,0
-41.160745449571074,-37.953683950391415,-37.145768857247425,-35.62796938187485,-34.241015654137385,-33.542545431947005,-32.30165461377447,2024-04-23,-40.71599407819871,0.13711233532304468,0
-58.51881696863882,-45.128478252032714,-39.26233995421894,-37.16374835748281,-35.36389849074256,-34.49578937143062,-33.07108527494917,2024-04-24,-48.60572568769032,0.27382567837109967,0
-73.672021047578,-52.475113776538734,-42.03182092548185,-39.353510390951875,-37.06448777391399,-35.971006555379745,-34.23431789989731,2024-04-25,-46.08420079520836,0.25350589004367663,0
-104.63259722336745,-63.513921989333184,-46.205241600228305,-42.647205400218354,-39.603087729559974,-38.159793810514756,-35.92752531570068,2024-04-26,-56.9555629518845,0.48063668153971106,0
-135.1664633983727,-74.50300948197162,-50.741382035807696,-46.3783530906895,-42.600556414765705,-40.8043549996799,-38.04054114796472,2024-04-27,-55.64132257441041,0.47674833252045873,0
-165.45912464878853,-86.99890072194748,-56.27244553059865,-50.90959676906541,-46.2240084508964,-43.99769936883638,-40.60475115333111,2024-04-28,-61.57660276935556,0.5803448144226935,0
-175.6015821863266,-88.82978047875888,-59.032895601513324,-53.83109957619801,-49.0866262817965,-46.77153588111359,-43.111530216214774,2024-04-29,-56.36207688618134,0.3200473144100703,0
-217.85722483497807,-106.4781309565953,-66.36206769301045,-59.49267637504084,-53.42084997558415,-50.53307232079972,-46.15475453889229,2024-04-30,-72.35281048785782,0.694418778074458,0
-252.16608494151947,-119.41712964400777,-74.4084450881654,-66.2223278175857,-58.831692067487516,-55.2987134790314,-49.97871435202856,2024-05-01,-75.90542915738679,0.7395143443182637,0
-276.31143743877743,-128.12830913300445,-81.03550689669726,-72.1536610802897,-63.981458187530656,-60.03317072097425,-54.012860560925006,2024-05-02,-77.72747584366546,0.6280054404823716,0
-122.83876455384056,-87.53616383476141,-79.93150064250125,-73.65244106973726,-66.72975494814122,-63.14887495339525,-57.29169482746559,2024-05-03,-74.40267937195105,0.3445466948781373,0
-90.71237204650079,-79.59966811180689,-77.23215652069986,-72.720627527186,-67.4211040290127,-64.5639059907347,-59.52576945932481,2024-05-04,-74.43947073561542,0.2748447979600448,0
-154.7902000673536,-105.06311464282493,-81.52729934508893,-75.56643850310144,-69.72376835571517,-66.77072534805342,-61.84176410485488,2024-05-05,-111.47454397991334,0.7256434983659472,0
-188.181114673687,-122.01815704322885,-89.51611256524708,-81.71956008096743,-74.37403780012244,-70.77877957561736,-65.13915141987798,2024-05-06,-93.86685309230619,0.6258800385761198,0
-1.5738591349913111,-8.551976870838526,-50.54188975973687,-64.41055465450323,-69.13411653963928,-69.42069308809957,-66.5099181399794,2024-05-07,-58.01384024187231,0.09631733049794955,0
-0.24343783956446882,-0.5269667732862995,-3.5482345650309832,-6.735019143832554,-16.003381736273674,-23.255898099198706,-40.76694334057486,2024-05-08,-0.38995801178183537,0.03211397865176675,0
-4.867395072179814,-6.354548713451862,-9.238444701029138,-9.316916543281895,-10.378215890779513,-11.263085891777074,-14.795518271461127,2024-05-09,-6.798928818394771,0.7987287079401847,0
-12.345340343355195,-12.696971465803104,-14.13342030721509,-13.580253524492226,-13.70595761425097,-13.968225565394107,-15.282575824169593,2024-05-10,-13.2749433562465,1.0152277211304042,0
-27.566928862113514,-21.432526568563535,-18.98727803905208,-17.695795946670753,-16.99740566549345,-16.78811768465124,-16.89206276808953,2024-05-11,-23.874003175185415,1.0878160260438234,0
-59.65771639026279,-33.38106470549213,-24.008634701504324,-21.822669354760563,-20.236980581962158,-19.560891946176206,-18.72083255495615,2024-05-12,-42.51000728937294,1.12744413020802,0
-30.763628343617828,-26.12672191885243,-26.617341249507394,-24.68803811223567,-22.86011732573607,-21.96623076161289,-20.568851507724382,2024-05-13,-27.12187940743525,0.8024953933196418,0
-26.408378295568117,-25.30790101606277,-27.391925064555814,-25.8020637489939,-24.17380009971409,-23.335024778680435,-21.883517534083392,2024-05-14,-26.51847145939051,0.6356436261981379,0
-53.775421275711714,-37.098209163412065,-30.15508371619279,-27.783297797270716,-25.72261334740873,-24.726938683401062,-23.104267527320932,2024-05-15,-43.176511010221496,0.8745573461168936,0
-75.75165501455695,-45.992038706284674,-33.5394318829439,-30.5072794397917,-27.894047954297548,-26.64549863627347,-24.67760502650496,2024-05-16,-47.531000894029276,0.6780931125091145,0
-2.6275733856385046,-7.54912375511894,-24.42188307856356,-26.892039882064875,-27.219003802585465,-26.934421154776857,-25.668684402137938,2024-05-17,-21.063227342839447,0.1853795631752826,0
-9.539865651079806,-13.84460450996988,-22.27185033898982,-23.028891290190007,-23.7062582453852,-23.997696431415754,-24.119301711139727,2024-05-18,-14.451850556098677,1.1069736618299326,0
-20.531562426792775,-21.963374592412777,-25.204170667224332,-24.506732217932548,-24.04125610350871,-23.84860531252355,-23.557882394340613,2024-05-19,-22.463658786488452,0.9410687425500488,0
-46.19983013811359,-34.28279628821752,-29.545918819736855,-27.615785271591584,-26.111975655383958,-25.4346410064981,-24.452151063886483,2024-05-20,-39.162451708259276,1.0922739074285652,0
-79.23330488777084,-46.8660227205552,-33.87784444073831,-31.02629449442495,-28.70398598345227,-27.63027876886684,-26.023886696054095,2024-05-21,-52.89341864188018,0.7856528548489766,0
-20.534540334353107,-24.59697221820597,-34.14019312105825,-32.77518247124243,-30.811772429454418,-29.72459213992073,-27.81861819212924,2024-05-22,-28.736866697971564,0.6976713496950075,0
-41.232997443744146,-35.99807427400758,-35.44157874112505,-33.51713506415197,-31.621204383869323,-30.645775557503747,-28.91433578371384,2024-05-23,-38.97403250129123,0.9814661147879481,0
-10.634328538494502,-17.22920848943496,-31.795767754692633,-32.23927195424565,-31.576063522640528,-31.014096124903023,-29.645826830115197,2024-05-24,-20.92048511715516,0.3936684026406165,0
-19.634344114951812,-24.13573733988145,-31.282365942345567,-30.984958232803688,-30.520177671028605,-30.22003909170037,-29.4418938824143,2024-05-25,-23.547924294319625,0.7108393544125124,0
-40.54458510468396,-35.513873587890174,-34.7683274901294,-33.12585659718155,-31.714099879509444,-31.036101573266876,-29.916270117402245,2024-05-26,-38.34473824621328,1.0296345801854372,0
-80.61798793372611,-51.70700109476432,-39.666156037605155,-36.70549892665976,-34.24304289053293,-33.093136000023065,-31.34255096588855,2024-05-27,-60.65353368226569,0.9901134203510192,0
-5.565792567342417,-12.532376743154039,-32.75237946428239,-34.76737920579499,-34.62574291931695,-34.13421212141826,-32.65970510527859,2024-05-28,-25.983483546956037,0.40873328509633866,0
-16.957966575607614,-22.136218617443753,-31.72261549417712,-32.150965944240006,-32.352400803526685,-32.364747930467544,-31.967532661481574,2024-05-29,-22.48424846156376,1.2331346755204242,0
-24.383624987682786,-27.54535909356928,-33.29487470982988,-32.7879322872932,-32.309167680526734,-32.06206447924316,-31.55799203806569,2024-05-30,-27.611719024431316,0.6134434915533248,0
-3.977997030504008,-9.520399496550572,-26.897613264959602,-29.822683353922677,-31.17972541487031,-31.529473428263422,-31.44295974978621,2024-05-31,-13.33621326814151,0.5826496396258096,0
-6.4590152791868585,-11.625603639754136,-22.931416825305206,-24.907663839413992,-26.78457029181269,-27.69340004199547,-28.896009702399624,2024-06-01,-7.226982070104339,0.20194956401633923,0
-16.99428626086413,-20.178281616666045,-26.057098483535903,-26.11873946521344,-26.510840243624305,-26.789773777638597,-27.40797886854035,2024-06-02,-20.72050201800646,1.121170674631344,0
-9.257504450061225,-14.63909780976979,-25.526766069599365,-26.26963791897471,-26.719264766652497,-26.900137788903653,-27.144207145305785,2024-06-03,-15.268351011759783,0.36359576040712566,0
-21.451715076416843,-23.62816860190348,-27.97010819623579,-27.472919363023077,-27.206073198107077,-27.117893499982937,-27.03668795492168,2024-06-04,-24.08965750058714,1.007079306563066,0
-55.81447116452281,-39.537399829477835,-33.59855099723906,-31.452774337145645,-29.816300879237048,-29.096407247251932,-28.116331353873505,2024-06-05,-46.65020405001541,1.4032374144712993,0
-146.13359873590926,-64.83506002500474,-41.1585414443051,-37.12833741283781,-33.9024181441286,-32.44322737004427,-30.373455535578408,2024-06-06,-90.4425621960648,1.444372297070996,0
-74.9339791477301,-53.24660327438449,-45.92670975146742,-41.80882473213771,-37.90587463504487,-36.01384915211171,-33.13167537139346,2024-06-07,-46.370125553677504,0.8629445141769254,0
-87.63039348011137,-60.07746202865699,-49.237977366069565,-44.97780387412562,-40.88942959828782,-38.86912986577902,-35.65634144532984,2024-06-08,-62.19568348008394,0.9851103904724058,0
-83.5962665809147,-62.0059726459203,-51.212609764796525,-47.10947598236793,-43.10149829459297,-41.09348486840254,-37.81545026044662,2024-06-09,-53.972012474894726,0.5354419244902774,0
-39.52324662704265,-41.75171763406553,-50.519298905346716,-48.02144175690394,-44.73544540494533,-42.93609741209837,-39.77064923300414,2024-06-10,-44.95744606192803,0.6105373777973011,0
-43.93411523992561,-43.38605855724436,-49.944724240464666,-47.93826638010544,-45.32888212273902,-43.87066527006409,-41.14491059263179,2024-06-11,-46.181104894872746,0.8728482501348487,0
-52.256321453596335,-50.949289326679896,-49.04938144434863,-47.02402380721413,-44.92809400409191,-43.80950562670149,-41.69511917789587,2024-06-12,-51.10174645539181,0.1815796731426368,0
-108.7711850429733,-70.97604253902428,-55.12132150692278,-51.16208077952402,-47.65690124991786,-45.97102767291457,-43.30255058011904,2024-06-13,-84.33171816120161,1.0587916106226312,0
-234.19352845933946,-113.50431476462207,-67.54907181564928,-60.09584078056989,-53.82052176705035,-50.92929769877019,-46.755281411397696,2024-06-14,-115.87872535988082,1.3965387899225268,0
-116.65398789328499,-79.11726020319445,-69.010925667868,-63.3728392455386,-57.57857737681557,-54.66731194681166,-50.06451327389041,2024-06-15,-65.08507856430006,0.41451266274228077,0
-3.3944296607959314,-11.705829175604633,-47.308825935744466,-54.51085768757852,-55.6851121293485,-55.01471223079994,-51.965182986813794,2024-06-16,-37.42311853297647,0.44364240605498717,0
-12.061962401989302,-20.629179264083827,-39.73905692970953,-43.48080754727536,-46.55711794928753,-47.849512463432134,-48.648556913186084,2024-06-17,-20.43798886576807,1.199735211889919,0
-33.840554101631135,-37.19564789988287,-45.24943959670264,-45.38177289422601,-45.79395138286515,-46.05820441248234,-46.438790621286515,2024-06-18,-38.41777814772472,1.3917324918988472,0
-100.11287651751978,-64.81690502332354,-54.076343447481804,-51.31433193815028,-49.300399971836825,-48.45133771374756,-47.39156157994516,2024-06-19,-82.83252761664912,1.4136875758898924,0
-197.20945361466838,-102.1294824627965,-67.55885134341106,-61.266715013856306,-56.173961626603635,-53.89566938945335,-50.81634309031748,2024-06-20,-108.54142135642708,1.4060311724700556,0
-67.67971549522218,-60.47525173467689,-66.39349752500073,-63.139311803844805,-59.20838214059697,-57.13059223689561,-53.70558231459581,2024-06-21,-63.0182101831898,0.2516382654656827,0
-1.0590413096266857,-6.007398266875251,-36.43004137752906,-47.719829633031424,-53.1504704113934,-54.45236802681452,-53.83205974359746,2024-06-22,-20.14203149711177,0.07582661685996553,0
-1.2343517330319336,-3.6091776130519375,-15.625583856882521,-22.45514507263442,-30.95873308467982,-35.652778450034795,-42.799782140612685,2024-06-23,-3.6121702796017816,0.4630364606437586,0
-5.911510405948781,-9.522429724782413,-17.613451661849485,-19.680240790676976,-23.08040340180966,-25.248104274795892,-30.440695751246942,2024-06-24,-10.105120616404921,0.7963914147870516,0
-17.70967043469415,-19.418894555724247,-23.679318564891776,-23.857637157176704,-24.93863505283329,-25.75982343854717,-28.16236299427658,2024-06-25,-20.575183665114032,1.4471087122345194,0
-42.54284074190443,-33.26581992544721,-30.218953576037087,-28.9634051154195,-28.52041168300913,-28.50758650800139,-29.154096140527194,2024-06-26,-37.629419240090925,1.2634402480192783,0
-69.72801306201269,-46.12901638252267,-36.06720596632322,-33.763279959510236,-32.19123623114829,-31.565780338825668,-30.970641951139886,2024-06-27,-51.60168224385491,0.8473708949076573,0
-201.6940952628946,-79.18804151480919,-46.46155580635417,-41.58383169300694,-37.809602345613015,-36.15384692930916,-33.97513739629161,2024-06-28,-117.04147852127718,1.722129561497572,0
-378.4579585893916,-137.47940616313016,-62.500514653984624,-53.35972641515433,-46.110734956132596,-42.90171083230492,-38.590361246768346,2024-06-29,-87.40120183939688,1.717955093416991,0
-318.7325822779191,-115.48867239622257,-67.55626965618025,-59.27104078928278,-51.7870869568382,-48.22538830894291,-42.97536690693963,2024-06-30,-62.92621860606183,0.6760349905744344,0
-349.4756276902176,-125.965839654261,-74.37238936883804,-65.18598987037325,-56.89766079645128,-52.94492520924996,-47.04458212585593,2024-07-01,-71.51220248862907,0.7312416913001039,0
-152.9737324384362,-98.16833868992518,-81.63978491630964,-72.21133649798809,-62.90818509330512,-58.373342580286725,-51.570339058481814,2024-07-02,-78.76541051389717,0.9573521201833083,0
-270.38056799283066,-158.11955866236258,-92.96477285196751,-80.74076571135839,-69.65272413443519,-64.37720078820183,-56.57743911077098,2024-07-03,-116.0089523658744,1.2424643764080776,0
-246.38628432960297,-140.72695145327282,-98.34980168277407,-86.70406915307593,-75.38950144039846,-69.85724077646971,-61.48361405470706,2024-07-04,-90.74778910653137,0.6584567612204604,0
-425.46332850616005,-239.5310371116757,-125.65937467015063,-105.19955110857269,-87.71140594223792,-79.73636885759315,-68.69427493549983,2024-07-05,-149.9760224889536,1.5895984665902558,0
-617.799965014558,-298.51337083367207,-171.3903640345533,-136.8117278817594,-108.24637982509314,-95.7029082888739,-79.55393724028994,2024-07-06,-158.56997458964287,1.6733480564723058,0
-2.347421574604523,-13.592300460355899,-92.09186698277034,-112.67828519727702,-108.83165099832182,-102.19959890042767,-87.73811454981366,2024-07-07,-97.67156768563018,0.6058724556874411,0
-7.901003100602047,-19.43820682879423,-56.72832285216409,-69.00456647628442,-78.24283558151188,-81.594669539225,-81.33146167462088,2024-07-08,-14.005992540961877,1.1124722297285095,0
-27.151749467381812,-38.1130750433476,-60.83229508444646,-64.83963779478141,-68.81878908270716,-70.758762044682,-72.84651234770672,2024-07-09,-37.770143524079664,1.483901102594001,0
-100.71722235516174,-77.38408908391769,-74.51611166145699,-72.69137795948122,-71.78879501332574,-71.55286253630557,-71.48853556920017,2024-07-10,-93.4903553580526,1.7566033023338377,0
-128.72595568291305,-97.32243941426121,-88.0971604695392,-83.18048541842899,-78.91438641686929,-76.98123511853764,-74.42778779327047,2024-07-11,-102.83421447257047,1.160668065223716,0
-288.3051997526058,-162.75556198537342,-108.51674293439609,-98.15558702824907,-89.43919589713228,-85.47745919103598,-80.04135458134286,2024-07-12,-171.56529340691128,1.427459609253959,0
-0.264792762043893,-3.9459733432849897,-48.171657922845746,-72.34908988293995,-82.92021097066464,-84.85230472779163,-82.64547798356512,2024-07-13,-62.03473912544288,0.17701943264580824,0
-6.222521305954079,-12.335113576025394,-30.519431496496804,-38.39798999856981,-49.200422452133324,-55.4736883616686,-65.81109140822115,2024-07-14,-12.260872201294802,1.2226982400503656,0
-18.242632785629027,-24.759339398684645,-37.9327845551956,-40.99109331660354,-45.65990272852501,-48.54017250507807,-54.9585036977917,2024-07-15,-25.72421689021159,1.2646376707236895,0
-0.4329598788131085,-2.434520894463396,-20.445975736295484,-31.529990994219943,-40.85927129488755,-45.07660746816636,-51.244911756929774,2024-07-16,-9.667886780536591,1.0740609782054291,0
-4.051911708583589,-7.489932041872808,-17.361204711787856,-20.770777122992374,-26.10065713384769,-29.467373893105822,-37.324778782454565,2024-07-17,-9.871311644287449,1.302181916326335,0
-13.057042419303418,-16.472319488909434,-23.165555311260565,-24.228766938141117,-26.479770666594963,-28.007488498733423,-32.14185407158289,2024-07-18,-17.653145721215587,1.374931029721177,0
-35.64427029893843,-30.744979170325923,-30.604468829925473,-29.941536378673366,-30.274185570906962,-30.725859922806148,-32.493436692986684,2024-07-19,-34.022067511896566,1.461438792124007,0
-94.46927785224509,-53.531374975482755,-39.536316768642656,-36.949450503564464,-35.40504169951806,-34.88212589738505,-34.75191484163156,2024-07-20,-69.71728497593776,1.5072157968322766,0
-262.8983122685804,-97.76263553386576,-53.0530592369935,-47.17151250416677,-42.76377744228675,-40.8859715093043,-38.60139644506841,2024-07-21,-128.1235786005996,1.811161568556268,0
-24.492763751784867,-31.631037437773884,-50.8029442864326,-49.390504709602865,-46.45438988852961,-44.75965682089269,-41.887019270327144,2024-07-22,-47.32661595259811,0.47773090105773314,0
-71.36555706688551,-56.79635644796013,-53.26251708450369,-50.47582352404505,-47.6695746749431,-46.2151310482307,-43.644618548523134,2024-07-23,-65.20964943063629,1.358409010006345,0
-180.2063739894392,-93.7666995297256,-62.84778798565904,-57.06901604419499,-52.08632215180569,-49.74228851547494,-46.20285480189926,2024-07-24,-117.70137989027388,1.404423129580618,0
-316.07715053090027,-155.11365346758296,-80.88196643632438,-69.92376168766414,-60.84895308282007,-56.74011998221027,-51.01966897126311,2024-07-25,-104.4611383430728,1.482103020116245,0
-463.20407759042774,-209.30067196506752,-105.5914183479188,-87.96129935946047,-73.36257232850322,-66.83819846974721,-58.077391124617556,2024-07-26,-115.49830297152026,1.5460465399963623,0
-634.3222569155455,-266.8909398620923,-138.76008182994374,-111.99530461867688,-89.86985809906423,-80.09822715942134,-67.3733037953159,2024-07-27,-137.20316557536012,1.6357949748386291,0
-860.1117069635436,-342.32873523640615,-186.86592465852218,-145.74896659365572,-112.2179259848409,-97.67423512613784,-79.45934154423509,2024-07-28,-172.52164346223532,1.7719829629506028,0
-964.120079964702,-396.76924747987454,-250.55572149366193,-190.96937789591445,-141.77005652023325,-120.60722268258064,-94.96057824548376,2024-07-29,-212.06957103765268,1.7864842043618032,0
-1187.3749538612813,-505.2565494703775,-332.9510284809874,-250.22923428281638,-180.40128855905465,-150.30532964471843,-114.70866870878446,2024-07-30,-270.9130364956009,1.8105288057187254,0
-1481.874812815968,-622.6660565747976,-464.1508368929898,-342.2695161412676,-237.30570030090612,-192.34981329557854,-141.29477962255754,2024-07-31,-352.0042100230531,1.9246118476802172,0
-341.8209486789327,-321.7682274689598,-495.84311125766516,-406.3054657304586,-293.02851081718313,-238.04342948000655,-171.95276939650253,2024-08-01,-358.2759694392313,1.4570516812425498,0
-177.08701200852718,-262.95187942354255,-363.98064702872375,-329.6885340152862,-273.26597962449836,-240.24011610234243,-186.6088585934049,2024-08-02,-218.96591880594593,0.7915662511384203,0
-114.92658223541339,-156.30210071547955,-283.54560057420827,-275.02138628610453,-245.49790222516447,-226.49458660561316,-189.35585866145638,2024-08-03,-126.01399574343161,0.9902204890348985,0
-497.026184377468,-333.7969433202577,-257.07854358109734,-243.9447354408212,-224.8683210306388,-213.25463606123213,-188.34729910392718,2024-08-04,-492.38184106257125,1.4076134646343625,0
-669.9880783892949,-502.91658875089485,-376.42742440072385,-315.22251285002625,-262.1949439881496,-237.9625402205705,-203.2656216545665,2024-08-05,-351.1670062977155,1.3426622645208182,0
-885.6955287697393,-610.9102213504367,-522.3554072436986,-429.9535513437874,-337.9976650083987,-294.79148591851646,-237.75444942641204,2024-08-06,-432.5843733858243,1.4654234009577976,0
-1156.457719759515,-891.4865513549319,-739.1890925614175,-600.4181414027639,-454.23645249814274,-383.58006697841853,-292.12245091181956,2024-08-07,-583.080791531447,1.6554877973065731,0
-1144.2691955334149,-795.9179821688499,-761.1730232144052,-706.9186787681176,-572.6029645240706,-488.82918865761275,-361.6669350212117,2024-08-08,-557.2085397691503,1.0830778608374758,0
-1373.2492394421076,-1049.0565551540865,-928.9173406556619,-804.2838961895092,-655.9012687276495,-572.2690363211796,-428.69731147233716,2024-08-09,-705.8333938162899,1.1265956111399893,0
-1622.1150933240406,-1025.5615411803228,-864.5661913370153,-815.8913773503116,-714.0479069867416,-641.5226152814964,-491.4282100714944,2024-08-10,-605.0963215612969,0.6191412108704786,0
-1880.0126332919806,-1054.9718362814494,-891.6852764804769,-846.8233682120406,-750.0549673089881,-685.8375799968802,-542.7028283033359,2024-08-11,-668.6248964637978,0.5945255630196744,0
-2173.9052710930355,-1098.3651804210183,-880.1442324607681,-848.4360124389503,-774.1288030708197,-720.2560828959794,-586.702209408307,2024-08-12,-666.6461993708982,0.45357994959157055,0
-260.50531032182704,-368.3432416237234,-817.6098965220398,-832.1698715793142,-773.456375600331,-727.1311287298445,-609.9328678487603,2024-08-13,-689.0252657652393,0.352652579859309,0
-1979.554211891566,-942.1511708087749,-753.5239603706066,-743.6764732378869,-698.7422902668459,-664.5343718335804,-580.2570537120216,2024-08-14,-2042.1007285288342,1.6579921747057509,0
-1009.198159664489,-890.8548707815899,-968.826003404371,-869.1247501700888,-769.4127046396002,-718.7527161761858,-622.7835684544381,2024-08-15,-847.1274772408433,0.7645619391755414,0
-1335.2981959240492,-1074.2690774831183,-908.9567075224816,-878.9430028433603,-825.7549305226655,-785.233272126378,-681.037455689442,2024-08-16,-877.1409376853863,0.44910128276121286,0
-1603.7553958056594,-1100.8092077126676,-906.2699873075468,-883.9981635184521,-839.1672849287547,-807.7686584720572,-718.2237060859803,2024-08-17,-754.497931646616,0.2600566982355125,0
-0.0,-4.330671953478475,-191.61030738539478,-530.3894074968227,-725.900628036361,-760.9812735229945,-711.8217208371682,2024-08-18,-693.3013323233856,0.09797791008124866,0
-1.3922008167327613,-5.757173484045344,-39.28776404229066,-87.75973307793005,-219.36354598161196,-319.87921123983085,-510.02540196934586,2024-08-19,-2.385267624663112,0.28426905161190563,0
-7.413181889892011,-16.21647789285419,-45.75056169249678,-65.5292247349187,-110.00620476412988,-142.9520105175526,-250.05214710358553,2024-08-20,-16.386588641744005,1.0450246957598206,0
-20.77562817853233,-33.033334076576814,-62.36255679163578,-75.71091692034422,-101.42058677582126,-119.33318769823059,-176.65803094602003,2024-08-21,-32.58907887727354,1.1348690838215345,0
-51.562588811390825,-59.26320674803332,-81.30012749215476,-90.53902470779488,-108.49133431222533,-120.81933806339853,-158.69899593273755,2024-08-22,-60.05511815317946,1.0069868748476827,0
-127.24139004984808,-104.57397279737947,-106.14490383059207,-110.65204889880344,-122.37801599281839,-130.79940031921652,-157.19799047569086,2024-08-23,-122.81342651376542,1.102529179302504,0
-300.0993296614074,-191.2210638514842,-146.06721179195617,-142.4188274041891,-145.8179638866663,-149.76836187778974,-165.7347042413793,2024-08-24,-219.85694613894503,1.2907812624821573,0
-420.07848084867567,-311.3665231393331,-216.7316383777195,-196.75189833651987,-185.18945995887836,-181.93720464598033,-185.24506811151414,2024-08-25,-238.18393491303783,1.3219013990696253,0
-118.04836908342284,-149.2719136707312,-233.75261681773128,-226.56873487165527,-215.2302469840682,-209.73096801936148,-205.1217647529133,2024-08-26,-222.42752482639617,0.5515778046359474,0
-316.8530381224285,-255.50521648890424,-222.95591675133554,-220.17985591421953,-217.43612677850297,-215.86959501096757,-213.29434388878735,2024-08-27,-315.0244176250644,0.9672208531174822,0
-550.0664374487591,-446.830162887346,-315.6726433695903,-280.9049502935622,-254.11984555365666,-242.89359265074455,-229.63782206089044,2024-08-28,-355.8697755303318,1.284149639965288,0
-710.6964279225443,-543.4100823048145,-467.78298497282714,-394.02034590569065,-329.3238891774403,-300.6359121115602,-264.8520987426033,2024-08-29,-412.9464234743613,1.3219769317266272,0
-1011.8765454714003,-774.9204640264074,-605.6021579314655,-519.9343565232163,-425.98991449579313,-379.46790051891475,-315.98832368547767,2024-08-30,-543.09621815775,1.3435213610251853,0
-1235.4275844571498,-887.630632836494,-843.3802065349032,-712.8980644693379,-564.4765016600746,-489.83000118641104,-386.56265381849767,2024-08-31,-661.8457207158476,1.360560538026962,0
-1445.3474722668652,-926.3039033678181,-813.377583247482,-780.5222472235215,-675.0941104661621,-601.0773294970992,-467.6192809129731,2024-09-01,-619.96731340808,0.7773211424978584,0
-1629.5291795775502,-993.6011695903178,-920.8239206518286,-837.7658069014363,-726.8018184570011,-661.5371069250342,-529.2199205923547,2024-09-02,-713.5025536159872,0.712323825765179,0
-1745.4715473841738,-1047.600736521632,-870.5580219677836,-831.0645765902012,-756.6005785290147,-703.3382755392128,-577.5588778275044,2024-09-03,-649.7184008871686,0.4028734415983296,0
-1846.4109674568822,-1082.4592840560374,-892.1959403893877,-858.0367254571539,-785.078369610355,-736.2758471523061,-620.3481194721188,2024-09-04,-703.8657470112304,0.4403732936858259,0
-1028.9869203453775,-814.5674270601384,-867.4488724409026,-848.9154609832865,-793.8484548492548,-753.5270861255019,-648.3391490611618,2024-09-05,-702.928544958182,0.28478321520424155,0
-4.547372712375345,-38.546915591251015,-444.088585881172,-673.2942666080748,-738.2498530352105,-730.8228405136588,-653.4595456986902,2024-09-06,-445.23786558759775,0.26215245794853603,0
-13.62189437974753,-57.07556119814644,-274.9296003844091,-408.8837210925547,-532.3906787393736,-582.9978126110242,-592.9054258253074,2024-09-07,-19.054335321376513,0.977789908749492,0
-38.61736515612329,-88.6559790253837,-252.32688746026614,-329.12361495241583,-415.804339512387,-460.3598221147404,-510.33577245163684,2024-09-08,-43.38810103814055,0.9239604851283314,0
-0.19995282978704032,-1.2418159496851036,-34.34764294732571,-135.84244149849187,-285.133454845696,-358.08900654715467,-438.7781977262763,2024-09-09,-0.35264764903472695,0.1329226264774383,0
-0.967671066496982,-2.9388574956726843,-14.78986740169833,-26.466811540845463,-60.46903846111877,-88.19773102448961,-192.3706851023865,2024-09-10,-2.28283316059923,0.12470230233039853,0
-5.508520807192247,-9.661801359786406,-20.761427303657214,-26.30906797456153,-39.03484797180641,-48.50956385337262,-85.54626081622267,2024-09-11,-10.7580136840176,0.7168253695615749,0
-4.557783998066766,-9.637031753857901,-24.16930900043352,-29.729540300554113,-39.25150288974355,-45.70189920717644,-66.9376349690052,2024-09-12,-8.794017615650846,0.1887480091442384,0
-9.0994993143708,-15.126627143356668,-28.151805462092685,-32.386553738267324,-39.76092782368597,-44.69106094455293,-59.688589586517445,2024-09-13,-13.674771057485145,0.401031388456636,0
-11.77841999764391,-18.605794229763877,-32.091951667419956,-35.73545685724685,-41.659657056362605,-45.506239770623516,-56.36133234813427,2024-09-14,-13.528014857654366,0.2041471511268202,0
-18.82111646813576,-25.500940973036847,-36.85164345177632,-39.44802086591918,-43.89169540731304,-46.78542491738635,-54.6187777096422,2024-09-15,-22.70368889157571,0.3476537234180094,0
-31.995751941071223,-35.84390646737929,-43.19799204379489,-44.46928627741273,-47.24486600983,-49.13587989824451,-54.326833982126594,2024-09-16,-36.084308317174916,0.5936875897027458,0
-43.107154262162325,-44.33052400148685,-48.18514995015294,-48.60867104398509,-50.22652865193847,-51.401624658150126,-54.70646273407835,2024-09-17,-44.729250646233915,0.2665522052171566,0
-69.99641945875935,-59.21225350906551,-55.44167582988107,-54.308478035647084,-54.26861304273382,-54.547948126357646,-55.99218195113089,2024-09-18,-64.38399602998769,0.6608111354461459,0
-103.8137962087491,-76.81135479538555,-63.334325903369034,-60.62506029384547,-58.943444320512505,-58.35332632028217,-58.123557639906124,2024-09-19,-81.21770348352388,0.6329032044874873,0
-130.58338216210603,-92.82523790533146,-71.31371259639367,-67.16549407322222,-63.95918380157212,-62.566853728379215,-60.864949382326415,2024-09-20,-81.33140171421422,0.5004138943883198,0
-160.7396022967117,-109.87921633268681,-80.23278584220087,-74.46254022342204,-69.60226699829315,-67.36893551100695,-64.24233793665148,2024-09-21,-87.19851049905375,0.5541783235172411,0
-194.28403741626474,-128.54771740953143,-90.24743238144663,-82.66301593025162,-75.99706199000018,-72.86430513192094,-68.29592918302299,2024-09-22,-96.12130874372062,0.618145413510713,0
-139.81424749740228,-110.5612920066119,-96.47217941797204,-89.13087916560787,-81.78306532232273,-78.14792699835269,-72.54828906184247,2024-09-23,-94.04381195440217,0.5271573160417438,0
-43.254681227225724,-57.58055828171057,-85.7510629175106,-84.87809979847874,-81.41964215104389,-79.17211127185328,-74.70269540529615,2024-09-24,-81.3220216292774,0.05611587927499356,0
-65.88414847536232,-72.03412754499439,-81.59701899453151,-80.64995953368673,-78.85333472372466,-77.67458521157899,-74.88391935671633,2024-09-25,-68.66935030356268,0.43420910113036737,0
-51.38202698150674,-61.4162447446885,-79.56922109082426,-79.31122029505752,-77.95578837282531,-77.02418691504816,-74.87301039235057,2024-09-26,-60.4525517587407,0.32084832016484477,0
-0.13114273099431262,-0.29397914420571974,-2.7016912308189127,-6.996592520230542,-23.699490380348166,-37.4032155037812,-60.51545822848726,2024-09-27,-0.27039405747811307,0.037457075724048126,0
-3.4029674020443355,-5.067002790740063,-8.456948093113475,-8.785956574385935,-10.22790986925255,-11.377374374524933,-16.00040242307659,2024-09-28,-5.258820784575954,0.237896682293632,0
-5.031048220154399,-7.425267000240315,-11.656555071281556,-11.792557286214313,-12.528673463422873,-13.106379217333199,-15.144019029394675,2024-09-29,-7.293299243324253,0.18627192581881902,0
-8.83160912731653,-11.237416337108774,-14.630552749309144,-14.331902289844496,-14.489066492542142,-14.699954921268544,-15.580549143736414,2024-09-30,-11.159041107789061,0.4223428853020048,0
-14.132499990732114,-15.643435184967725,-17.577133970057016,-16.801264381156802,-16.385697900681905,-16.262252631698868,-16.315699530227803,2024-10-01,-15.55111369540572,0.5073032530626252,0
-0.5198418889431218,-1.8583588241288913,-10.124303258622211,-13.065012396113355,-14.972693425943588,-15.668768034941632,-16.232305964010518,2024-10-02,-1.418996012416263,0.02414082956934116,0
-0.2970628554726278,-0.5732864218840967,-2.514992642192724,-2.839952648886365,-3.5808118581984836,-4.1296141280690035,-6.003728628340069,2024-10-03,-1.1958837135395528,0.2384369415494082,0
-3.3845773716564227,-4.616001086354572,-6.521085703423064,-5.858513656275212,-5.3985473668432835,-5.209178609340417,-5.0286676733113715,2024-10-04,-4.404246141577847,0.12216939172010341,0
-6.0723218785828,-7.484978250828704,-9.135910415352775,-8.236938100953076,-7.510397806623541,-7.170417237830405,-6.633507418060477,2024-10-05,-7.191821856494473,0.24176472349423653,0
-9.348050930676779,-10.424312721391486,-11.385152654405548,-10.26327383897501,-9.32294511123775,-8.873181057570475,-8.134209988161112,2024-10-06,-10.070174486917745,0.36779305306926474,0
-11.312623442764515,-12.35581255998807,-13.12800578069804,-11.917467085373364,-10.870610048855852,-10.361612454938488,-9.506311559200148,2024-10-07,-11.908647345382473,0.15595171439942562,0
-14.48921943300673,-14.773094277938648,-14.92171868532847,-13.55792498139298,-12.36881707055446,-11.789365726307262,-10.817643684605208,2024-10-08,-14.490156530516378,0.3928783316882347,0
-2.187653811246223,-4.973756312043761,-12.328799034727844,-12.720429826070115,-12.543377833905033,-12.326146204546452,-11.67391536076411,2024-10-09,-4.447522320631476,0.019532238937016274,0
-2.3586231190902742,-4.512656198415857,-9.992088192120159,-10.43151531263776,-10.758361507835243,-10.887204586036336,-10.923867450715283,2024-10-10,-4.728317314240391,0.1384013494553456,0
-0.44903504713310793,-0.9763252608513135,-3.988137395805357,-4.876572371495558,-6.106700797287634,-6.8272680725448005,-8.099986470656736,2024-10-11,-1.9192001781493868,0.22174154833077933,0
-3.7904308944476215,-5.145176480909873,-7.296159527194536,-6.704889585473332,-6.3429968198491995,-6.212082324694823,-6.1544845595321425,2024-10-12,-5.177582307223685,0.34187717523394123,0
-1.6484380352303194,-3.254662525935314,-7.466908077613997,-7.467574032760722,-7.34768715577059,-7.257786337993859,-7.028139564268306,2024-10-13,-3.703807106035662,0.11063500392266115,0
-1.5263666549305903,-2.940807277540629,-6.808324292312471,-6.888054888298918,-6.931365023880532,-6.941310505392703,-6.894957172098841,2024-10-14,-2.4269816781331346,0.038401592918162294,0
-2.1631446510872263,-3.764434960793599,-7.331157520408567,-7.155073667550974,-7.006446762354665,-6.934216149307294,-6.797884402652613,2024-10-15,-2.4435506552936466,4.003858863550884e-18,0
-4.105331588568301,-5.917749404945971,-8.843734965573304,-8.298126262299226,-7.854971177356688,-7.6456816340262455,-7.2986625567860415,2024-10-16,-5.708180846977918,0.13003143985532983,0
-7.153943789653369,-8.81847903628966,-10.808742974752926,-9.933212590198925,-9.207206810744667,-8.861074188101066,-8.28793982068321,2024-10-17,-8.495588314867621,0.2839771910419875,0
-10.66246875536942,-11.761404585450636,-12.76889741013572,-11.643726054072815,-10.6930658157795,-10.235951668307692,-9.475782737375779,2024-10-18,-11.341197253308334,0.31860543859578416,0
-3.4191885912737585,-6.213544031227912,-12.001667779959233,-11.831831255429812,-11.385637969287416,-11.095151391749344,-10.445017512639543,2024-10-19,-6.488311466574761,0.09721746792053845,0
-6.054029038764178,-8.553293269657678,-12.246037657404855,-11.7598253774422,-11.323778192729767,-11.100126253329618,-10.65211934665311,2024-10-20,-7.258772541867345,0.12039687827002893,0
-9.193561257243823,-11.298822645239145,-13.737473082709826,-12.885091164720425,-12.161153981598858,-11.809944531263568,-11.205717411583237,2024-10-21,-10.76911036102258,0.24559826611857777,0
-12.730078737269201,-14.109368840557831,-15.39959643482438,-14.278936718982091,-13.319931497315947,-12.855175136758696,-12.072443490790535,2024-10-22,-13.671190202163725,0.2730856961098418,0
-15.960358605784227,-16.60144386763959,-16.9476457689509,-15.64613035731727,-14.521082130608328,-13.973707422529479,-13.052248551241512,2024-10-23,-16.242831741338925,0.185666846675572,0
-18.97969977708552,-18.889438833020094,-18.436701613347484,-16.98809939994877,-15.727414208216976,-15.112449081711695,-14.0781488277762,2024-10-24,-18.62112116828148,0.17448103785537958,0
-22.779983789046437,-21.40286075317808,-19.96503013168639,-18.362854303812167,-16.96569196217318,-16.284510877813716,-15.144300931691504,2024-10-25,-21.333811772111858,0.22012695176970828,0
-27.418866324638273,-24.104673615663256,-21.494038497690468,-19.742043525602796,-18.21794541987557,-17.475792050054167,-16.239139582491728,2024-10-26,-24.357444481762542,0.20856372253326091,0
-32.32824630126646,-26.876292867616822,-23.0431360291472,-21.142439665678555,-19.491720229519885,-18.689357458769944,-17.359879176050313,2024-10-27,-26.929724622020075,0.18488426443368294,0
-36.195026493880206,-29.39013006203259,-24.563671994382744,-22.538947412373766,-20.777233584456148,-19.920851300651734,-18.50518844998016,2024-10-28,-28.5799804899957,0.16185429670168078,0
-39.27239015037699,-31.581995503770766,-26.054387040650834,-23.92725757189808,-22.06741530570565,-21.162319487590576,-19.6677949931119,2024-10-29,-29.863744226699154,0.1559242395784999,0
-42.034019342647746,-33.51895734804872,-27.478671555430186,-25.272249549908526,-23.336928839874687,-22.393189254195324,-20.83347771732343,2024-10-30,-30.81494458427372,0.14126260619042474,0
-44.63077954418304,-35.36039657743555,-28.860036150916393,-26.58960887098531,-24.58873426936102,-23.611784530646567,-21.99628934890164,2024-10-31,-31.666035345549705,0.1329511215751895,0
-47.101109657377314,-37.1182449970779,-30.219193614492163,-27.891428202278142,-25.831720850691262,-24.824498394274613,-23.158020862988725,2024-11-01,-32.05172630970695,0.12457128233203937,0
-49.16001158460875,-38.712637576074506,-31.52555513073365,-29.15441704370501,-27.050043838507953,-26.019225693675825,-24.311635286368052,2024-11-02,-32.40293073626974,0.11045119997251804,0
-50.711007443121574,-40.08014796963898,-32.74696354446481,-30.354998596725853,-28.225027163355914,-27.18005354444253,-25.44486349155329,2024-11-03,-33.22757449718371,0.09404972260490954,0
-52.05453574224706,-41.3163258334725,-33.91490509985368,-31.505461441021513,-29.35923273266138,-28.305302856692556,-26.552621961967883,2024-11-04,-34.21324519392772,0.08231548143717812,0
-53.54688264838026,-42.57233352642117,-35.10081315175895,-32.67370712050937,-30.501855498164744,-29.433950539520485,-27.656769523028203,2024-11-05,-34.991166495488486,0.08557927988006875,0
-54.778281954867566,-43.79715789325808,-36.25014596293823,-33.80649348992429,-31.6187572639941,-30.54180960860652,-28.74708517433747,2024-11-06,-36.05059811924123,0.07944063025529319,0
-56.00482529360299,-44.99381453531718,-37.374073699523805,-34.919662014117904,-32.71739667388798,-31.632592390120543,-29.823120754874886,2024-11-07,-37.226110242867705,0.07624383281384561,0
-56.22272671461109,-45.795502428805754,-38.39108072969468,-35.95751762525426,-33.76499297181556,-32.682687211091356,-30.87151664222112,2024-11-08,-37.18360553128329,0.05728729785831048,0
-56.31997175318323,-46.49204600854119,-39.35119120391165,-36.943221204366516,-34.768216714974116,-33.69280922594528,-31.888111983437987,2024-11-09,-38.040901624089514,0.04985217697992435,0
-56.84288402662838,-47.34634788566133,-40.3833178958245,-37.97163869859497,-35.78920745082335,-34.709781498323224,-32.89899593038558,2024-11-10,-39.361498324127474,0.060538656688870936,0
-56.58641790016654,-47.91929161295532,-41.25126705631789,-38.8831602800777,-36.733702354095534,-35.66803762384786,-33.872240339547126,2024-11-11,-39.84059630456296,0.041350217125206604,0
-53.044319028768385,-47.04594020562972,-41.82681828029669,-39.59190002752951,-37.53745835023582,-36.51220059952121,-34.76735619371811,2024-11-12,-40.195718566154866,0.016292100165996658,0
-3.8428695428924717,-10.343794726090303,-31.419671449454242,-34.868982722316694,-35.9432478336898,-35.981170566532334,-35.109618257454756,2024-11-13,-27.374905476019713,0.030775782231312093,0
-6.81638638343699,-12.744373917550822,-25.725254679891076,-28.156528858782174,-30.31975362815209,-31.312870664009647,-32.39812824375117,2024-11-14,-6.882850507987614,0.03913000696789229,0
-9.58759679457527,-15.379906628048422,-25.40429331634064,-26.643691797463976,-27.983841535420556,-28.687355553067267,-29.830398729772444,2024-11-15,-9.52589100925684,0.024361192635323718,0
-12.051524412202118,-17.658782335315742,-25.9838669747227,-26.567427728280435,-27.308676201577924,-27.725849053934194,-28.506327225198383,2024-11-16,-11.676015221857309,0.013437351564050725,0
-14.56605064149605,-19.809156415602885,-26.807844081170593,-26.95884958699113,-27.270537286042725,-27.46742094834137,-27.87918372665602,2024-11-17,-14.239425968048788,0.022292322564913133,0
-17.04498895670957,-21.868952747698156,-27.731549051141023,-27.54897506016668,-27.521683621867204,-27.5408663193174,-27.63129881409057,2024-11-18,-16.85360457025753,0.023184001430960343,0
-20.14221240981078,-24.148004087835307,-28.719490465580122,-28.244572309089868,-27.93032091679067,-27.800678381148074,-27.62054894074283,2024-11-19,-20.23916961178487,0.05666243368858815,0
-0.2285633264891733,-0.5745884847146945,-4.7701017986678576,-9.408517160605173,-16.439488029512987,-20.3316029741607,-24.69468121190433,2024-11-20,-0.4466090648486064,0.005745864277834635,0
-0.41041739211562395,-0.8347838549802326,-3.1831535478086037,-3.5869357064389185,-4.442799373797965,-5.0630588836621815,-7.243794643316394,2024-11-21,-0.616189545347791,0.001171728346305277,0
-0.9288086122226122,-1.7956270026697363,-4.6006352236640025,-4.568680385725441,-4.619813571011908,-4.677130730698014,-4.969085449407127,2024-11-22,NaN,0.0,0
-2.6338849010950187,-4.070311193612177,-6.726331225337801,-6.247164954822082,-5.881245389566628,-5.718123754910205,-5.49546060984533,2024-11-23,NaN,0.0,0
-4.264398176525698,-6.034783317975747,-8.601572895364452,-7.93151182997067,-7.367358200413807,-7.096473790656301,-6.644703343826554,2024-11-24,NaN,0.0,0
-4.946745393824899,-7.027767558927371,-9.957656272843817,-9.26654951529586,-8.63924173927296,-8.325866053145266,-7.7720404908469005,2024-11-25,NaN,0.0,0
-0.5744893647862231,-1.4139923399230874,-5.680842150001193,-6.72794022476403,-7.505527529907764,-7.802870419645511,-7.938837698499154,2024-11-26,-0.8839893545082684,0.03520820907158383,0
-0.44611346163200716,-0.8991677827225464,-3.1959960955470024,-3.377476249986999,-3.6681589228565747,-3.8553408935176514,-4.337027106478219,2024-11-27,-0.6135692313453716,0.0049751677804371255,0
-1.459137048863526,-2.562627387184974,-5.2860732011159675,-4.975696963561829,-4.706652629320848,-4.577758436858936,-4.377075352598057,2024-11-28,NaN,0.0,0
-0.9204319856218289,-1.8512614204117368,-4.968883179399865,-5.018826297623857,-5.029179162418108,-5.021603031361547,-4.951146738266917,2024-11-29,NaN,0.0,0
-3.4003732760592578,-4.870053151523027,-7.186083263433821,-6.571011890810515,-6.091673851119611,-5.871809578078554,-5.532036818677311,2024-11-30,NaN,0.0,0
-5.251890070583407,-7.0148981343645636,-9.209827609963275,-8.409589357125517,-7.735049518362738,-7.410706997715357,-6.869195891892862,2024-12-01,-5.343468035159404,0.00010621540275267088,0
-7.000525711840744,-8.864763603032157,-10.884091809718857,-9.969742749670562,-9.179217552737194,-8.79352036416783,-8.135384219778816,2024-12-02,-7.0857322504164095,0.013225383086542253,0
-2.667368872792227,-5.047739893187338,-10.257006151165612,-10.149490158262662,-9.81789288344465,-9.594733361720996,-9.068880246441317,2024-12-03,-3.063399393019222,0.019979900127273957,0
-4.705741498164789,-6.991150347600771,-10.62170225669829,-10.198735359451844,-9.828062135203568,-9.640626605055495,-9.26962976604192,2024-12-04,-4.830350116414432,0.0159628885182485,0
-6.7395589095863135,-9.023901689447426,-11.91923704197139,-11.216500182968876,-10.61645959936312,-10.323802573060847,-9.8126365457527,2024-12-05,-6.846021279615343,0.018448027112009536,0
-7.857044911565297,-10.270035335292658,-13.095164696771311,-12.288753364418895,-11.567769119595503,-11.209625477106291,-10.579184125318362,2024-12-06,-7.930608728802964,0.015743529900793005,0
-0.4058266423872511,-1.0366029162521646,-5.405558389250899,-7.3364910241711705,-9.04527985855835,-9.762732395742088,-10.276840033237717,2024-12-07,-0.5857515427607426,0.009424759045250624,0
-1.9780050194123506,-3.397272240903037,-6.676549057485688,-6.57214718391384,-6.629644633165024,-6.705574057646788,-6.998400557700654,2024-12-08,-2.24726507174783,0.0037182490254843645,0
-4.216704032336963,-5.996390980582171,-8.68767115238301,-8.127714199115307,-7.7214886647913055,-7.545279938688831,-7.308299882428376,2024-12-09,-4.3548725841146405,0.005601113938957483,0
-5.822196679811661,-7.842083660067892,-10.41445475704486,-9.670987852005569,-9.04602144750853,-8.746170832259002,-8.24719899816021,2024-12-10,-5.935379728713027,0.010857042940277435,0
-7.506251515162964,-9.598941125908848,-11.89366587955957,-11.017628081008077,-10.257067460096797,-9.885028166517753,-9.245955687624473,2024-12-11,-7.53447089423568,0.008451547537044413,0
-9.017703586881282,-11.134599931984253,-13.217313138224476,-12.246849400758617,-11.390084222410298,-10.967325709981948,-10.234206991537553,2024-12-12,-8.954727181169767,0.006028402129032656,0
-10.444933743312903,-12.533543213984855,-14.419099852583635,-13.378521350340788,-12.45056379849702,-11.990679097231748,-11.189988617482133,2024-12-13,-10.376394343632015,0.006438868741545863,0
-12.19669284537646,-14.023635357116314,-15.565020404078679,-14.451049268167628,-13.458743056827581,-12.966984960551779,-12.11172576124812,2024-12-14,-12.299500309166117,0.02340844590276636,0
-13.550177911037498,-15.347457561746264,-16.670088241400535,-15.493892635527914,-14.441609927682538,-13.919684860142398,-13.01356830525086,2024-12-15,-13.614874799610897,0.012818595696170946,0
-14.934616697657779,-16.59009301780181,-17.707199559672965,-16.48342073878976,-15.385368526213396,-14.840005763188016,-13.892834587546673,2024-12-16,-15.04478306762712,0.01843913502842167,0
-16.02178090358742,-17.67935203677411,-18.689772103662165,-17.42869210406387,-16.29367140497693,-15.728992539436607,-14.74774682689495,2024-12-17,-16.0688042459829,0.010573175233262901,0
-17.342441539188904,-18.795461620431464,-19.622330367902848,-18.330404196883176,-17.16515671883241,-16.58516178268933,-15.576962658620937,2024-12-18,-17.45803162600384,0.017920206785535884,0
-18.811907454135312,-20.012311052554523,-20.559049656700974,-19.222320754439853,-18.02036767192696,-17.42305092118127,-16.387594581682777,2024-12-19,-19.05993697469092,0.03668805829010145,0
-0.4158099164521474,-1.619562507754181,-10.406161485706635,-13.889017508428367,-15.828282550530831,-16.39283750017904,-16.394780359109205,2024-12-20,-0.6040492354337067,0.005946692829510566,0
-3.49046489518259,-5.576778080033436,-9.852375757878676,-10.12787801565353,-10.757963978500145,-11.175893960480064,-12.120110431063708,2024-12-21,-3.6764034964237386,0.0232295196295938,0
-3.806003280682469,-6.27914432209952,-10.958325596279307,-10.941081850463142,-11.03078312403219,-11.10717742625449,-11.336863726249945,2024-12-22,-3.930226016031144,0.004386203979179609,0
-0.19553163608838503,-0.35327169508110157,-1.8676300101030903,-2.0700382072983867,-2.6194626657360582,-3.0505024215633685,-4.637564583495299,2024-12-23,NaN,0.0,0
-0.5826366611427726,-1.1497123608198045,-3.4830115409580045,-3.4350970528476847,-3.3837076617052766,-3.3569214534685825,-3.3175872308318484,2024-12-24,NaN,0.0,0
-2.9916665890610386,-4.296466812275192,-6.413024256783188,-5.76270717249758,-5.242098585306335,-4.999599094583648,-4.620079199969985,2024-12-25,NaN,0.0,0
-4.483999284009,-6.181463938977225,-8.485693586063709,-7.726094215785628,-7.077275637040642,-6.763059505803313,-6.234990273167653,2024-12-26,NaN,0.0,0
-5.68006775983316,-7.629958791313097,-10.063308309128494,-9.249190929395489,-8.531144635439986,-8.177192878653674,-7.564625144349772,2024-12-27,NaN,0.0,0
-6.682619739330579,-8.819719783541501,-11.357158553904918,-10.511502948748172,-9.74904406118941,-9.369162455555248,-8.70091591904877,2024-12-28,NaN,0.0,0
-7.53912785523366,-9.828143263849359,-12.46286317103952,-11.597669748044412,-10.806178466291906,-10.408897936216079,-9.702681931026099,2024-12-29,NaN,0.0,0
-8.27931199196384,-10.699584937394244,-13.430914645338712,-12.555048264083105,-11.74506416361133,-11.336262135097376,-10.6040795503426,2024-12-30,NaN,0.0,0
-9.765937679799988,-12.101085362665168,-14.453945390956303,-13.501080808590709,-12.638322379021373,-12.206766215897355,-11.441630884859272,2024-12-31,NaN,0.0,0
