dates,irrig_mm,year
2003-06-19,3,2003
2003-06-21,3,2003
2003-06-24,3,2003
2003-06-27,2.9175,2003
2003-06-30,4,2003
2003-07-01,4,2003
2003-07-03,3,2003
2003-07-06,3,2003
2003-07-09,3,2003
2003-07-12,3,2003
2003-07-15,3,2003
2003-07-17,3,2003
2003-07-27,3,2003
2003-07-28,3,2003
2003-07-29,3,2003
2003-07-30,3,2003
2003-07-31,3,2003
2003-08-01,3,2003
2003-08-02,3,2003
2003-08-03,3,2003
2003-08-04,3,2003
2003-08-05,3,2003
2003-08-08,6,2003
2003-08-09,3,2003
2003-08-10,3,2003
2003-08-11,3,2003
2003-08-12,3,2003
2003-08-14,5,2003
2003-08-15,5,2003
2003-08-16,5,2003
2003-08-17,2.505,2003
2003-08-20,5,2003
2003-08-21,5,2003
2003-08-22,5,2003
2003-08-23,5,2003
2003-08-24,5,2003
2003-08-25,1.2525,2003
2003-08-28,1.2525,2003
2003-08-29,5,2003
2003-08-30,5,2003
2003-08-31,5,2003
2003-09-01,5,2003
2003-09-02,5,2003
2003-09-03,5,2003
2003-09-04,5,2003
2003-09-05,5,2003
2003-09-06,5,2003
2003-09-07,5,2003
2003-09-08,5,2003
2003-09-09,5,2003
2003-09-11,5,2003
2003-09-12,5,2003
2003-09-13,5,2003
2003-09-14,5,2003
2003-09-15,5,2003
2003-09-16,5,2003
2003-09-17,5,2003
2003-09-20,5,2003
2003-09-21,1.255,2003
2003-09-23,1.2525,2003
2003-09-24,5,2003
2003-09-25,5,2003
2003-09-26,5,2003
2003-09-27,4.8825,2003
2003-09-28,4.8225,2003
2003-09-29,4.55,2003
2003-09-30,4.5024999999999995,2003
2003-10-01,4.215,2003
2003-10-02,2.6125,2003
2003-10-21,4.525,2003
2004-05-15,5,2004
2004-05-16,5,2004
2004-05-17,5,2004
2004-05-18,5,2004
2004-05-19,5,2004
2004-05-20,4.935,2004
2004-05-21,4.975,2004
2004-05-22,4.8,2004
2004-05-23,4.6925,2004
2004-05-24,4.8325,2004
2004-05-25,5,2004
2004-05-26,5,2004
2004-05-27,5,2004
2004-05-28,5,2004
2004-05-29,5,2004
2004-05-30,5,2004
2004-05-31,5,2004
2004-06-01,5,2004
2004-06-03,4.805,2004
2004-06-08,5,2004
2004-06-09,5,2004
2004-06-10,5,2004
2004-06-11,5,2004
2004-06-12,5,2004
2004-06-13,5,2004
2004-06-14,5,2004
2004-06-15,5,2004
2004-06-16,5,2004
2004-06-17,5,2004
2004-06-18,5,2004
2004-06-19,5,2004
2004-06-20,5,2004
2004-06-21,5,2004
2004-06-23,5,2004
2004-06-24,5,2004
2004-06-25,5,2004
2004-06-26,5,2004
2004-06-27,5,2004
2004-06-28,4.9275,2004
2004-06-29,2.065,2004
2004-07-02,5,2004
2004-07-03,5,2004
2004-07-04,5,2004
2004-07-05,5,2004
2004-07-06,4.8425,2004
2004-07-07,5,2004
2004-07-08,5,2004
2004-07-09,5,2004
2004-07-10,5,2004
2004-07-11,5,2004
2004-07-13,5,2004
2004-07-14,5,2004
2004-07-15,5,2004
2004-07-16,5,2004
2004-07-17,5,2004
2004-07-18,5,2004
2004-07-19,3.7575,2004
2004-07-20,3.755,2004
2004-07-21,5,2004
2004-07-22,5,2004
2004-07-23,5,2004
2004-07-24,5,2004
2004-07-25,5,2004
2004-07-26,9.6525,2004
2004-07-27,5,2004
2004-07-29,5,2004
2004-07-30,5,2004
2004-07-31,5,2004
2004-08-01,5,2004
2004-08-02,5,2004
2004-08-03,5,2004
2004-08-04,5,2004
2004-08-05,5,2004
2004-08-06,5,2004
2004-08-07,5,2004
2004-08-08,5,2004
2004-08-09,5,2004
2004-08-10,5,2004
2004-08-11,5,2004
2004-08-12,5,2004
2004-08-13,5,2004
2004-08-14,5,2004
2004-08-15,5,2004
2004-08-17,5,2004
2004-08-18,5,2004
2004-08-19,5,2004
2004-08-20,5,2004
2004-08-21,5,2004
2004-08-22,5,2004
2004-08-23,5,2004
2004-08-24,5,2004
2004-08-25,5,2004
2004-08-26,5,2004
2004-08-27,5,2004
2004-08-28,5,2004
2004-08-29,5,2004
2004-08-30,5,2004
2004-08-31,5,2004
2004-09-01,5,2004
2004-09-02,5,2004
2004-09-03,5,2004
2004-09-04,5,2004
2004-09-05,5,2004
2004-09-06,5,2004
2004-09-07,5,2004
2004-09-08,5,2004
2004-09-09,5,2004
2004-09-10,5,2004
2004-09-11,5,2004
2004-09-12,5,2004
2004-09-13,5,2004
2004-09-15,5,2004
2004-09-16,5,2004
2004-09-17,5,2004
2004-09-18,5,2004
2004-09-19,5,2004
2004-09-20,5,2004
2004-09-21,5,2004
2004-09-22,5,2004
2004-09-23,5,2004
2004-09-24,5,2004
2004-09-25,5,2004
2004-09-26,5,2004
2004-09-27,5,2004
2004-09-28,5,2004
2004-09-29,5,2004
2004-09-30,5,2004
2004-10-02,5,2004
2004-10-03,5,2004
2004-10-04,5,2004
2004-10-05,5,2004
2004-10-06,5,2004
2004-10-07,5,2004
2004-10-08,5,2004
2004-10-09,5,2004
2004-10-10,5,2004
2004-10-13,5,2004
2004-10-14,5,2004
2004-10-15,5,2004
2004-10-16,5,2004
2004-10-17,5,2004
2004-10-18,5,2004
2004-10-19,5,2004
2004-10-21,5,2004
2004-10-22,5,2004
2004-10-23,5,2004
2004-10-24,5,2004
2004-10-25,5,2004
2004-10-26,5,2004
2005-04-23,5,2005
2005-04-24,5,2005
2005-04-25,5,2005
2005-04-26,5,2005
2005-04-27,5,2005
2005-04-28,5,2005
2005-04-29,5,2005
2005-04-30,5,2005
2005-05-01,5,2005
2005-05-02,5,2005
2005-05-03,5,2005
2005-05-04,5,2005
2005-05-05,5,2005
2005-05-06,5,2005
2005-05-07,5,2005
2005-05-08,5,2005
2005-05-09,5,2005
2005-05-10,5,2005
2005-05-11,5,2005
2005-05-13,5,2005
2005-05-14,5,2005
2005-05-15,5,2005
2005-05-16,5,2005
2005-05-17,5,2005
2005-05-18,5,2005
2005-05-19,5,2005
2005-05-20,5,2005
2005-05-21,5,2005
2005-05-22,5,2005
2005-05-23,5,2005
2005-05-24,5,2005
2005-05-25,5,2005
2005-05-26,5,2005
2005-05-27,5,2005
2005-05-28,5,2005
2005-05-29,5,2005
2005-05-30,5,2005
2005-05-31,5,2005
2005-06-01,5,2005
2005-06-02,5,2005
2005-06-03,5,2005
2005-06-04,5,2005
2005-06-05,5,2005
2005-06-06,5,2005
2005-06-07,5,2005
2005-06-08,5,2005
2005-06-09,5,2005
2005-06-10,5,2005
2005-06-11,5,2005
2005-06-12,5,2005
2005-06-13,5,2005
2005-06-15,5,2005
2005-06-16,5,2005
2005-06-17,5,2005
2005-06-18,5,2005
2005-06-19,5,2005
2005-06-20,5,2005
2005-06-21,5,2005
2005-06-22,5,2005
2005-06-23,5,2005
2005-06-24,5,2005
2005-06-25,5,2005
2005-06-26,5,2005
2005-06-27,5,2005
2005-06-28,5,2005
2005-06-29,5,2005
2005-06-30,5,2005
2005-07-01,5,2005
2005-07-02,5,2005
2005-07-03,5,2005
2005-07-04,5,2005
2005-07-05,5,2005
2005-07-06,5,2005
2005-07-07,5,2005
2005-07-08,5,2005
2005-07-09,5,2005
2005-07-10,5,2005
2005-07-12,5,2005
2005-07-13,5,2005
2005-07-14,5,2005
2005-07-15,5,2005
2005-07-16,5,2005
2005-07-17,5,2005
2005-07-18,5,2005
2005-07-19,5,2005
2005-07-20,5,2005
2005-07-21,5,2005
2005-07-22,5,2005
2005-07-23,5,2005
2005-07-24,5,2005
2005-07-25,5,2005
2005-07-26,5,2005
2005-07-27,5,2005
2005-07-28,5,2005
2005-07-29,5,2005
2005-07-30,5,2005
2005-07-31,5,2005
2005-08-01,5,2005
2005-08-02,5,2005
2005-08-03,5,2005
2005-08-04,5,2005
2005-08-05,5,2005
2005-08-06,5,2005
2005-08-07,5,2005
2005-08-09,5,2005
2005-08-10,5,2005
2005-08-11,5,2005
2005-08-12,5,2005
2005-08-13,5,2005
2005-08-14,5,2005
2005-08-15,5,2005
2005-08-16,5,2005
2005-08-17,5,2005
2005-08-18,5,2005
2005-08-19,5,2005
2005-08-20,5,2005
2005-08-21,5,2005
2005-08-22,5,2005
2005-08-23,5,2005
2005-08-24,5,2005
2005-08-25,5,2005
2005-08-26,5,2005
2005-08-27,5,2005
2005-08-28,5,2005
2005-08-29,5,2005
2005-08-30,5,2005
2005-08-31,5,2005
2005-09-01,5,2005
2005-09-02,5,2005
2005-09-03,5,2005
2005-09-04,5,2005
2005-09-05,5,2005
2005-09-06,5,2005
2005-09-09,5,2005
2005-09-10,5,2005
2005-09-11,5,2005
2005-09-12,5,2005
2005-09-13,5,2005
2005-09-14,5,2005
2005-09-15,5,2005
2005-09-16,5,2005
2005-09-17,5,2005
2005-09-18,5,2005
2005-09-19,5,2005
2005-09-20,5,2005
2005-09-21,5,2005
2005-09-22,5,2005
2005-09-23,5,2005
2005-09-24,5,2005
2005-09-26,5,2005
2005-09-27,5,2005
2005-09-28,5,2005
2005-09-29,5,2005
2005-09-30,5,2005
2005-10-01,5,2005
2005-10-02,5,2005
2005-10-03,5,2005
2005-10-04,5,2005
2006-05-06,5,2006
2006-05-07,5,2006
2006-05-08,5,2006
2006-05-09,5,2006
2006-05-10,5,2006
2006-05-11,5,2006
2006-05-12,5,2006
2006-05-13,5,2006
2006-05-14,5,2006
2006-05-15,5,2006
2006-05-16,5,2006
2006-05-17,5,2006
2006-05-18,5,2006
2006-05-19,5,2006
2006-05-20,5,2006
2006-05-21,5,2006
2006-05-22,5,2006
2006-05-23,5,2006
2006-05-24,5,2006
2006-05-25,5,2006
2006-05-26,5,2006
2006-05-27,5,2006
2006-05-28,5,2006
2006-05-29,5,2006
2006-05-30,5,2006
2006-05-31,5,2006
2006-06-01,5,2006
2006-06-02,5,2006
2006-06-03,5,2006
2006-06-04,5,2006
2006-06-05,5,2006
2006-06-06,5,2006
2006-06-07,5,2006
2006-06-08,5,2006
2006-06-09,5,2006
2006-06-10,5,2006
2006-06-11,5,2006
2006-06-13,5,2006
2006-06-14,5,2006
2006-06-15,5,2006
2006-06-16,5,2006
2006-06-17,5,2006
2006-06-18,5,2006
2006-06-19,5,2006
2006-06-20,5,2006
2006-06-21,5,2006
2006-06-22,5,2006
2006-06-24,5,2006
2006-06-25,5,2006
2006-06-26,5,2006
2006-06-27,5,2006
2006-06-28,5,2006
2006-06-29,5,2006
2006-07-01,5,2006
2006-07-02,5,2006
2006-07-03,5,2006
2006-07-04,5,2006
2006-07-05,5,2006
2006-07-06,5,2006
2006-07-07,5,2006
2006-07-08,5,2006
2006-07-09,5,2006
2006-07-10,5,2006
2006-07-11,5,2006
2006-07-12,5,2006
2006-07-13,5,2006
2006-07-14,5,2006
2006-07-15,5,2006
2006-07-16,5,2006
2006-07-17,5,2006
2006-07-18,5,2006
2006-07-19,5,2006
2006-07-20,5,2006
2006-07-22,5,2006
2006-07-23,5,2006
2006-07-24,5,2006
2006-07-25,5,2006
2006-07-26,5,2006
2006-07-27,5,2006
2006-07-28,5,2006
2006-07-29,5,2006
2006-07-30,5,2006
2006-07-31,5,2006
2006-08-01,5,2006
2006-08-02,5,2006
2006-08-03,5,2006
2006-08-04,5,2006
2006-08-05,5,2006
2006-08-06,5,2006
2006-08-08,5,2006
2006-08-09,5,2006
2006-08-10,5,2006
2006-08-11,5,2006
2006-08-12,5,2006
2006-08-14,5,2006
2006-08-15,5,2006
2006-08-16,5,2006
2006-08-17,5,2006
2006-08-18,5,2006
2006-08-19,5,2006
2006-08-20,5,2006
2006-08-21,5,2006
2006-08-22,5,2006
2006-08-23,5,2006
2006-08-24,5,2006
2006-08-25,5,2006
2006-08-26,5,2006
2006-08-27,5,2006
2006-08-28,5,2006
2006-08-29,5,2006
2006-08-30,5,2006
2006-08-31,5,2006
2006-09-01,5,2006
2006-09-02,5,2006
2006-09-03,5,2006
2006-09-04,5,2006
2006-09-05,5,2006
2006-09-06,5,2006
2006-09-07,5,2006
2006-09-08,5,2006
2006-09-09,5,2006
2006-09-10,5,2006
2006-09-11,5,2006
2006-09-12,5,2006
2006-09-13,5,2006
2006-09-14,5,2006
2006-09-15,5,2006
2006-09-16,5,2006
2006-09-17,5,2006
2006-09-18,5,2006
2006-09-19,5,2006
2006-09-20,5,2006
2006-09-21,5,2006
2006-09-22,5,2006
2006-09-23,5,2006
2006-09-24,5,2006
2006-09-25,5,2006
2006-09-26,5,2006
2006-09-27,5,2006
2006-09-28,5,2006
2006-09-29,5,2006
2006-09-30,5,2006
2006-10-01,4.53,2006
2006-10-02,5,2006
2006-10-03,5,2006
2006-10-04,5,2006
2006-10-05,5,2006
2006-10-06,5,2006
2006-10-07,5,2006
2006-10-08,5,2006
2006-10-09,5,2006
2006-10-10,5,2006
2006-10-11,5,2006
2006-10-12,5,2006
2006-10-13,5,2006
2006-10-25,5,2006
2007-05-04,5,2007
2007-05-05,5,2007
2007-05-06,5,2007
2007-05-07,5,2007
2007-05-08,5,2007
2007-05-09,5,2007
2007-05-10,5,2007
2007-05-11,5,2007
2007-05-12,5,2007
2007-05-13,5,2007
2007-05-14,5,2007
2007-05-15,5,2007
2007-05-16,5,2007
2007-05-17,5,2007
2007-05-19,5,2007
2007-05-20,5,2007
2007-05-21,5,2007
2007-05-22,5,2007
2007-05-23,5,2007
2007-05-24,5,2007
2007-05-25,5,2007
2007-05-26,5,2007
2007-05-27,5,2007
2007-05-28,5,2007
2007-05-29,5,2007
2007-05-30,5,2007
2007-05-31,5,2007
2007-06-01,5,2007
2007-06-03,5,2007
2007-06-04,5,2007
2007-06-05,5,2007
2007-06-06,5,2007
2007-06-07,5,2007
2007-06-08,5,2007
2007-06-09,5,2007
2007-06-10,5,2007
2007-06-11,5,2007
2007-06-14,5,2007
2007-06-15,5,2007
2007-06-16,1.02,2007
2007-06-17,5,2007
2007-06-18,5,2007
2007-06-19,5,2007
2007-06-20,5,2007
2007-06-21,5,2007
2007-06-23,5,2007
2007-06-24,5,2007
2007-06-25,5,2007
2007-06-26,5,2007
2007-06-27,5,2007
2007-06-28,5,2007
2007-06-29,5,2007
2007-06-30,5,2007
2007-07-01,5,2007
2007-07-02,5,2007
2007-07-03,5,2007
2007-07-04,5,2007
2007-07-06,5,2007
2007-07-07,5,2007
2007-07-08,5,2007
2007-07-09,5,2007
2007-07-10,5,2007
2007-07-11,5,2007
2007-07-12,5,2007
2007-07-13,5,2007
2007-07-14,5,2007
2007-07-15,10,2007
2007-07-16,5,2007
2007-07-17,5,2007
2007-07-19,0,2007
2007-08-11,10,2007
2007-08-12,5,2007
2007-08-13,5,2007
2007-08-14,5,2007
2007-08-15,5,2007
2007-08-17,5,2007
2007-08-18,5,2007
2007-08-19,5,2007
2007-08-20,5,2007
2007-08-21,5,2007
2007-08-22,5,2007
2007-08-23,5,2007
2007-08-24,5,2007
2007-08-25,5,2007
2007-08-26,5,2007
2007-08-27,5,2007
2007-08-28,5,2007
2007-08-29,5,2007
2007-08-30,5,2007
2007-08-31,5,2007
2007-09-01,5,2007
2007-09-02,5,2007
2007-09-03,5,2007
2007-09-04,5,2007
2007-09-05,5,2007
2007-09-06,10,2007
2007-09-07,5,2007
2007-09-08,5,2007
2007-09-09,5,2007
2007-09-10,5,2007
2007-09-11,5,2007
2007-09-12,5,2007
2007-09-13,5,2007
2007-09-14,5,2007
2007-09-15,5,2007
2007-09-16,5,2007
2007-09-17,5,2007
2007-09-18,5,2007
2007-09-19,5,2007
2007-09-20,5,2007
2007-09-21,5,2007
2007-09-22,5,2007
2007-09-23,5,2007
2007-09-24,5,2007
2007-09-26,10,2007
2007-09-27,5,2007
2007-09-28,5,2007
2007-09-30,5,2007
2007-10-01,5,2007
2007-10-02,5,2007
2008-05-15,5,2008
2008-05-16,5,2008
2008-05-17,5,2008
2008-05-18,5,2008
2008-05-19,5,2008
2008-05-20,5,2008
2008-05-21,5,2008
2008-05-22,5,2008
2008-05-23,5,2008
2008-05-24,5,2008
2008-05-25,5,2008
2008-05-27,5,2008
2008-05-28,2.5025,2008
2008-06-05,5,2008
2008-06-06,5,2008
2008-06-08,5,2008
2008-06-09,5,2008
2008-06-10,5,2008
2008-06-11,5,2008
2008-06-12,5,2008
2008-06-13,5,2008
2008-06-14,5,2008
2008-06-15,5,2008
2008-06-16,5,2008
2008-06-17,5,2008
2008-06-18,5,2008
2008-06-19,5,2008
2008-06-26,5,2008
2008-06-28,5,2008
2008-06-29,5,2008
2008-06-30,5,2008
2008-07-01,1.285,2008
2008-07-30,5,2008
2008-07-31,5,2008
2008-08-01,5,2008
2008-08-02,5,2008
2008-08-03,5,2008
2008-08-04,5,2008
2008-08-05,5,2008
2008-08-06,5,2008
2008-08-07,5,2008
2008-08-08,5,2008
2008-08-09,5,2008
2008-08-10,5,2008
2008-08-11,5,2008
2008-08-12,5,2008
2008-08-13,5,2008
2008-08-14,5,2008
2008-08-15,5,2008
2008-08-17,5,2008
2008-08-18,5,2008
2008-08-19,5,2008
2008-08-20,5,2008
2008-08-21,5,2008
2008-08-22,5,2008
2008-08-23,5,2008
2008-08-24,3.465,2008
2008-08-25,5,2008
2008-08-26,5,2008
2008-08-27,5,2008
2008-08-28,5,2008
2008-08-29,5,2008
2008-08-30,5,2008
2008-08-31,5,2008
2008-09-01,5,2008
2008-09-02,5,2008
2008-09-03,5,2008
2008-09-04,2.5025,2008
2008-09-05,5,2008
2008-09-06,1.2525,2008
2008-09-07,1.2525,2008
2008-09-13,5,2008
2008-09-14,5,2008
2008-09-15,5,2008
2008-09-16,5,2008
2008-09-17,5,2008
2008-09-18,5,2008
2008-09-20,5,2008
2008-09-21,5,2008
2008-09-22,5,2008
2008-09-23,5,2008
2008-09-24,5,2008
2008-09-25,5,2008
2008-09-26,5,2008
2008-09-27,5,2008
2008-09-28,5,2008
2008-09-29,5,2008
2008-09-30,5,2008
2008-10-01,5,2008
2008-10-02,5,2008
2008-10-03,5,2008
2008-10-04,5,2008
2008-10-05,5,2008
2008-10-06,5,2008
2008-10-07,5,2008
2008-10-08,5,2008
2008-10-09,5,2008
2008-10-10,5,2008
2008-10-11,5,2008
2008-10-12,5,2008
2008-10-13,5,2008
2008-10-14,5,2008
2009-05-14,5,2009
2009-05-15,5,2009
2009-05-16,5,2009
2009-05-17,5,2009
2009-05-18,5,2009
2009-05-19,5,2009
2009-05-20,5,2009
2009-05-21,5,2009
2009-05-22,5,2009
2009-05-23,5,2009
2009-05-24,5,2009
2009-05-25,5,2009
2009-05-26,5,2009
2009-05-27,5,2009
2009-05-28,5,2009
2009-05-29,5,2009
2009-05-30,5,2009
2009-05-31,5,2009
2009-06-01,5,2009
2009-06-02,5,2009
2009-06-03,5,2009
2009-06-04,5,2009
2009-06-06,5,2009
2009-06-07,5,2009
2009-06-08,5,2009
2009-06-09,5,2009
2009-06-10,5,2009
2009-06-11,5,2009
2009-06-12,5,2009
2009-06-13,5,2009
2009-06-14,5,2009
2009-06-15,5,2009
2009-06-17,5,2009
2009-06-18,5,2009
2009-06-19,5,2009
2009-06-20,5,2009
2009-06-21,5,2009
2009-06-22,5,2009
2009-06-23,5,2009
2009-06-24,5,2009
2009-06-25,5,2009
2009-06-26,5,2009
2009-06-27,5,2009
2009-06-28,5,2009
2009-06-29,5,2009
2009-06-30,5,2009
2009-07-01,5,2009
2009-07-02,5,2009
2009-07-03,5,2009
2009-07-04,5,2009
2009-07-05,5,2009
2009-07-06,5,2009
2009-07-07,5,2009
2009-07-08,5,2009
2009-07-09,5,2009
2009-07-10,5,2009
2009-07-11,5,2009
2009-07-12,5,2009
2009-07-13,5,2009
2009-07-14,5,2009
2009-07-15,5,2009
2009-07-16,5,2009
2009-07-17,5,2009
2009-07-18,5,2009
2009-07-19,5,2009
2009-07-22,5,2009
2009-07-23,5,2009
2009-07-24,5,2009
2009-07-25,5,2009
2009-07-26,5,2009
2009-07-27,5,2009
2009-07-28,5,2009
2009-07-29,5,2009
2009-07-30,5,2009
2009-07-31,5,2009
2009-08-01,5,2009
2009-08-02,5,2009
2009-08-03,5,2009
2009-08-05,5,2009
2009-08-06,5,2009
2009-08-07,5,2009
2009-08-08,5,2009
2009-08-09,5,2009
2009-08-10,5,2009
2009-08-11,5,2009
2009-08-12,5,2009
2009-08-13,5,2009
2009-08-14,5,2009
2009-08-15,5,2009
2009-08-16,5,2009
2009-08-17,5,2009
2009-08-18,5,2009
2009-08-19,5,2009
2009-08-20,5,2009
2009-08-22,3.7575,2009
2009-08-23,3.7575,2009
2009-08-24,3.7575,2009
2009-08-25,3.755,2009
2009-08-26,5,2009
2009-08-27,5,2009
2009-08-28,5,2009
2009-08-29,5,2009
2009-08-30,5,2009
2009-08-31,5,2009
2009-09-01,5,2009
2009-09-02,5,2009
2009-09-03,5,2009
2009-09-04,5,2009
2009-09-05,5,2009
2009-09-06,5,2009
2009-09-07,5,2009
2009-09-08,5,2009
2009-09-09,5,2009
2009-09-10,5,2009
2009-09-11,5,2009
2009-09-12,5,2009
2009-09-13,5,2009
2009-09-14,5,2009
2009-09-15,5,2009
2009-09-16,5,2009
2009-09-17,5,2009
2009-09-18,5,2009
2009-09-19,5,2009
2009-09-20,5,2009
2009-09-21,5,2009
2009-09-22,5,2009
2009-09-23,5,2009
2009-09-24,5,2009
2009-09-25,5,2009
2009-09-26,5,2009
2009-09-27,5,2009
2009-09-28,5,2009
2009-10-01,5,2009
2009-10-02,5,2009
2009-10-03,5,2009
2009-10-04,5,2009
2009-10-05,5,2009
2009-10-06,5,2009
2009-10-07,5,2009
2009-10-08,5,2009
2009-10-09,5,2009
2009-10-10,5,2009
2009-10-11,5,2009
2009-10-12,5,2009
2010-06-17,5,2010
2010-06-18,5,2010
2010-06-19,5,2010
2010-06-20,5,2010
2010-06-21,5,2010
2010-06-22,5,2010
2010-06-23,5,2010
2010-06-24,5,2010
2010-06-25,5,2010
2010-06-26,5,2010
2010-06-27,5,2010
2010-06-28,5,2010
2010-06-29,5,2010
2010-06-30,5,2010
2010-07-01,5,2010
2010-07-02,5,2010
2010-07-03,5,2010
2010-07-04,5,2010
2010-07-05,5,2010
2010-07-07,5,2010
2010-07-08,5,2010
2010-07-09,5,2010
2010-07-10,5,2010
2010-07-11,5,2010
2010-07-12,5,2010
2010-07-13,5,2010
2010-07-14,5,2010
2010-07-15,5,2010
2010-07-16,5,2010
2010-07-17,5,2010
2010-07-18,5,2010
2010-07-19,5,2010
2010-07-20,5,2010
2010-07-22,5,2010
2010-07-23,5,2010
2010-07-24,5,2010
2010-07-25,5,2010
2010-07-26,5,2010
2010-07-27,5,2010
2010-07-28,5,2010
2010-07-29,5,2010
2010-07-30,5,2010
2010-07-31,5,2010
2010-08-01,5,2010
2010-08-02,5,2010
2010-08-03,5,2010
2010-08-04,5,2010
2010-08-05,5,2010
2010-08-06,5,2010
2010-08-07,5,2010
2010-08-08,3.75,2010
2010-08-25,5,2010
2010-08-26,5,2010
2010-08-27,5,2010
2010-08-28,5,2010
2010-08-29,5,2010
2010-08-30,5,2010
2010-08-31,5,2010
2010-09-01,5,2010
2010-09-03,5,2010
2010-09-04,5,2010
2010-09-05,5,2010
2010-09-06,5,2010
2010-09-07,5,2010
2010-09-08,5,2010
2010-09-09,5,2010
2010-09-10,5,2010
2010-09-11,5,2010
2010-09-12,5,2010
2010-09-13,5,2010
2010-09-14,5,2010
2010-09-16,5,2010
2010-09-18,5,2010
2010-09-19,5,2010
2010-09-20,5,2010
2010-09-21,5,2010
2010-09-22,5,2010
2010-09-23,5,2010
2010-09-24,5,2010
2010-09-25,5,2010
2010-09-26,5,2010
2010-09-27,5,2010
2010-09-28,5,2010
2010-09-29,5,2010
2010-09-30,5,2010
2010-10-01,5,2010
2011-05-14,5,2011
2011-05-15,5,2011
2011-05-16,5,2011
2011-05-17,5,2011
2011-05-18,5,2011
2011-05-19,5,2011
2011-05-20,5,2011
2011-05-21,5,2011
2011-05-22,5,2011
2011-05-23,5,2011
2011-05-24,5,2011
2011-05-25,5,2011
2011-05-26,5,2011
2011-05-27,5,2011
2011-05-28,5,2011
2011-05-29,5,2011
2011-05-30,5,2011
2011-05-31,5,2011
2011-06-02,5,2011
2011-06-03,5,2011
2011-06-07,5,2011
2011-06-08,5,2011
2011-06-09,5,2011
2011-06-11,5,2011
2011-06-12,5,2011
2011-06-13,5,2011
2011-06-14,5,2011
2011-06-15,5,2011
2011-06-16,5,2011
2011-06-17,5,2011
2011-06-21,5,2011
2011-06-22,5,2011
2011-06-23,5,2011
2011-06-24,5,2011
2011-06-25,5,2011
2011-06-26,5,2011
2011-06-27,5,2011
2011-06-28,5,2011
2011-06-29,5,2011
2011-06-30,5,2011
2011-07-01,5,2011
2011-07-03,5,2011
2011-07-04,10,2011
2011-07-05,5,2011
2011-07-07,5,2011
2011-07-08,5,2011
2011-07-09,5,2011
2011-07-10,10,2011
2011-07-12,5,2011
2011-07-13,5,2011
2011-07-14,3.7375,2011
2011-08-26,5,2011
2011-08-27,5,2011
2011-08-28,5,2011
2011-08-30,10,2011
2011-08-31,5,2011
2011-09-01,5,2011
2011-09-02,5,2011
2011-09-03,5,2011
2011-09-04,5,2011
2011-09-06,10,2011
2011-09-07,5,2011
2011-09-09,10,2011
2011-09-10,5,2011
2011-09-12,10,2011
2011-09-13,5,2011
2011-09-14,5,2011
2011-09-15,5,2011
2011-09-16,5,2011
2011-09-17,5,2011
2011-09-18,5,2011
2011-09-19,5,2011
2011-09-20,5,2011
2011-09-21,5,2011
2011-09-22,5,2011
2011-09-23,5,2011
2011-09-25,3.785,2011
2011-09-26,3.875,2011
2011-09-27,3.8775,2011
2011-09-28,8.8725,2011
2011-09-29,5,2011
2011-09-30,5,2011
2011-10-01,5,2011
2011-10-02,5,2011
2011-10-03,5,2011
2011-10-07,5,2011
2011-10-08,5,2011
2011-10-09,5,2011
2011-10-11,5,2011
2011-10-12,5,2011
2011-10-13,5,2011
2011-10-14,5,2011
2011-10-15,5,2011
2011-10-16,5,2011
2012-05-11,5,2012
2012-05-12,5,2012
2012-05-13,5,2012
2012-05-14,5,2012
2012-05-16,5,2012
2012-05-17,5,2012
2012-05-18,5,2012
2012-05-19,5,2012
2012-05-20,5,2012
2012-05-21,5,2012
2012-05-22,5,2012
2012-05-23,5,2012
2012-05-24,5,2012
2012-05-25,5,2012
2012-05-26,5,2012
2012-05-27,5,2012
2012-05-28,5,2012
2012-05-29,5,2012
2012-05-30,5,2012
2012-05-31,5,2012
2012-06-05,5,2012
2012-06-07,5,2012
2012-06-08,5,2012
2012-06-09,5,2012
2012-06-10,5,2012
2012-06-11,5,2012
2012-06-12,5,2012
2012-06-13,5,2012
2012-06-15,5,2012
2012-06-16,5,2012
2012-06-17,5,2012
2012-06-18,10,2012
2012-06-20,5,2012
2012-06-21,5,2012
2012-06-22,5,2012
2012-06-23,5,2012
2012-06-24,5,2012
2012-06-25,5,2012
2012-06-26,5,2012
2012-06-27,3.75,2012
2012-06-28,3.75,2012
2012-06-29,3.75,2012
2012-06-30,3.75,2012
2012-07-01,3.75,2012
2012-07-06,10,2012
2012-07-07,5,2012
2012-07-08,5,2012
2012-07-09,5,2012
2012-07-10,5,2012
2012-07-11,5,2012
2012-07-12,5,2012
2012-07-13,5,2012
2012-07-14,5,2012
2012-07-15,5,2012
2012-07-16,5,2012
2012-07-17,5,2012
2012-07-18,5,2012
2012-07-19,5,2012
2012-07-20,5,2012
2012-07-21,5,2012
2012-07-22,5,2012
2012-07-23,5,2012
2012-07-25,10,2012
2012-07-27,5,2012
2012-07-28,5,2012
2012-07-29,5,2012
2012-07-30,5,2012
2012-07-31,5,2012
2012-08-01,5,2012
2012-08-02,5,2012
2012-08-03,5,2012
2012-08-04,5,2012
2012-08-05,5,2012
2012-08-06,5,2012
2012-08-07,5,2012
2012-08-08,5,2012
2012-08-11,5,2012
2012-08-12,5,2012
2012-08-13,5,2012
2012-08-14,3.75,2012
2012-08-16,3.75,2012
2012-08-17,3.75,2012
2012-08-18,3.75,2012
2012-08-19,3.75,2012
2012-08-22,4.875,2012
2012-08-23,5,2012
2012-08-25,5,2012
2012-08-27,5,2012
2012-08-28,5,2012
2012-08-29,5,2012
2012-08-30,5,2012
2012-08-31,5,2012
2012-09-01,5,2012
2012-09-02,5,2012
2012-09-03,5,2012
2012-09-04,5,2012
2012-09-22,5,2012
2012-09-23,5,2012
2012-09-24,5,2012
2012-09-25,5,2012
2012-09-26,5,2012
2012-09-28,5,2012
2012-09-29,5,2012
2012-09-30,5,2012
2012-10-01,5,2012
2012-10-02,5,2012
2013-05-17,5,2013
2013-05-19,0.005,2013
2013-05-20,0,2013
2013-05-22,5,2013
2013-05-23,5,2013
2013-05-24,5,2013
2013-05-25,5,2013
2013-05-26,5,2013
2013-05-27,5,2013
2013-05-28,5,2013
2013-05-29,5,2013
2013-05-30,5,2013
2013-06-05,5,2013
2013-06-06,5,2013
2013-06-07,5,2013
2013-06-08,5,2013
2013-06-09,5,2013
2013-06-10,5,2013
2013-06-11,5,2013
2013-06-12,5,2013
2013-06-13,5,2013
2013-06-14,5,2013
2013-06-15,5,2013
2013-06-16,5,2013
2013-06-17,5,2013
2013-06-18,5,2013
2013-06-19,5,2013
2013-06-20,5,2013
2013-06-21,5,2013
2013-06-23,5,2013
2013-06-24,5,2013
2013-06-25,5,2013
2013-06-27,5,2013
2013-06-28,5,2013
2013-06-29,5,2013
2013-06-30,5,2013
2013-07-01,5,2013
2013-07-02,5,2013
2013-07-03,5,2013
2013-07-04,5,2013
2013-07-05,5,2013
2013-07-06,5,2013
2013-07-07,5,2013
2013-07-08,5,2013
2013-07-09,5,2013
2013-07-10,5,2013
2013-07-11,5,2013
2013-07-12,5,2013
2013-07-13,5,2013
2013-07-14,5,2013
2013-07-15,5,2013
2013-07-16,5,2013
2013-07-17,5,2013
2013-07-18,5,2013
2013-07-20,5,2013
2013-07-21,5,2013
2013-07-22,5,2013
2013-07-23,5,2013
2013-07-24,5,2013
2013-07-25,5,2013
2013-07-26,5,2013
2013-07-27,5,2013
2013-07-28,5,2013
2013-07-29,5,2013
2013-07-31,5,2013
2013-08-01,5,2013
2013-08-02,5,2013
2013-08-03,5,2013
2013-08-04,5,2013
2013-08-05,5,2013
2013-08-06,5,2013
2013-08-07,5,2013
2013-08-08,5,2013
2013-08-10,5,2013
2013-08-11,5,2013
2013-08-12,5,2013
2013-08-13,5,2013
2013-08-14,5,2013
2013-08-15,5,2013
2013-08-16,5,2013
2013-08-17,5,2013
2013-08-18,5,2013
2013-08-19,5,2013
2013-08-20,5,2013
2013-08-21,5,2013
2013-08-22,5,2013
2013-08-23,5,2013
2013-08-24,5,2013
2013-08-25,5,2013
2013-08-26,5,2013
2013-08-27,5,2013
2013-08-28,5,2013
2013-08-29,5,2013
2013-08-30,5,2013
2013-08-31,5,2013
2013-09-01,5,2013
2013-09-02,5,2013
2013-09-03,5,2013
2013-09-04,5,2013
2013-09-05,5,2013
2013-09-06,5,2013
2013-09-07,5,2013
2013-09-08,5,2013
2013-09-09,5,2013
2013-09-11,5,2013
2013-09-12,5,2013
2013-09-13,5,2013
2013-09-14,5,2013
2013-09-15,5,2013
2013-09-16,5,2013
2013-09-18,5,2013
2013-09-19,5,2013
2013-09-20,5,2013
2013-09-21,5,2013
2013-09-22,5,2013
2013-09-23,5,2013
2014-05-19,11.6775,2014
2014-05-20,5,2014
2014-05-21,5,2014
2014-05-23,10,2014
2014-05-24,5,2014
2014-05-25,5,2014
2014-05-26,5,2014
2014-05-27,10.0275,2014
2014-05-28,5,2014
2014-05-29,5,2014
2014-05-30,5,2014
2014-05-31,5,2014
2014-06-01,5,2014
2014-06-02,5,2014
2014-06-03,5,2014
2014-06-04,5,2014
2014-06-05,5,2014
2014-06-06,5,2014
2014-06-07,5,2014
2014-06-08,5,2014
2014-06-09,5,2014
2014-06-10,5,2014
2014-06-11,5,2014
2014-06-12,5,2014
2014-06-13,5,2014
2014-06-14,5,2014
2014-06-15,5,2014
2014-06-16,5,2014
2014-06-17,5,2014
2014-06-18,5,2014
2014-06-19,5,2014
2014-06-20,5,2014
2014-06-21,5,2014
2014-06-22,5,2014
2014-06-23,5,2014
2014-06-24,5,2014
2014-06-25,5,2014
2014-06-26,5,2014
2014-06-27,5,2014
2014-06-28,5,2014
2014-06-29,5,2014
2014-06-30,5,2014
2014-07-01,5,2014
2014-07-02,5,2014
2014-07-03,5,2014
2014-07-04,5,2014
2014-07-05,5,2014
2014-07-06,5,2014
2014-07-07,5,2014
2014-07-09,5,2014
2014-07-10,5,2014
2014-07-11,5,2014
2014-07-12,5,2014
2014-07-13,5,2014
2014-07-14,5,2014
2014-07-15,5,2014
2014-07-16,5,2014
2014-07-17,5,2014
2014-07-18,5,2014
2014-07-19,5,2014
2014-07-20,5,2014
2014-07-21,5,2014
2014-07-22,5,2014
2014-07-23,5,2014
2014-07-25,5,2014
2014-07-26,5,2014
2014-07-27,5,2014
2014-07-28,5,2014
2014-07-29,5,2014
2014-07-30,5,2014
2014-08-04,5,2014
2014-08-05,5,2014
2014-08-06,5,2014
2014-08-07,5,2014
2014-08-08,5,2014
2014-08-09,5,2014
2014-08-10,5,2014
2014-08-11,5,2014
2014-08-12,5,2014
2014-08-13,5,2014
2014-08-14,5,2014
2014-08-15,5,2014
2014-08-16,5,2014
2014-08-17,5,2014
2014-08-18,5,2014
2014-08-19,5,2014
2014-08-20,5,2014
2014-08-21,5,2014
2014-08-22,5,2014
2014-08-23,5,2014
2014-08-24,5,2014
2014-08-25,5,2014
2014-08-26,0,2014
2014-08-27,5,2014
2014-08-30,5,2014
2014-08-31,5,2014
2014-09-01,5,2014
2014-09-02,5,2014
2014-09-03,5,2014
2014-09-04,5,2014
2014-09-05,5,2014
2014-09-06,5,2014
2014-09-07,5,2014
2014-09-08,5,2014
2014-09-09,5,2014
2014-09-10,5,2014
2014-09-11,5,2014
2014-09-12,5,2014
2014-09-13,5,2014
2014-09-14,5,2014
2014-09-15,5,2014
2014-09-16,5,2014
2014-09-17,5,2014
2014-09-18,5,2014
2014-09-19,5,2014
2014-09-20,5,2014
2014-09-21,5,2014
2014-09-22,5,2014
2014-09-23,5,2014
2014-09-24,5,2014
2014-09-25,5,2014
2014-09-26,5,2014
2014-09-27,5,2014
2014-09-28,5,2014
2014-09-29,5,2014
2014-09-30,5,2014
2014-10-01,5,2014
2015-05-12,5,2015
2015-05-13,5,2015
2015-05-14,5,2015
2015-05-16,5,2015
2015-05-17,5,2015
2015-05-18,5,2015
2015-05-19,5,2015
2015-05-20,5,2015
2015-05-21,5,2015
2015-05-22,5,2015
2015-05-23,5,2015
2015-05-24,5,2015
2015-05-25,5,2015
2015-05-26,5,2015
2015-05-27,5,2015
2015-05-28,5,2015
2015-05-29,5,2015
2015-05-30,5,2015
2015-05-31,5,2015
2015-06-01,5,2015
2015-06-02,5,2015
2015-06-03,5,2015
2015-06-04,5,2015
2015-06-05,5,2015
2015-06-06,5,2015
2015-06-07,5,2015
2015-06-08,5,2015
2015-06-09,5,2015
2015-06-10,5,2015
2015-06-11,5,2015
2015-06-12,5,2015
2015-06-13,5,2015
2015-06-14,5,2015
2015-06-15,5,2015
2015-06-16,5,2015
2015-06-17,5,2015
2015-06-18,5,2015
2015-06-19,5,2015
2015-06-20,5,2015
2015-06-21,5,2015
2015-06-22,5,2015
2015-06-23,5,2015
2015-06-24,5,2015
2015-06-25,5,2015
2015-06-26,5,2015
2015-06-27,5,2015
2015-06-28,5,2015
2015-06-29,5,2015
2015-06-30,5,2015
2015-07-01,5,2015
2015-07-02,5,2015
2015-07-03,5,2015
2015-07-04,5,2015
2015-07-06,5,2015
2015-07-09,10,2015
2015-07-10,5,2015
2015-07-11,5,2015
2015-07-12,5,2015
2015-07-13,5,2015
2015-07-14,5,2015
2015-07-15,5,2015
2015-07-16,5,2015
2015-07-17,5,2015
2015-07-18,5,2015
2015-07-19,5,2015
2015-07-20,5,2015
2015-07-21,5,2015
2015-07-22,5,2015
2015-07-23,5,2015
2015-07-24,5,2015
2015-07-25,5,2015
2015-07-26,5,2015
2015-07-27,5,2015
2015-07-28,5,2015
2015-07-29,5,2015
2015-07-30,5,2015
2015-07-31,5,2015
2015-08-01,5,2015
2015-08-02,5,2015
2015-08-03,5,2015
2015-08-04,5,2015
2015-08-05,5,2015
2015-08-06,5,2015
2015-08-07,5,2015
2015-08-08,5,2015
2015-08-09,5,2015
2015-08-10,5,2015
2015-08-11,5,2015
2015-08-12,5,2015
2015-08-13,5,2015
2015-08-15,5,2015
2015-08-16,5,2015
2015-08-17,5,2015
2015-08-18,5,2015
2015-08-19,5,2015
2015-08-20,5,2015
2015-08-21,5,2015
2015-08-22,5,2015
2015-08-23,5,2015
2015-08-24,5,2015
2015-08-25,5,2015
2015-08-26,5,2015
2015-08-27,5,2015
2015-08-28,5,2015
2015-08-29,5,2015
2015-08-30,5,2015
2015-08-31,5,2015
2015-09-01,5,2015
2015-09-02,5,2015
2015-09-03,5,2015
2015-09-04,5,2015
2015-09-05,5,2015
2015-09-06,5,2015
2015-09-07,5,2015
2015-09-08,5,2015
2015-09-09,5,2015
2015-09-10,5,2015
2015-09-11,5,2015
2015-09-12,5,2015
2015-09-13,5,2015
2015-09-14,5,2015
2015-09-15,5,2015
2015-09-16,5,2015
2015-09-17,5,2015
2015-09-18,5,2015
2015-09-19,5,2015
2015-09-20,5,2015
2015-09-21,5,2015
2015-09-22,5,2015
2015-09-23,5,2015
2015-09-24,5,2015
2015-09-25,5,2015
2015-09-26,5,2015
2015-09-27,5,2015
2015-09-28,5,2015
2015-09-29,5,2015
2015-09-30,5,2015
2015-10-01,5,2015
2015-10-02,5,2015
2015-10-03,5,2015
2015-10-04,5,2015
2015-10-05,5,2015
2016-05-30,7.967499999999999,2016
2016-05-31,5,2016
2016-06-01,5,2016
2016-06-02,5,2016
2016-06-03,5,2016
2016-06-04,5,2016
2016-06-05,5,2016
2016-06-06,5,2016
2016-06-07,5,2016
2016-06-08,5,2016
2016-06-09,5,2016
2016-06-10,5,2016
2016-06-11,5,2016
2016-06-12,5,2016
2016-06-13,5,2016
2016-06-16,5.0275,2016
2016-06-17,5,2016
2016-06-18,5,2016
2016-06-19,5,2016
2016-06-20,5,2016
2016-06-21,5,2016
2016-06-22,5,2016
2016-06-23,5,2016
2016-06-24,5,2016
2016-06-25,5,2016
2016-06-26,5,2016
2016-06-27,5,2016
2016-06-28,5,2016
2016-06-29,5,2016
2016-06-30,5,2016
2016-07-01,5,2016
2016-07-02,5,2016
2016-07-03,5,2016
2016-07-04,5,2016
2016-07-05,5,2016
2016-07-06,5,2016
2016-07-07,5,2016
2016-07-08,5,2016
2016-07-09,5,2016
2016-07-10,5,2016
2016-07-11,5,2016
2016-07-12,5,2016
2016-07-13,5,2016
2016-07-15,7.905,2016
2016-07-16,5,2016
2016-07-17,5,2016
2016-07-18,5,2016
2016-07-19,5,2016
2016-07-20,5.305,2016
2016-07-21,5,2016
2016-07-22,6.0275,2016
2016-07-23,5,2016
2016-07-24,5,2016
2016-07-25,5,2016
2016-07-26,5,2016
2016-07-27,5,2016
2016-07-28,5,2016
2016-07-29,5,2016
2016-07-30,5,2016
2016-07-31,5,2016
2016-08-01,5,2016
2016-08-02,5,2016
2016-08-03,5,2016
2016-08-04,5,2016
2016-08-05,5,2016
2016-08-06,5,2016
2016-08-07,5,2016
2016-08-08,5,2016
2016-08-09,5,2016
2016-08-10,5,2016
2016-08-12,3.2225,2016
2016-08-17,5.08,2016
2016-08-18,5,2016
2016-08-19,5,2016
2016-08-20,5,2016
2016-08-21,5,2016
2016-08-22,5,2016
2016-08-23,5.0575,2016
2016-08-24,5,2016
2016-08-25,5,2016
2016-08-26,5,2016
2016-08-27,5,2016
2016-08-28,5,2016
2016-08-29,5,2016
2016-08-30,5,2016
2016-08-31,5,2016
2016-09-01,5,2016
2016-09-02,5,2016
2016-09-03,5,2016
2016-09-04,5,2016
2016-09-05,5,2016
2016-09-06,5,2016
2016-09-07,5,2016
2016-09-08,5,2016
2016-09-09,5,2016
2016-09-10,5,2016
2016-09-11,5,2016
2016-09-12,5,2016
2016-09-13,5,2016
2016-09-14,5,2016
2016-09-16,7.5125,2016
2016-09-17,5,2016
2016-09-18,5,2016
2016-09-19,5,2016
2016-09-20,5,2016
2016-09-21,5,2016
2016-09-22,5,2016
2016-09-23,5,2016
2016-09-24,5,2016
2016-09-25,5,2016
2016-09-26,5,2016
2017-04-19,0,2017
2017-04-27,0,2017
2017-05-16,3.435,2017
2017-05-31,5.515,2017
2017-06-01,5,2017
2017-06-02,5,2017
2017-06-03,5,2017
2017-06-04,5,2017
2017-06-05,5,2017
2017-06-06,5,2017
2017-06-07,5,2017
2017-06-08,5,2017
2017-06-09,5,2017
2017-06-10,5,2017
2017-06-11,5,2017
2017-06-12,5,2017
2017-06-13,5,2017
2017-06-14,5,2017
2017-06-15,5,2017
2017-06-16,5,2017
2017-06-17,5,2017
2017-06-18,5,2017
2017-06-19,5,2017
2017-06-20,5,2017
2017-06-21,5,2017
2017-06-22,5,2017
2017-06-23,5.0225,2017
2017-06-24,5,2017
2017-06-25,5,2017
2017-06-26,4.6325,2017
2017-06-27,5,2017
2017-06-28,5,2017
2017-06-29,5,2017
2017-06-30,5,2017
2017-07-01,5,2017
2017-07-02,5,2017
2017-07-03,5,2017
2017-07-04,5,2017
2017-07-05,5,2017
2017-07-06,6.0600000000000005,2017
2017-07-07,5,2017
2017-07-08,5,2017
2017-07-09,5,2017
2017-07-10,5,2017
2017-07-11,5,2017
2017-07-12,5,2017
2017-07-13,5,2017
2017-07-14,5,2017
2017-07-15,4.9725,2017
2017-07-16,5,2017
2017-07-17,5,2017
2017-07-18,5,2017
2017-07-19,5,2017
2017-07-20,5,2017
2017-07-21,5,2017
2017-07-22,5,2017
2017-07-23,5,2017
2017-07-24,5,2017
2017-07-25,5,2017
2017-07-26,5,2017
2017-07-27,5,2017
2017-07-28,5,2017
2017-07-29,5,2017
2017-07-30,5,2017
2017-07-31,5,2017
2017-08-01,5,2017
2017-08-02,5,2017
2017-08-03,5,2017
2017-08-04,5,2017
2017-08-05,5,2017
2017-08-06,5,2017
2017-08-07,5,2017
2017-08-08,5,2017
2017-08-09,5,2017
2017-08-15,5,2017
2017-08-16,5,2017
2017-08-17,5,2017
2017-08-18,5,2017
2017-08-19,5,2017
2017-08-20,5,2017
2017-08-21,5,2017
2017-08-22,5,2017
2017-08-23,5,2017
2017-08-24,5,2017
2017-08-25,5,2017
2017-08-26,5,2017
2017-08-27,5,2017
2017-08-28,0.1275,2017
2017-08-30,0.1225,2017
2017-08-31,5.4625,2017
2017-09-01,5,2017
2017-09-02,5,2017
2017-09-03,5,2017
2017-09-04,5,2017
2017-09-05,5,2017
2017-09-06,5,2017
2017-09-07,5,2017
2017-09-08,5,2017
2017-09-09,5,2017
2017-09-10,5,2017
2017-09-11,5,2017
2017-09-12,5,2017
2017-09-13,5,2017
2017-09-14,5,2017
2017-09-15,5,2017
2017-09-16,5,2017
2017-09-17,5,2017
2017-09-18,5,2017
2017-09-19,5,2017
2017-09-20,5,2017
2017-09-21,5,2017
2017-09-22,5,2017
2017-09-23,5,2017
2017-09-24,5,2017
2017-09-25,5,2017
2017-09-26,5,2017
2017-09-27,5,2017
2017-09-28,5,2017
2017-09-29,5,2017
2017-09-30,5,2017
2017-10-01,5,2017
2017-10-02,5,2017
2017-10-03,5,2017
2017-10-04,5,2017
2017-10-05,5,2017
2017-10-06,5,2017
2017-10-07,5,2017
2017-10-08,5,2017
2017-10-09,5,2017
2018-05-08,7.6425,2018
2018-05-09,5,2018
2018-05-10,5,2018
2018-05-11,5,2018
2018-05-12,5,2018
2018-05-13,5,2018
2018-05-14,5,2018
2018-05-15,5,2018
2018-05-16,5,2018
2018-05-17,5,2018
2018-05-18,5,2018
2018-05-19,5,2018
2018-05-20,5,2018
2018-05-21,5,2018
2018-05-22,5,2018
2018-05-23,5,2018
2018-05-24,5,2018
2018-05-25,5,2018
2018-05-26,5,2018
2018-05-27,5,2018
2018-05-28,5,2018
2018-05-29,5,2018
2018-05-30,5,2018
2018-05-31,5,2018
2018-06-01,5,2018
2018-06-02,5,2018
2018-06-03,5,2018
2018-06-04,5,2018
2018-06-05,5,2018
2018-06-06,5,2018
2018-06-07,5,2018
2018-06-08,5,2018
2018-06-09,5,2018
2018-06-10,5,2018
2018-06-11,5.6625,2018
2018-06-12,5.1525,2018
2018-06-13,5,2018
2018-06-14,5,2018
2018-06-15,5,2018
2018-06-16,5,2018
2018-06-17,5,2018
2018-06-18,5,2018
2018-06-19,5,2018
2018-06-20,5,2018
2018-06-21,5,2018
2018-06-22,5.02,2018
2018-06-23,5,2018
2018-06-24,5,2018
2018-06-25,5,2018
2018-06-26,5,2018
2018-06-27,5,2018
2018-06-28,5,2018
2018-06-29,5,2018
2018-06-30,5,2018
2018-07-01,5,2018
2018-07-02,4.9975000000000005,2018
2018-07-03,5,2018
2018-07-04,5.529999999999999,2018
2018-07-05,5,2018
2018-07-06,5,2018
2018-07-07,5,2018
2018-07-08,5,2018
2018-07-09,5,2018
2018-07-10,5,2018
2018-07-12,5,2018
2018-07-13,5,2018
2018-07-14,5,2018
2018-07-15,5,2018
2018-07-16,5,2018
2018-07-17,5,2018
2018-07-18,5,2018
2018-07-19,4.9425,2018
2018-07-20,5,2018
2018-07-21,5,2018
2018-07-22,5,2018
2018-07-23,5.0125,2018
2018-07-24,5,2018
2018-07-25,4.975,2018
2018-07-26,5,2018
2018-07-27,5,2018
2018-07-28,5,2018
2018-07-29,5,2018
2018-07-30,5,2018
2018-07-31,5,2018
2018-08-01,5,2018
2018-08-02,5,2018
2018-08-03,5,2018
2018-08-04,5,2018
2018-08-05,5,2018
2018-08-06,5,2018
2018-08-07,5,2018
2018-08-08,5,2018
2018-08-09,5.3125,2018
2018-08-10,5,2018
2018-08-11,5,2018
2018-08-12,5,2018
2018-08-13,5,2018
2018-08-14,5,2018
2018-08-15,5,2018
2018-08-16,5,2018
2018-08-17,5,2018
2018-08-18,4.955,2018
2018-08-19,5,2018
2018-08-20,5,2018
2018-08-21,5,2018
2018-08-22,5,2018
2018-08-23,5,2018
2018-08-25,5,2018
2018-08-26,5,2018
2018-08-27,5,2018
2018-08-28,5,2018
2018-08-29,5,2018
2018-08-30,5,2018
2018-08-31,5,2018
2018-09-01,5,2018
2018-09-02,5,2018
2018-09-03,5,2018
2018-09-04,5.355,2018
2018-09-05,5,2018
2018-09-06,5,2018
2018-09-07,5,2018
2018-09-08,5,2018
2018-09-09,5,2018
2018-09-10,5,2018
2018-09-11,5,2018
2018-09-12,5,2018
2018-09-13,5,2018
2018-09-14,5,2018
2018-09-15,5,2018
2018-09-16,5,2018
2018-09-17,5,2018
2018-09-18,5,2018
2018-09-19,5,2018
2018-09-20,5,2018
2018-09-21,5,2018
2018-09-22,5,2018
2018-09-23,5,2018
2018-09-24,5,2018
2018-09-25,5,2018
2018-09-26,5,2018
2018-09-27,5,2018
2019-05-17,6.140000000000001,2019
2019-05-18,5,2019
2019-05-19,5,2019
2019-05-20,5,2019
2019-05-21,5,2019
2019-05-22,5,2019
2019-05-23,5,2019
2019-05-24,5,2019
2019-05-25,5,2019
2019-05-26,5,2019
2019-05-27,5,2019
2019-05-28,5,2019
2019-05-29,5,2019
2019-05-30,5,2019
2019-05-31,5,2019
2019-06-01,5,2019
2019-06-02,5,2019
2019-06-03,5,2019
2019-06-04,5.17,2019
2019-06-05,5,2019
2019-06-06,5,2019
2019-06-07,5,2019
2019-06-08,5,2019
2019-06-09,5,2019
2019-06-10,5,2019
2019-06-11,5,2019
2019-06-12,5,2019
2019-06-13,5,2019
2019-06-14,5,2019
2019-06-15,5,2019
2019-06-16,5,2019
2019-06-17,5,2019
2019-06-18,5,2019
2019-06-19,5,2019
2019-06-20,5,2019
2019-06-21,5,2019
2019-06-22,5,2019
2019-06-23,5,2019
2019-06-24,5,2019
2019-06-25,5,2019
2019-06-26,4.91,2019
2019-06-27,5,2019
2019-06-28,5.0024999999999995,2019
2019-06-29,5,2019
2019-06-30,5,2019
2019-07-01,5,2019
2019-07-02,5,2019
2019-07-03,5,2019
2019-07-04,6.08,2019
2019-07-05,5,2019
2019-07-06,5,2019
2019-07-07,5,2019
2019-07-08,5,2019
2019-07-09,5,2019
2019-07-10,5,2019
2019-07-11,5,2019
2019-07-12,5,2019
2019-07-13,5,2019
2019-07-14,5,2019
2019-07-15,5,2019
2019-07-16,5,2019
2019-07-17,5.375,2019
2019-07-18,5,2019
2019-07-19,5,2019
2019-07-20,5,2019
2019-07-21,5,2019
2019-07-22,5,2019
2019-07-23,5,2019
2019-07-24,5,2019
2019-07-25,5,2019
2019-07-26,5,2019
2019-07-27,5,2019
2019-07-28,5,2019
2019-07-29,5,2019
2019-07-30,5,2019
2019-07-31,5,2019
2019-08-01,5,2019
2019-08-02,5,2019
2019-08-03,5,2019
2019-08-04,5,2019
2019-08-05,5,2019
2019-08-06,5,2019
2019-08-07,5,2019
2019-08-08,5,2019
2019-08-09,5,2019
2019-08-10,5,2019
2019-08-11,5,2019
2019-08-12,5,2019
2019-08-13,5,2019
2019-08-31,4.905,2019
2019-09-01,4.905,2019
2019-09-02,4.905,2019
2019-09-03,4.905,2019
2019-09-04,4.905,2019
2019-09-05,4.905,2019
2019-09-06,4.905,2019
2019-09-07,4.905,2019
2019-09-08,4.905,2019
2019-09-09,4.905,2019
2019-09-10,4.905,2019
2019-09-11,4.905,2019
2019-09-12,4.905,2019
2019-09-13,4.905,2019
2019-09-14,4.905,2019
2019-09-15,4.905,2019
2019-09-16,4.905,2019
2019-09-17,4.905,2019
2019-09-18,4.905,2019
2019-09-19,4.905,2019
2019-09-20,4.905,2019
2019-09-21,4.905,2019
2019-09-22,4.905,2019
2019-09-23,4.9,2019
2019-09-24,4.905,2019
2019-09-25,4.905,2019
2019-09-26,4.5675,2019
2019-09-27,0.6875,2019
2019-09-28,9.467500000000001,2019
2019-09-29,4.905,2019
2019-09-30,4.905,2019
2019-10-01,4.905,2019
2019-10-02,4.905,2019
2019-10-03,4.905,2019
2019-10-04,4.905,2019
2019-10-05,4.905,2019
2019-10-06,4.905,2019
2019-10-07,4.905,2019
2019-10-08,4.905,2019
2019-10-09,4.905,2019
2019-10-10,4.905,2019
2019-10-11,4.905,2019
2019-10-12,4.905,2019
2019-10-13,4.905,2019
2019-10-14,4.905,2019
2019-10-15,4.905,2019
2020-05-26,4.905,2020
2020-05-27,5.2325,2020
2020-05-28,5.635,2020
2020-05-29,4.98,2020
2020-05-30,4.98,2020
2020-05-31,4.98,2020
2020-06-01,4.98,2020
2020-06-02,4.98,2020
2020-06-03,4.905,2020
2020-06-04,4.98,2020
2020-06-05,4.98,2020
2020-06-06,4.98,2020
2020-06-07,4.98,2020
2020-06-08,4.98,2020
2020-06-09,4.98,2020
2020-06-10,4.98,2020
2020-06-11,4.98,2020
2020-06-12,4.98,2020
2020-06-13,4.98,2020
2020-06-14,4.98,2020
2020-06-15,4.98,2020
2020-06-16,4.98,2020
2020-06-17,4.98,2020
2020-06-18,4.98,2020
2020-06-19,4.98,2020
2020-06-20,4.98,2020
2020-06-21,4.9825,2020
2020-06-22,4.98,2020
2020-06-23,4.905,2020
2020-06-24,3.75,2020
2020-06-25,3.75,2020
2020-06-26,3.75,2020
2020-06-27,3.75,2020
2020-06-28,3.75,2020
2020-06-29,3.75,2020
2020-06-30,3.75,2020
2020-07-02,4.98,2020
2020-07-03,4.98,2020
2020-07-04,7.75,2020
2020-07-07,5.4725,2020
2020-07-08,5.4725,2020
2020-07-09,4.98,2020
2020-07-10,4.98,2020
2020-07-11,4.98,2020
2020-07-12,4.98,2020
2020-07-13,4.98,2020
2020-07-14,4.98,2020
2020-07-15,4.98,2020
2020-07-16,4.98,2020
2020-07-17,4.98,2020
2020-07-18,4.98,2020
2020-07-19,4.98,2020
2020-07-20,4.98,2020
2020-07-21,4.98,2020
2020-07-22,4.98,2020
2020-07-23,4.98,2020
2020-07-24,4.98,2020
2020-07-25,4.98,2020
2020-07-26,4.035,2020
2020-07-27,5.695,2020
2020-07-28,4.98,2020
2020-07-29,4.9825,2020
2020-07-30,4.98,2020
2020-07-31,4.98,2020
2020-08-01,4.98,2020
2020-08-02,4.98,2020
2020-08-03,4.98,2020
2020-08-04,4.98,2020
2020-08-05,4.9825,2020
2020-08-06,4.9825,2020
2020-08-07,4.98,2020
2020-08-08,4.98,2020
2020-08-09,4.98,2020
2020-08-10,4.98,2020
2020-08-11,4.98,2020
2020-08-12,4.98,2020
2020-08-13,4.98,2020
2020-08-14,4.98,2020
2020-08-15,4.98,2020
2020-08-16,4.98,2020
2020-08-17,4.98,2020
2020-08-18,4.98,2020
2020-08-19,4.98,2020
2020-08-20,4.98,2020
2020-08-21,4.98,2020
2020-08-22,4.98,2020
2020-08-23,4.98,2020
2020-08-24,4.98,2020
2020-08-25,4.98,2020
2020-08-26,4.98,2020
2020-08-27,4.98,2020
2020-08-28,4.98,2020
2020-08-29,4.98,2020
2020-08-30,4.98,2020
2020-08-31,4.98,2020
2020-09-01,4.98,2020
2020-09-02,4.98,2020
2020-09-03,4.98,2020
2020-09-04,4.98,2020
2020-09-05,4.98,2020
2020-09-06,4.98,2020
2020-09-07,4.98,2020
2020-09-08,4.98,2020
2020-09-09,4.98,2020
2020-09-10,4.98,2020
2020-09-11,4.98,2020
2020-09-12,4.98,2020
2020-09-13,4.98,2020
2020-09-14,4.98,2020
2020-09-15,4.98,2020
2020-09-16,4.98,2020
2020-09-17,4.98,2020
2020-09-18,4.98,2020
2020-09-19,4.98,2020
2020-09-20,4.98,2020
2020-09-21,4.98,2020
2020-09-22,4.98,2020
2020-09-23,4.98,2020
2020-09-24,4.98,2020
2020-09-25,4.98,2020
2020-09-26,4.98,2020
2020-09-27,4.98,2020
2020-10-05,5.48,2020
2020-10-06,4.9825,2020
2020-10-07,4.98,2020
2020-10-08,4.9825,2020
2020-10-09,4.98,2020
2020-10-10,4.98,2020
2020-10-11,4.98,2020
2020-10-12,4.98,2020
2020-10-13,4.98,2020
2020-10-14,4.9775,2020
2020-10-15,4.9825,2020
2020-10-16,4.98,2020
2020-10-17,4.9825,2020
2020-10-18,4.98,2020
2020-10-19,4.98,2020
2021-05-16,0,2021
2021-05-17,0,2021
2021-05-18,2.045,2021
2021-05-19,4.775,2021
2021-05-20,4.775,2021
2021-05-21,4.775,2021
2021-05-22,4.775,2021
2021-05-23,4.775,2021
2021-05-24,4.775,2021
2021-05-25,4.775,2021
2021-05-26,4.775,2021
2021-05-27,4.775,2021
2021-05-28,4.775,2021
2021-05-29,4.775,2021
2021-05-30,4.775,2021
2021-05-31,4.775,2021
2021-06-01,4.775,2021
2021-06-02,4.775,2021
2021-06-03,4.775,2021
2021-06-04,4.775,2021
2021-06-05,4.775,2021
2021-06-06,4.775,2021
2021-06-07,4.775,2021
2021-06-08,4.775,2021
2021-06-09,4.775,2021
2021-06-10,4.775,2021
2021-06-11,4.775,2021
2021-06-12,4.775,2021
2021-06-13,4.775,2021
2021-06-14,4.775,2021
2021-06-15,4.775,2021
2021-06-16,4.775,2021
2021-06-17,4.775,2021
2021-06-18,4.775,2021
2021-06-19,4.775,2021
2021-06-20,4.775,2021
2021-06-21,4.775,2021
2021-06-22,4.775,2021
2021-06-23,4.775,2021
2021-06-24,4.775,2021
2021-06-25,4.775,2021
2021-06-26,4.775,2021
2021-06-27,4.775,2021
2021-06-28,4.775,2021
2021-06-29,4.775,2021
2021-06-30,4.775,2021
2021-07-01,4.775,2021
2021-07-02,4.775,2021
2021-07-03,4.775,2021
2021-07-04,4.775,2021
2021-07-05,4.775,2021
2021-07-06,4.775,2021
2021-07-07,4.775,2021
2021-07-08,4.775,2021
2021-07-09,4.775,2021
2021-07-10,4.775,2021
2021-07-11,4.775,2021
2021-07-12,4.775,2021
2021-07-13,0,2021
2021-07-14,5.2675,2021
2021-07-15,4.705,2021
2021-07-16,4.71,2021
2021-07-17,4.74,2021
2021-07-18,5,2021
2021-07-19,5,2021
2021-07-20,5,2021
2021-07-21,5,2021
2021-07-22,5,2021
2021-07-23,5,2021
2021-07-24,5,2021
2021-07-25,5,2021
2021-07-26,5,2021
2021-07-27,5,2021
2021-07-28,5,2021
2021-07-29,5,2021
2021-07-30,5,2021
2021-07-31,5,2021
2021-08-01,5,2021
2021-08-02,5,2021
2021-08-03,5,2021
2021-08-04,5,2021
2021-08-05,5,2021
2021-08-06,5,2021
2021-08-07,5,2021
2021-08-08,5,2021
2021-08-09,5,2021
2021-08-10,5,2021
2021-08-11,5,2021
2021-08-12,5,2021
2021-08-13,5,2021
2021-08-14,5,2021
2021-08-15,5,2021
2021-08-16,5,2021
2021-08-17,5,2021
2021-08-18,5,2021
2021-08-19,5,2021
2021-08-20,5,2021
2021-08-21,5,2021
2021-08-22,5,2021
2021-08-23,4.99,2021
2021-08-24,4.9975000000000005,2021
2021-08-25,5,2021
2021-08-26,5,2021
2021-08-27,5,2021
2021-08-28,5,2021
2021-08-29,5,2021
2021-08-30,5,2021
2021-08-31,5,2021
2021-09-01,5,2021
2021-09-02,5,2021
2021-09-03,5,2021
2021-09-04,5,2021
2021-09-05,5,2021
2021-09-06,5,2021
2021-09-07,5,2021
2021-09-08,5,2021
2021-09-09,5,2021
2021-09-10,5,2021
2021-09-11,5,2021
2021-09-12,5,2021
2021-09-13,5,2021
2021-09-14,5,2021
2021-09-15,5,2021
2021-09-16,5,2021
2021-09-17,5,2021
2021-09-18,5,2021
2021-09-19,5,2021
2021-09-20,5,2021
2021-09-21,5,2021
2021-09-22,5,2021
2021-09-23,5,2021
2021-09-24,5,2021
2021-09-25,5,2021
2021-09-26,5,2021
2021-09-27,5,2021
2021-09-28,5,2021
2021-09-29,5,2021
2021-09-30,5,2021
2021-10-01,5,2021
2021-10-02,5,2021
2021-10-03,5,2021
2021-10-04,5,2021
2021-10-05,5,2021
2021-10-06,5,2021
2021-10-07,5,2021
2021-10-08,5,2021
2021-10-09,5,2021
2021-10-10,5,2021
2021-10-11,5,2021
2022-05-11,5.255,2022
2022-05-12,5,2022
2022-05-13,5,2022
2022-05-14,5,2022
2022-05-15,5,2022
2022-05-16,5,2022
2022-05-17,5,2022
2022-05-18,5,2022
2022-05-19,5,2022
2022-05-20,5,2022
2022-05-21,5,2022
2022-05-22,5,2022
2022-05-23,5,2022
2022-05-24,5,2022
2022-05-25,5,2022
2022-05-26,5,2022
2022-05-27,5,2022
2022-05-28,5,2022
2022-05-29,5,2022
2022-05-30,5,2022
2022-05-31,5,2022
2022-06-01,5,2022
2022-06-02,5,2022
2022-06-03,5,2022
2022-06-04,5,2022
2022-06-05,5,2022
2022-06-06,5,2022
2022-06-07,5,2022
2022-06-08,5,2022
2022-06-09,5,2022
2022-06-10,5,2022
2022-06-11,5,2022
2022-06-12,5,2022
2022-06-13,5,2022
2022-06-14,5,2022
2022-06-15,5,2022
2022-06-16,5,2022
2022-06-17,5,2022
2022-06-18,5,2022
2022-06-19,5,2022
2022-06-20,5,2022
2022-06-21,5,2022
2022-06-22,5,2022
2022-06-23,5,2022
2022-06-24,5,2022
2022-06-25,5,2022
2022-06-26,5,2022
2022-06-27,5,2022
2022-06-28,5,2022
2022-06-29,5,2022
2022-06-30,5,2022
2022-07-01,5,2022
2022-07-02,5,2022
2022-07-03,5,2022
2022-07-04,5,2022
2022-07-05,5,2022
2022-07-06,5,2022
2022-07-07,3.755,2022
2022-07-08,3.755,2022
2022-07-09,3.755,2022
2022-07-10,3.755,2022
2022-07-11,3.755,2022
2022-07-12,7.5,2022
2022-07-13,5,2022
2022-07-14,5,2022
2022-07-15,5,2022
2022-07-16,5,2022
2022-07-17,5,2022
2022-07-18,5,2022
2022-07-19,5,2022
2022-07-20,5,2022
2022-07-21,5,2022
2022-07-22,5,2022
2022-07-23,5,2022
2022-07-24,5,2022
2022-07-25,5,2022
2022-07-26,5,2022
2022-07-27,5,2022
2022-07-28,5,2022
2022-07-29,5,2022
2022-07-30,5,2022
2022-07-31,5,2022
2022-08-01,5,2022
2022-08-02,5,2022
2022-08-03,5,2022
2022-08-04,5,2022
2022-08-05,5,2022
2022-08-06,5,2022
2022-08-07,4.995,2022
2022-08-08,5,2022
2022-08-09,5,2022
2022-08-10,5,2022
2022-08-11,5,2022
2022-08-12,5,2022
2022-08-13,5,2022
2022-08-14,5,2022
2022-08-15,5,2022
2022-08-16,5,2022
2022-08-17,5,2022
2022-08-18,5,2022
2022-08-19,5,2022
2022-08-20,5,2022
2022-08-21,5,2022
2022-08-22,5,2022
2022-08-23,3.775,2022
2022-08-24,5,2022
2022-08-25,5,2022
2022-08-26,5,2022
2022-08-27,5,2022
2022-08-28,5,2022
2022-08-29,5,2022
2022-08-30,5,2022
2022-08-31,5,2022
2022-09-01,5,2022
2022-09-02,5,2022
2022-09-03,5,2022
2022-09-04,5,2022
2022-09-05,5,2022
2022-09-06,5,2022
2022-09-07,5,2022
2022-09-08,5,2022
2022-09-09,5,2022
2022-09-10,5,2022
2022-09-11,5,2022
2022-09-12,5,2022
2022-09-13,5,2022
2022-09-14,5,2022
2022-09-15,5,2022
2022-09-16,5,2022
2022-09-17,5,2022
2022-09-18,5,2022
2022-09-19,5,2022
2022-09-20,5,2022
2022-09-21,5,2022
2022-09-22,5,2022
2022-09-23,5,2022
2022-09-24,5,2022
2022-09-25,5,2022
2022-09-26,5,2022
2022-09-27,5,2022
2022-09-28,5,2022
2022-09-29,5,2022
2022-09-30,5,2022
2022-10-01,5,2022
2022-10-02,5,2022
2022-10-03,5,2022
2022-10-04,5,2022
2022-10-05,5,2022
2022-10-06,5,2022
2022-10-07,5,2022
2022-10-08,5,2022
2022-10-09,5,2022
2022-10-10,5,2022
2022-10-11,5,2022
2022-10-12,5,2022
2022-10-13,5,2022
2022-10-14,5,2022
2022-10-15,5,2022
2022-10-16,5,2022
2022-10-17,5,2022
2022-10-18,5,2022
2022-10-19,5,2022
2022-10-20,5,2022
2022-10-21,5,2022
2023-05-15,6.225,2023
2023-05-16,5.8149999999999995,2023
2023-05-17,5,2023
2023-05-18,5,2023
2023-05-19,5,2023
2023-05-20,3.75,2023
2023-05-21,5,2023
2023-05-22,5,2023
2023-05-23,5,2023
2023-05-24,5,2023
2023-05-26,5,2023
2023-05-27,5,2023
2023-05-28,5,2023
2023-05-29,5,2023
2023-05-30,5,2023
2023-05-31,5,2023
2023-06-01,5,2023
2023-06-02,5,2023
2023-06-03,5,2023
2023-06-04,5,2023
2023-06-05,5,2023
2023-06-06,5,2023
2023-06-07,5,2023
2023-06-08,5,2023
2023-06-09,5,2023
2023-06-14,5.655,2023
2023-06-15,5,2023
2023-06-16,5,2023
2023-06-17,5,2023
2023-06-18,5,2023
2023-06-19,5,2023
2023-06-20,5,2023
2023-06-21,5,2023
2023-06-22,5,2023
2023-06-23,5,2023
2023-06-24,5,2023
2023-06-25,5,2023
2023-06-26,5,2023
2023-06-27,5,2023
2023-06-28,5,2023
2023-06-29,5,2023
2023-06-30,5,2023
2023-07-01,5,2023
2023-07-02,5,2023
2023-07-03,5,2023
2023-07-04,5,2023
2023-07-05,5,2023
2023-07-06,5,2023
2023-07-07,5,2023
2023-07-08,5,2023
2023-07-09,5,2023
2023-07-10,5,2023
2023-07-11,5,2023
2023-07-12,5,2023
2023-07-13,5,2023
2023-07-14,5,2023
2023-07-15,5,2023
2023-07-16,8.3625,2023
2023-07-17,8.3625,2023
2023-08-10,5,2023
2023-08-11,5,2023
2023-08-12,5,2023
2023-08-13,5,2023
2023-08-14,5,2023
2023-08-15,5,2023
2023-08-16,5,2023
2023-08-17,5,2023
2023-08-18,5,2023
2023-08-19,5,2023
2023-08-20,5,2023
2023-08-21,5,2023
2023-08-22,5,2023
2023-08-23,5,2023
2023-08-24,5,2023
2023-08-25,5,2023
2023-08-26,5,2023
2023-08-27,5,2023
2023-08-28,5,2023
2023-08-29,5,2023
2023-08-30,5,2023
2023-08-31,5,2023
2023-09-01,5,2023
2023-09-02,5,2023
2023-09-03,5,2023
2023-09-04,5,2023
2023-09-05,5,2023
2023-09-06,5,2023
2023-09-07,5,2023
2023-09-08,5,2023
2023-09-09,5,2023
2023-09-10,5,2023
2023-09-11,5,2023
2023-09-12,5,2023
2023-09-13,5,2023
2023-09-14,5,2023
2023-09-15,5,2023
2023-09-16,5,2023
2023-09-17,5,2023
2023-09-18,5,2023
2023-09-19,5,2023
2023-09-20,5,2023
2023-09-21,5,2023
2023-09-22,5,2023
2023-09-23,5,2023
2023-09-24,5,2023
2023-09-25,5,2023
2023-09-26,5,2023
2023-09-27,5,2023
2023-09-28,5,2023
2023-09-29,5,2023
2023-09-30,5,2023
2023-10-01,5,2023
2023-10-02,5,2023
2023-10-03,5,2023
2023-10-04,5,2023
2023-10-05,5,2023
2023-10-06,5,2023
2023-10-07,5,2023
2023-10-08,5,2023
2023-10-09,5,2023
2023-10-10,5,2023
2023-10-11,5,2023
2023-10-12,5,2023
2023-10-13,5,2023
2023-10-14,5,2023
2023-10-15,5,2023
2023-10-16,5,2023
2023-10-17,5,2023
2023-10-18,5,2023
2024-05-26,5,2024
2024-05-27,5,2024
2024-05-28,5,2024
2024-05-29,5,2024
2024-05-30,5,2024
2024-05-31,5,2024
2024-06-01,5,2024
2024-06-02,5,2024
2024-06-03,5,2024
2024-06-05,10,2024
2024-06-06,5,2024
2024-06-07,5,2024
2024-06-08,5,2024
2024-06-09,5,2024
2024-06-11,5,2024
2024-06-12,5,2024
2024-06-13,5,2024
2024-06-14,5,2024
2024-06-15,5,2024
2024-06-16,5,2024
2024-06-17,5,2024
2024-06-18,5,2024
2024-06-19,5,2024
2024-06-20,5,2024
2024-07-24,2.004,2024
2024-07-25,6.67,2024
2024-07-26,6.67,2024
2024-07-27,5.83,2024
2024-07-28,5.83,2024
2024-07-29,5.83,2024
2024-07-30,5.83,2024
2024-07-31,5.83,2024
2024-08-01,5.83,2024
2024-08-02,5.83,2024
2024-08-03,5.83,2024
2024-08-04,5.83,2024
2024-08-05,5.83,2024
2024-08-06,4.8025,2024
2024-08-07,4.17,2024
2024-08-08,5.83,2024
2024-08-09,5.83,2024
2024-08-10,5.83,2024
2024-08-11,5.83,2024
2024-08-12,5.375,2024
2024-08-13,8.25,2024
2024-08-14,5,2024
2024-08-15,5,2024
2024-08-16,5,2024
2024-08-17,5,2024
2024-08-18,5,2024
2024-08-19,5,2024
2024-08-20,5,2024
2024-08-21,5,2024
2024-08-22,5,2024
2024-08-23,5,2024
2024-08-24,5,2024
2024-08-25,5,2024
2024-08-26,5,2024
2024-08-27,5,2024
2024-08-28,5,2024
2024-08-29,5,2024
2024-08-30,5,2024
2024-08-31,5,2024
2024-09-01,5,2024
2024-09-02,5,2024
2024-09-03,5,2024
2024-09-04,5,2024
2024-09-05,5,2024
2024-09-06,5,2024
2024-09-07,5,2024
2024-09-08,5,2024
2024-09-09,5,2024
2024-09-13,5,2024
2024-09-14,5,2024
2024-09-15,5,2024
2024-09-16,5,2024
2024-09-17,5,2024
2024-09-18,5,2024
2024-09-19,5,2024
2024-09-20,5,2024
2024-09-21,5,2024
2024-09-22,5,2024
2024-09-23,5,2024
2024-09-24,5,2024
2024-09-25,5,2024
2024-09-26,5,2024
2024-09-27,5,2024
2024-09-28,5,2024
2024-09-29,5,2024
2024-09-30,5,2024
2024-10-01,5,2024
2024-10-02,5,2024
2024-10-03,5,2024
2024-10-04,5,2024
2024-10-05,5,2024
2024-10-06,5,2024
2024-10-07,5,2024
2024-10-08,5,2024
2024-10-09,5,2024
2024-10-10,5,2024
2024-10-11,5,2024
2024-10-12,5,2024
2024-10-13,5,2024
2024-10-14,5,2024
2024-10-15,5,2024
2024-10-16,5,2024
2024-10-17,5,2024
2024-10-18,5,2024
2024-10-19,5,2024
2024-10-20,5,2024
2024-10-21,5,2024
2024-10-22,5,2024
2024-10-23,5,2024
2024-10-24,5,2024
2025-04-15,0,2025
2025-04-16,0,2025
2025-04-30,0.5,2025
2025-05-01,5,2025
2025-05-02,5,2025
2025-05-03,5,2025
2025-05-04,5,2025
2025-05-05,5,2025
2025-05-07,5,2025
2025-05-08,5,2025
2025-05-09,5,2025
2025-05-10,5,2025
2025-05-11,5,2025
2025-05-12,5,2025
2025-05-13,5,2025
2025-05-14,5,2025
2025-05-15,5,2025
2025-05-16,5,2025
2025-05-17,5,2025
2025-05-18,5,2025
2025-05-19,5,2025
2025-05-20,5,2025
2025-05-21,5,2025
2025-05-22,5,2025
2025-05-23,5,2025
2025-05-24,5,2025
2025-05-25,5,2025
2025-05-26,5,2025
2025-05-27,5,2025
2025-05-28,5,2025
2025-05-29,5,2025
2025-05-30,5,2025
2025-05-31,5,2025
2025-06-01,5,2025
2025-06-02,5,2025
2025-06-03,5,2025
2025-06-04,5,2025
2025-06-06,5,2025
2025-06-07,5,2025
2025-06-08,5,2025
2025-06-09,5,2025
2025-06-10,5,2025
2025-06-11,5,2025
2025-06-12,5,2025
2025-06-13,5,2025
2025-06-14,5,2025
2025-06-15,5.00041675,2025
2025-06-16,5,2025
2025-06-17,5,2025
2025-06-18,5,2025
2025-06-19,5,2025
2025-06-20,5,2025
2025-06-21,5,2025
2025-06-22,5,2025
2025-06-23,5,2025
2025-06-24,5,2025
2025-06-25,5,2025
2025-06-26,5,2025
2025-06-27,5,2025
2025-06-28,5,2025
2025-06-29,5,2025
2025-06-30,5,2025
2025-07-05,5,2025
2025-07-06,5.00041675,2025
2025-07-07,5,2025
2025-07-08,5,2025
2025-07-09,5,2025
2025-07-10,5,2025
2025-07-11,5,2025
2025-07-12,5,2025
2025-07-13,5,2025
2025-07-14,5,2025
2025-07-15,5,2025
2025-07-16,5,2025
2025-07-17,5,2025
2025-07-18,5,2025
2025-07-19,5,2025
2025-07-20,5,2025
2025-07-21,5,2025
2025-07-22,5,2025
2025-07-23,5,2025
2025-07-24,5,2025
2025-07-25,5,2025
2025-07-26,5,2025
2025-07-27,5,2025
2025-07-28,5,2025
2025-07-29,5,2025
2025-07-30,5,2025
2025-07-31,5,2025
2025-08-01,5,2025
2025-08-02,5,2025
2025-08-03,5,2025
2025-08-04,5,2025
2025-08-05,5,2025
2025-08-06,5,2025
2025-08-07,5,2025
2025-08-08,5,2025
2025-08-09,5,2025
2025-08-10,5,2025
2025-08-11,5,2025
2025-08-12,5,2025
2025-08-13,5,2025
2025-08-14,5,2025
2025-08-15,5,2025
2025-08-16,5,2025
2025-08-17,5,2025
2025-08-18,5,2025
2025-08-19,5,2025
2025-08-20,5,2025
2025-08-21,5,2025
2025-08-22,5,2025
2025-08-23,5,2025
2025-08-24,5,2025
2025-08-25,5,2025
2025-08-26,5,2025
2025-08-27,5,2025
2025-08-31,5,2025
2025-09-03,5,2025
2025-09-04,5,2025
2025-09-07,5,2025
2025-09-08,5,2025
2025-09-09,5,2025
2025-09-12,5,2025
2025-09-13,5,2025
2025-09-14,5,2025
2025-09-15,5,2025
2025-09-16,5,2025
