LWF;dates;mpot_10cm;mpot_80cm
PFY;2014-04-11;-69.14159755625;-50.7678071529412
PFY;2014-04-12;-77.780419054375;-51.0580485152941
PFY;2014-04-13;-78.96117905125;-52.564198521875
PFY;2014-04-14;-83.0861165942857;-52.628249015625
PFY;2014-04-15;-86.6715005614286;-52.816422718125
PFY;2014-04-16;-90.1209025657143;-53.106070950625
PFY;2014-04-17;-93.4510732221429;-53.55297471875
PFY;2014-04-18;-95.98773243;-54.02486321
PFY;2014-04-19;-60.3801344042857;-54.657241423125
PFY;2014-04-20;-13.9025166313333;-54.4868326675
PFY;2014-04-21;-17.79629584125;-52.4734546106667
PFY;2014-04-22;-20.69211941625;-52.4172268873333
PFY;2014-04-23;-23.12951069625;-50.892551090625
PFY;2014-04-24;-25.48241346875;-51.137002091875
PFY;2014-04-25;-27.839517285625;-51.554291453125
PFY;2014-04-26;-29.87551106375;-52.04275502
PFY;2014-04-27;-10.96017207675;-50.356462912
PFY;2014-04-28;-10.4312141086471;-49.71933712
PFY;2014-04-29;-10.2308429873333;-49.6002821878571
PFY;2014-04-30;-11.0876877848333;-46.13442602
PFY;2014-05-01;-12.6568905779412;-43.5639121671429
PFY;2014-05-02;-13.0207877870588;-42.2925787957143
PFY;2014-05-03;-13.6306813470588;-41.6789534421429
PFY;2014-05-04;-16.2365640929412;-41.4052804364286
PFY;2014-05-05;-18.3484615894118;-41.3777149235714
PFY;2014-05-06;-20.4842864788235;-41.7684777564286
PFY;2014-05-07;-20.7703752923529;-42.35331644
PFY;2014-05-08;-19.453769981875;-42.52419584
PFY;2014-05-09;NA;NA
PFY;2014-05-10;NA;NA
PFY;2014-05-11;NA;NA
PFY;2014-05-12;NA;NA
PFY;2014-05-13;-26.8280516352941;-44.6523190926667
PFY;2014-05-14;-27.93463932;-45.054827236
PFY;2014-05-15;-29.5646803729412;-45.678120744
PFY;2014-05-16;-30.8191530694444;-46.427195542
PFY;2014-05-17;-30.4407844661111;-47.2459667366667
PFY;2014-05-18;-32.3912733016667;-48.0611664
PFY;2014-05-19;-34.4190660388889;-48.935902048
PFY;2014-05-20;-36.5161209144444;-49.8691220993333
PFY;2014-05-21;-38.4418427066667;-50.841031184
PFY;2014-05-22;-41.5014127729412;-51.8375885073333
PFY;2014-05-23;-34.4910340694118;-52.8321876613333
PFY;2014-05-24;-33.777940055;-53.7273852613333
PFY;2014-05-25;-35.8361361161111;-54.627075788
PFY;2014-05-26;-37.99370292;-55.5983089953333
PFY;2014-05-27;-34.0185658958824;-56.5007366393333
PFY;2014-05-28;-30.9046421608333;-57.3094870713333
PFY;2014-05-29;-31.0424001233333;-58.140839536
PFY;2014-05-30;-32.3542957033333;-59.0890581613333
PFY;2014-05-31;-35.0879265554545;-60.0381273866667
PFY;2014-06-01;-38.3364688708333;-61.0055076646667
PFY;2014-06-02;-40.0777764941667;-61.9526504193333
PFY;2014-06-03;-43.51758781;-62.8654440146667
PFY;2014-06-04;-42.848332654;-63.7488722573333
PFY;2014-06-05;-43.762266227;-66.6414888014286
PFY;2014-06-06;-44.83108289;-68.1243972607143
PFY;2014-06-07;-46.089946808;-69.76377566
PFY;2014-06-08;-47.55225743;-71.5646229485714
PFY;2014-06-09;-49.238162384;-70.6202297353846
PFY;2014-06-10;-51.253748332;-72.6004646484615
PFY;2014-06-11;-53.696344073;-71.2987723775
PFY;2014-06-12;-53.8467215533333;-73.2597062025
PFY;2014-06-13;-55.8445856155556;-75.5421624291667
PFY;2014-06-14;-57.9389194766667;-77.8989019083333
PFY;2014-06-15;-63.13513936;-80.3316611616667
PFY;2014-06-16;-65.353152055;-82.8180298975
PFY;2014-06-17;-64.8624236790909;-85.4462467241667
PFY;2014-06-18;-67.9603825209091;-88.1511453058333
PFY;2014-06-19;-70.8951261990909;-90.99672957
PFY;2014-06-20;-71.232496595;-93.9170165725
PFY;2014-06-21;-77.5493566966667;-96.9600735841667
PFY;2014-06-22;-80.7707644108333;-100.046439448333
PFY;2014-06-23;-83.3606089266667;-107.613679230909
PFY;2014-06-24;-80.8654299990909;-106.2154474975
PFY;2014-06-25;-76.942660259;-108.96917182
PFY;2014-06-26;-77.3605942966667;-112.073622545833
PFY;2014-06-27;-76.5885523381818;-124.716787962143
PFY;2014-06-28;-79.2501872436364;-123.926339955
PFY;2014-06-29;-77.6550430975;-124.095406801429
PFY;2014-06-30;-86.264224448;-125.529215940714
PFY;2014-07-01;-88.367372513;-128.185319429286
PFY;2014-07-02;-83.88419810625;-130.718860892857
PFY;2014-07-03;-84.845622795;-137.395987864615
PFY;2014-07-04;-89.8800344877778;-146.1542618575
PFY;2014-07-05;-92.2097197822222;-142.974116384545
PFY;2014-07-06;-95.04409312;-146.344631893636
PFY;2014-07-07;-98.0489010788889;-149.499338772727
PFY;2014-07-08;-49.6639633266667;-152.334657127273
PFY;2014-07-09;-13.0093386130833;-146.33537264
PFY;2014-07-10;-11.6411271870833;-148.17006524
PFY;2014-07-11;-10.269301265;-149.28887886
PFY;2014-07-12;-11.3141667144667;-150.60056378
PFY;2014-07-13;-13.6824059559333;-151.95144519
PFY;2014-07-14;-16.5125132441333;-153.61400546
PFY;2014-07-15;-19.91408624;-155.52768817
PFY;2014-07-16;-22.9201314833333;-158.1639026
PFY;2014-07-17;-26.470086575;-160.9977041
PFY;2014-07-18;-32.4575494463636;-164.66382344
PFY;2014-07-19;-37.3300565190909;-168.53741124
PFY;2014-07-20;-39.3268738427273;-169.75450395
PFY;2014-07-21;-12.5529573969286;-178.378293372727
PFY;2014-07-22;-11.6683919041333;-178.126144027273
PFY;2014-07-23;-12.845557045;-156.688942233333
PFY;2014-07-24;-11.915317596;-149.690822512222
PFY;2014-07-25;-12.186990904;-157.28618225
PFY;2014-07-26;-11.433000423;-157.1832297
PFY;2014-07-27;-12.0399598931176;-157.08064425
PFY;2014-07-28;-12.9145242288235;-156.8450429125
PFY;2014-07-29;-9.87799347111111;-53.2097969866667
PFY;2014-07-30;-10.4290064459444;-17.100852741875
PFY;2014-07-31;-12.0936132159444;-20.9781284828571
PFY;2014-08-01;-15.07212006;-25.85034629
PFY;2014-08-02;-17.3979940264706;-26.0260647961538
PFY;2014-08-03;-16.1565210552941;-26.41850357
PFY;2014-08-04;-18.4662777011765;-31.306234373125
PFY;2014-08-05;-18.50369339375;-34.0349008488235
PFY;2014-08-06;-19.84560803;-34.8658357238889
PFY;2014-08-07;-23.406377025;-37.7372896988235
PFY;2014-08-08;-25.601788035;-39.1327255294118
PFY;2014-08-09;-10.9425628152353;-42.4886848285714
PFY;2014-08-10;-12.4650531378824;-42.2932220971429
PFY;2014-08-11;-10.7453247460556;-42.0984460864286
PFY;2014-08-12;-10.3225964876111;-42.7857697753846
PFY;2014-08-13;-10.4909565216111;-41.8180752830769
PFY;2014-08-14;-11.1484106915556;-41.0925159815385
PFY;2014-08-15;-13.3611199848889;-40.9779968561538
PFY;2014-08-16;-16.1356745206111;-41.3713840138462
PFY;2014-08-17;-17.9900517818824;-42.1635153053846
PFY;2014-08-18;-20.0249089753333;-43.2195497192308
PFY;2014-08-19;-17.6341161461333;-44.2593927469231
PFY;2014-08-20;-17.3568229579333;-45.2600510861538
PFY;2014-08-21;-20.09255154;-46.3162765061538
PFY;2014-08-22;-23.8751132536364;-45.7045159564286
PFY;2014-08-23;-27.8920720790909;-47.0635286978571
PFY;2014-08-24;-30.8189353283333;-50.3722521230769
PFY;2014-08-25;-34.4739306833333;-51.8697236507692
PFY;2014-08-26;-17.1430227151875;-52.6111384746154
PFY;2014-08-27;-10.5001676654444;-47.0263078866667
PFY;2014-08-28;-12.1328935324375;-44.3230726041667
PFY;2014-08-29;-15.515257590625;-43.7877824458333
PFY;2014-08-30;-18.22483906;-43.9781861508333
PFY;2014-08-31;-19.726166228;-44.6270177891667
PFY;2014-09-01;-21.4170905769231;-45.4498359566667
PFY;2014-09-02;-24.6090750307692;-44.6552985923077
PFY;2014-09-03;-30.0248895607143;-45.7385740807692
PFY;2014-09-04;-35.2394634013333;-48.6832209733333
PFY;2014-09-05;-37.5604378606667;-47.4923138669231
PFY;2014-09-06;-43.627494635;-46.497631535
PFY;2014-09-07;-44.8264749618182;-47.5929964325
PFY;2014-09-08;-51.89810548;-48.8495139225
PFY;2014-09-09;-59.1450422169231;-50.2212330083333
PFY;2014-09-10;-61.08942939;-51.3607090941667
PFY;2014-09-11;-65.821901667;-54.9982322772727
PFY;2014-09-12;-72.561553976;-56.5545116245455
PFY;2014-09-13;-77.1510842244444;-58.2288462890909
PFY;2014-09-14;-88.4173150466667;-60.09781928
PFY;2014-09-15;-106.86692259125;-62.1214344209091
PFY;2014-09-16;-120.331594865;-64.2085519981818
PFY;2014-09-17;-143.141851236667;-66.4870492445455
PFY;2014-09-18;-188.537682414286;-68.8877503954545
PFY;2014-09-19;-240.232058816667;-71.4545818036364
PFY;2014-09-20;-305.637913385714;-74.3129189418182
PFY;2014-09-21;-365.891730514286;-77.2283513709091
PFY;2014-09-22;-334.263193233333;-79.7327885681818
PFY;2014-09-23;-386.2480129125;-82.56242857
PFY;2014-09-24;-394.385397271429;-85.5023042781818
PFY;2014-09-25;-407.535855542857;-88.4964561927273
PFY;2014-09-26;-422.621849333333;-91.8680679045455
PFY;2014-09-27;-388.330326116667;-95.6102735481818
PFY;2014-09-28;-361.0067804;-103.061010469167
PFY;2014-09-29;-408.2362255;-112.56021231
PFY;2014-09-30;-524.54788695;-116.890444470909
PFY;2014-10-01;-579.481672842857;-120.552123546364
PFY;2014-10-02;-654.8362519125;-125.40377722
PFY;2014-10-03;-766.360470585714;-130.649916607273
PFY;2014-10-04;-823.169049771429;-136.417160390909
PFY;2014-10-05;-885.689632171429;-142.247117603636
PFY;2014-10-06;-288.153015583333;-147.581162868182
PFY;2014-10-07;-112.6411375175;-152.149548902727
PFY;2014-10-08;-120.9918576475;-156.320718212727
PFY;2014-10-09;-135.45356628;-154.260555023
PFY;2014-10-10;-167.11645056;-156.936515993
PFY;2014-10-11;NA;NA
PFY;2014-10-12;NA;NA
PFY;2014-10-13;NA;NA
PFY;2014-10-14;NA;NA
PFY;2014-10-15;NA;NA
PFY;2014-10-16;-40.1284859166667;-180.52607051
PFY;2014-10-17;-39.7851819233333;-182.2132101
PFY;2014-10-18;-32.0913548933333;-184.67354166
PFY;2014-10-19;-35.95768628;-187.39685592
PFY;2014-10-20;-43.777772822;-191.12717318
PFY;2014-10-21;-44.2877621622222;-193.94050782
PFY;2014-10-22;-49.905935624;-196.0375378
PFY;2014-10-23;-51.303272399;-199.2373637
PFY;2014-10-24;-55.183056524;-203.42956562
PFY;2014-10-25;-60.336135465;-207.48109868
PFY;2014-10-26;-58.7444755666667;-210.7089594
PFY;2014-10-27;-62.8700583222222;-214.25149318
PFY;2014-10-28;-79.8714601666667;-217.8606612
PFY;2014-10-29;-91.4802363733333;-222.14490227
PFY;2014-10-30;-141.108958312;-226.83517557
PFY;2014-10-31;-206.043225466667;-231.71338595
PFY;2014-11-01;-289.51386982;-236.84558527
PFY;2014-11-02;-329.82170478;-242.64426375
PFY;2014-11-03;-377.32547332;-248.53490816
PFY;2014-11-04;-240.2829137;-255.68779914
PFY;2014-11-05;-229.98234966;-258.82135477
PFY;2014-11-06;-10.4563182181875;-260.09942613
PFY;2014-11-07;-11.8965120368824;-262.17659126
PFY;2014-11-08;-14.290853185;-262.31291988
PFY;2014-11-09;-16.4889773472222;-261.75215766
PFY;2014-11-10;-18.7031074988889;-249.006928933333
PFY;2014-11-11;-20.1293458429412;-245.214067866667
PFY;2014-11-12;-22.2613722488235;-241.242233511111
PFY;2014-11-13;-21.666522121875;-236.588306288889
PFY;2014-11-14;-21.489262058125;-232.903970622222
PFY;2014-11-15;-20.48106686;-230.280372822222
PFY;2014-11-16;-9.9996837815;-227.378536655556
PFY;2014-11-17;-10.3377557722222;-220.474280511111
PFY;2014-11-18;-10.7564179705556;-206.361611977778
PFY;2014-11-19;-11.7112054613333;-190.922922377778
PFY;2014-11-20;-13.1320768585;-164.98057455125
PFY;2014-11-21;-14.6350772455556;-158.347307926667
PFY;2014-11-22;-15.9882131111111;-142.73294831
PFY;2014-11-23;-17.1719570061111;-125.387965575
PFY;2014-11-24;-18.3501382933333;-118.9252402825
PFY;2014-11-25;-19.3297254483333;-108.070681462857
PFY;2014-11-26;-20.1156429916667;-98.1156355233333
PFY;2014-11-27;-21.0195520066667;-96.0341385333333
PFY;2014-11-28;-22.2076457635294;-94.44871562
PFY;2014-11-29;-23.9973987241176;-98.3340081314286
PFY;2014-11-30;-25.66920002;-96.4248051571429
PFY;2014-12-01;-26.7221427182353;-94.6595974414286
PFY;2014-12-02;-27.2325117311765;-86.80696185625
PFY;2014-12-03;-27.7761748476471;-85.6360547675
PFY;2014-12-04;-28.3863725252941;-84.67157589875
PFY;2014-12-05;-29.8889860866667;-79.2729224188889
PFY;2014-12-06;-30.5980707566667;-78.7528514333333
PFY;2014-12-07;-31.3025109994444;-78.3382987855556
PFY;2014-12-08;-32.0553501033333;-74.431418597
PFY;2014-12-09;-32.7701685811111;-74.275669032
PFY;2014-12-10;-33.4168389544444;-71.0537739290909
PFY;2014-12-11;-34.14337288;-70.9660875845454
PFY;2014-12-12;-34.9773579005556;-70.9993862972727
PFY;2014-12-13;-35.884161395;-71.1643132063636
PFY;2014-12-14;-37.91905213;-71.4493730836364
PFY;2014-12-15;-39.1032007788235;-71.7104410763636
PFY;2014-12-16;-39.8690108170588;-69.3745095941667
PFY;2014-12-17;-32.8979795747059;-73.5545059746154
PFY;2014-12-18;-10.6409964753125;-73.3025009776923
PFY;2014-12-19;-9.94781798217647;-74.7480588881818
PFY;2014-12-20;-9.92996415272222;-68.1121230181818
PFY;2014-12-21;-10.0941802325556;-66.700708333
PFY;2014-12-22;-10.6665225241667;-61.961852278
PFY;2014-12-23;-11.5646996829444;-53.1371387477778
PFY;2014-12-24;-12.6979120266667;-47.730806668
PFY;2014-12-25;-13.7701720911111;-49.0141383936364
PFY;2014-12-26;-14.6817914211111;-49.6965160483333
PFY;2014-12-27;-15.4158217988889;-47.87952075
PFY;2014-12-28;-14.3059636511111;-47.3990141514286
PFY;2014-12-29;-13.0197484617647;-47.2488228384615
PFY;2014-12-30;-12.8549974552941;-46.24669255
PFY;2014-12-31;-12.37793679175;-45.4023873646154
PFY;2015-01-01;-12.21966371875;-43.3846802042857
PFY;2015-01-02;-12.9713494;-43.7585084784615
PFY;2015-01-03;-12.1542581711176;-45.2672083957143
PFY;2015-01-04;-9.68438425233333;-32.83753892875
PFY;2015-01-05;-9.84192492188235;-16.4852543213333
PFY;2015-01-06;-10.2772257652941;-16.103842398125
PFY;2015-01-07;-11.3703616394118;-16.5382216525
PFY;2015-01-08;-13.3721395444444;-17.7197154947059
PFY;2015-01-09;-13.75669195;-18.2496589423529
PFY;2015-01-10;-11.6328985447059;-18.6981453405882
PFY;2015-01-11;-11.3074553028889;-18.54443188
PFY;2015-01-12;-11.8759730074706;-19.0006626758824
PFY;2015-01-13;-12.6493943647059;-19.1869930741176
PFY;2015-01-14;-12.4326325094444;-19.0499845372222
PFY;2015-01-15;-11.8724898907647;-19.6333689911765
PFY;2015-01-16;-12.5147820258824;-19.7753005058824
PFY;2015-01-17;-12.2079731782353;-19.9222044117647
PFY;2015-01-18;-12.1746754035294;-19.9596834347059
PFY;2015-01-19;-12.8669179088235;-19.9832858635294
PFY;2015-01-20;-13.4684177464706;-20.0968752217647
PFY;2015-01-21;-14.2110482352941;-20.2585117235294
PFY;2015-01-22;-14.8358752447059;-20.4510768858824
PFY;2015-01-23;-15.4478504470588;-20.62369722
PFY;2015-01-24;-16.0288455429412;-20.8233291641176
PFY;2015-01-25;-16.6262013717647;-21.0713370747059
PFY;2015-01-26;-17.2435744658824;-21.2885225735294
PFY;2015-01-27;-16.8690167241176;-21.5234618205882
PFY;2015-01-28;-14.2608077511765;-21.7255702594118
PFY;2015-01-29;-13.4940192652941;-21.343165139375
PFY;2015-01-30;-10.5127156422941;-21.10152021625
PFY;2015-01-31;-10.2523690659412;-20.03332967625
PFY;2015-02-01;-10.4376607903529;-19.6851010970588
PFY;2015-02-02;-10.6505664348824;-19.1933621111765
PFY;2015-02-03;-10.9805884137059;-19.0100318964706
PFY;2015-02-04;-11.5532114922353;-18.99726578
PFY;2015-02-05;-12.2271321698235;-19.0883401558824
PFY;2015-02-06;-12.7387171841176;-19.2460389535294
PFY;2015-02-07;-12.8887884258824;-19.3988925605882
PFY;2015-02-08;-12.9026377947059;-19.51452206
PFY;2015-02-09;-12.8668129651875;-19.6309335205882
PFY;2015-02-10;-13.4844743983125;-19.7647596276471
PFY;2015-02-11;-14.4905708276471;-19.92019446
PFY;2015-02-12;-14.6158923735294;-20.0882346488235
PFY;2015-02-13;-14.4275667547059;-20.2387427252941
PFY;2015-02-14;-12.7539918425;-20.4007432429412
PFY;2015-02-15;-10.3232638488824;-20.2198066723529
PFY;2015-02-16;-9.76531708994118;-18.6496723017647
PFY;2015-02-17;-9.81013571476471;-16.5587660452941
PFY;2015-02-18;-9.96265770082353;-15.1733737276471
PFY;2015-02-19;-10.2411946546471;-14.7410424894118
PFY;2015-02-20;-10.5871342752941;-14.8247740723529
PFY;2015-02-21;-10.9907524895882;-15.1169102852941
PFY;2015-02-22;-10.8512988893529;-15.3652405270588
PFY;2015-02-23;-10.2957734539412;-14.9130615694118
PFY;2015-02-24;-10.2697859624118;-14.6268187841176
PFY;2015-02-25;-10.3405480302353;-14.35788488
PFY;2015-02-26;-10.6407468007059;-14.4193224158824
PFY;2015-02-27;-11.0131921562353;-14.7030931141176
PFY;2015-02-28;-11.5595923274118;-15.0836607405882
PFY;2015-03-01;-11.8039291441176;-15.4865901894118
PFY;2015-03-02;-9.94809778694118;-14.5916866441176
PFY;2015-03-03;-9.87552875982353;-11.471618752875
PFY;2015-03-04;-10.0585951727647;-11.1989576754375
PFY;2015-03-05;-10.3877712508235;-11.465999943125
PFY;2015-03-06;-11.0427223562941;-11.933710535625
PFY;2015-03-07;-11.9885608824706;-12.8998799517647
PFY;2015-03-08;-13.17251424;-13.6720944082353
PFY;2015-03-09;-14.0906733461111;-14.4633870905882
PFY;2015-03-10;-15.1233326927778;-15.24068229
PFY;2015-03-11;-16.21298611;-15.98762776
PFY;2015-03-12;-17.2951286116667;-16.6657835341176
PFY;2015-03-13;-18.1990093755556;-17.2850593005882
PFY;2015-03-14;-18.9799747277778;-17.8705258094118
PFY;2015-03-15;-19.7218995361111;-18.4108057917647
PFY;2015-03-16;-20.6513252116667;-18.9317236929412
PFY;2015-03-17;-21.97109799;-19.4644842329412
PFY;2015-03-18;-23.0666204670588;-19.9669270541176
PFY;2015-03-19;-24.9298629752941;-20.4589898947059
PFY;2015-03-20;-26.0959395917647;-20.1101502082353
PFY;2015-03-21;-27.75388284;-20.5271655417647
PFY;2015-03-22;-27.16679788;-20.8965721935294
PFY;2015-03-23;-28.2198397542105;-21.2941808176471
PFY;2015-03-24;-29.2772626794444;-21.7843079635294
PFY;2015-03-25;-31.5838433777778;-22.3834017482353
PFY;2015-03-26;-33.3352513888889;-22.9277620782353
PFY;2015-03-27;-35.3816742861111;-23.4663376617647
PFY;2015-03-28;-38.9984301976471;-24.1248237023529
PFY;2015-03-29;-40.7025920252941;-24.7917200641176
PFY;2015-03-30;-12.3822692288125;-25.1057878282353
PFY;2015-03-31;-9.69914822216667;-20.2371818625
PFY;2015-04-01;-10.1674104851111;-17.3459388252941
PFY;2015-04-02;-11.4252932635;-16.8243106258824
PFY;2015-04-03;-12.5533347737222;-16.592323296875
PFY;2015-04-04;-13.4408939527778;-17.070255165
PFY;2015-04-05;-14.7386527994444;-18.5672769361111
PFY;2015-04-06;-16.3727278344444;-19.1309119583333
PFY;2015-04-07;-17.9962927677778;-19.6665067788889
PFY;2015-04-08;-19.3489970723529;-20.1850131077778
PFY;2015-04-09;-20.9430806470588;-20.725813765
PFY;2015-04-10;-22.478865519375;-20.18817050625
PFY;2015-04-11;-25.199614776875;-20.73040633125
PFY;2015-04-12;-28.9502529482353;-21.303213595
PFY;2015-04-13;-32.2003756052941;-22.02057633
PFY;2015-04-14;-33.3864607973333;-22.185956414
PFY;2015-04-15;-34.4634660830769;-23.079105554
PFY;2015-04-16;-39.7472787383333;-24.062407328
PFY;2015-04-17;-43.9729092736364;-24.910698606
PFY;2015-04-18;-45.6029358025;-26.531789626875
PFY;2015-04-19;-50.5612922038462;-28.2873883611765
PFY;2015-04-20;-54.9546549030769;-29.2244377523529
PFY;2015-04-21;-60.8333914707692;-30.2456237358824
PFY;2015-04-22;-64.8948872608333;-31.4079253423529
PFY;2015-04-23;-64.515755608;-32.6882826370588
PFY;2015-04-24;-85.081263492;-34.0674279888235
PFY;2015-04-25;-103.61354621;-35.3373395752941
PFY;2015-04-26;-130.02644203;-36.3288471641176
PFY;2015-04-27;-167.770141761429;-37.4294875676471
PFY;2015-04-28;-240.633818125;-38.3792820717647
PFY;2015-04-29;-276.3010436375;-39.3173177
PFY;2015-04-30;-289.213513377778;-40.3343332823529
PFY;2015-05-01;-271.7039062625;-37.5532588435294
PFY;2015-05-02;-9.82809791041177;-18.2557477538462
PFY;2015-05-03;-9.73110808163158;-10.8608646143571
PFY;2015-05-04;-9.75714345663158;-10.30923808025
PFY;2015-05-05;-10.1063416895263;-10.369924559125
PFY;2015-05-06;-10.8378063117368;-10.8536458323125
PFY;2015-05-07;-12.8578191905263;-11.69128450625
PFY;2015-05-08;-15.6463057305263;-13.131242949375
PFY;2015-05-09;-17.9827046783333;-14.62830682
PFY;2015-05-10;-20.3688504547059;-16.170654855
PFY;2015-05-11;-22.5311590633333;-18.1086404752941
PFY;2015-05-12;-27.659712108125;-19.4105853482353
PFY;2015-05-13;-31.4028226814286;-20.2059553229412
PFY;2015-05-14;-35.7067843907143;-20.8291694835294
PFY;2015-05-15;-27.165866958;-20.1440051017647
PFY;2015-05-16;-10.0967214132778;-17.2986393461111
PFY;2015-05-17;-11.9204790516667;-15.9383951117647
PFY;2015-05-18;-15.8077788289474;-16.9004473838889
PFY;2015-05-19;-18.1041569278947;-17.4543483411111
PFY;2015-05-20;-19.2797587061111;-17.9153177483333
PFY;2015-05-21;-22.02518264375;-17.8846135447059
PFY;2015-05-22;-22.8685650586667;-18.5695151747059
PFY;2015-05-23;-31.2065066766667;-19.2864454052941
PFY;2015-05-24;-37.685978514;-20.0596112552941
PFY;2015-05-25;-45.901290936;-20.8488847452941
PFY;2015-05-26;-49.6094534423077;-21.5952395270588
PFY;2015-05-27;-59.8643369066667;-21.83267311875
PFY;2015-05-28;-67.6115760711111;-22.907903068125
PFY;2015-05-29;-90.1345257675;-24.252170159375
PFY;2015-05-30;-112.987597661429;-25.70572465
PFY;2015-05-31;-153.73665846;-28.0402867623529
PFY;2015-06-01;-243.34742635;-29.60621876
PFY;2015-06-02;-362.3330406875;-32.12137752
PFY;2015-06-03;-470.199574363636;-33.8812957644444
PFY;2015-06-04;-564.076421463636;-35.7281690977778
PFY;2015-06-05;-640.167471636364;-37.6444796433333
PFY;2015-06-06;-678.346440191667;-39.7203286433333
PFY;2015-06-07;-721.990332561538;-41.8445097455556
PFY;2015-06-08;-820.9918511;-43.51677849
PFY;2015-06-09;-861.104910257143;-44.6996441861111
PFY;2015-06-10;-895.992414242857;-46.8954024264706
PFY;2015-06-11;-893.374951378571;-47.09560647625
PFY;2015-06-12;-938.371558535714;-48.855223983125
PFY;2015-06-13;-937.8094562;-50.933416025
PFY;2015-06-14;-992.693790892857;-51.2069548113333
PFY;2015-06-15;-1041.23382586667;-52.9434745446667
PFY;2015-06-16;-1065.90521966;-54.817993484
PFY;2015-06-17;-1085.57683164;-57.1930538093333
PFY;2015-06-18;-1185.80533645;-60.0772464686667
PFY;2015-06-19;-831.640972288889;-61.9610158933333
PFY;2015-06-20;-759.7335573;-63.33380005
PFY;2015-06-21;-774.881101257143;-73.305931845
PFY;2015-06-22;-779.4362469875;-74.6733491490909
PFY;2015-06-23;-752.823263866667;-78.4096122345454
PFY;2015-06-24;-828.3575246625;-82.3179863172727
PFY;2015-06-25;-900.213452844444;-93.029389835
PFY;2015-06-26;-1005.86062067;-97.1836912888889
PFY;2015-06-27;-1092.25539576154;-99.4066208875
PFY;2015-06-28;-1131.67761176923;-108.1372261625
PFY;2015-06-29;-1149.30088661538;-119.55887564625
PFY;2015-06-30;-1165.53329841538;-122.911293414286
PFY;2015-07-01;-1145.04531504667;-135.632259457143
PFY;2015-07-02;-1136.2424472;-150.736295657143
PFY;2015-07-03;-1146.57288728667;-151.296885733333
PFY;2015-07-04;-1145.42170902;-167.350347216667
PFY;2015-07-05;-1185.5792972;-185.475772383333
PFY;2015-07-06;-1248.27875082;-204.735908666667
PFY;2015-07-07;-1218.68093708125;-226.420192583333
PFY;2015-07-08;-1302.42496970625;-246.920718416667
PFY;2015-07-09;-1458.26621010625;-276.551838983333
PFY;2015-07-10;-1531.9004423125;-308.4191875
PFY;2015-07-11;-1494.0730631875;-371.541369057143
PFY;2015-07-12;-1483.9047808125;-415.649311557143
PFY;2015-07-13;-1488.97838666667;-459.326785714286
PFY;2015-07-14;-1491.83254733333;-534.751871225
PFY;2015-07-15;-1434.94615883125;-576.0970959625
PFY;2015-07-16;-1421.17580673125;-621.5093333875
PFY;2015-07-17;-1435.4553605;-662.253776025
PFY;2015-07-18;-1561.8857590625;-678.52946165
PFY;2015-07-19;-1543.461837;-698.6616758
PFY;2015-07-20;-1462.77816891875;-721.00234375
PFY;2015-07-21;-1399.88508141875;-714.275419371429
PFY;2015-07-22;-1395.55070766875;-744.200297657143
PFY;2015-07-23;-1451.43691675;-796.27810085
PFY;2015-07-24;-1423.52492145625;-815.528415625
PFY;2015-07-25;-1324.50217116;-818.222626875
PFY;2015-07-26;-488.59609375;-847.382930522222
PFY;2015-07-27;-330.95659815;-838.1767814
PFY;2015-07-28;-107.090972233333;-833.935495811111
PFY;2015-07-29;-178.686458333333;-861.45117118
PFY;2015-07-30;-205.686417166667;-853.28459608
PFY;2015-07-31;-299.3096354125;-872.74524783
PFY;2015-08-01;-352.6982456125;-874.55495573
PFY;2015-08-02;-78.2739583433333;-905.907453833333
PFY;2015-08-03;-52.3029071542857;-906.570949044444
PFY;2015-08-04;-116.496874994286;-907.744050277778
PFY;2015-08-05;-217.8511087875;-913.1027288
PFY;2015-08-06;-327.353356488889;-934.545780766667
PFY;2015-08-07;-457.35916667;-956.421138788889
PFY;2015-08-08;-588.918962909091;-978.586517388889
PFY;2015-08-09;-875.657078308333;-990.300189544444
PFY;2015-08-10;-45.103125;-1012.34760414
PFY;2015-08-11;-21.8466164583333;-995.91927087
PFY;2015-08-12;-41.212187499;-982.28906257
PFY;2015-08-13;-74.9863791275;-969.58233361
PFY;2015-08-14;-71.6514822733333;-952.21316685
PFY;2015-08-15;-10.3730617268667;-928.35778161
PFY;2015-08-16;-10.1654424476471;-908.34055211
PFY;2015-08-17;-13.6278086616667;-897.23020939
PFY;2015-08-18;-19.5205074311765;-882.05725626
PFY;2015-08-19;-20.0991350626667;-806.650517288889
PFY;2015-08-20;-24.740819235;-581.2610343
PFY;2015-08-21;-36.358331715;-573.073259733333
PFY;2015-08-22;-46.7635560053846;-527.18445555
PFY;2015-08-23;-59.1700303461538;-505.62783385
PFY;2015-08-24;-65.5291877766667;-484.453018725
PFY;2015-08-25;-75.6641717269231;-468.754947925
PFY;2015-08-26;-81.440949316;-467.648697925
PFY;2015-08-27;-112.404629641111;-474.551041675
PFY;2015-08-28;-187.924652777778;-537.18833332
PFY;2015-08-29;-262.66294825;-539.11125
PFY;2015-08-30;-373.847339078571;-594.76475695
PFY;2015-08-31;-512.2276003;-607.455592383333
PFY;2015-09-01;-597.299098973333;-613.117975
PFY;2015-09-02;-631.612145653333;-607.65197595
PFY;2015-09-03;-724.023809528571;-627.1126736
PFY;2015-09-04;-948.931631476923;-599.741517857143
PFY;2015-09-05;-999.029797135714;-631.238348371429
PFY;2015-09-06;-1108.01588347143;-615.852994775
PFY;2015-09-07;-1107.36403512308;-653.4656249875
PFY;2015-09-08;-1222.95536628571;-690.6529947875
PFY;2015-09-09;-1275.26747661429;-730.5124286875
PFY;2015-09-10;-1338.36150152143;-809.311582066667
PFY;2015-09-11;-1440.27653566667;-832.565438011111
PFY;2015-09-12;-1455.51839426667;-856.604005666667
PFY;2015-09-13;-1455.14301682;-878.908449111111
PFY;2015-09-14;-874.7328487;-878.270491222222
PFY;2015-09-15;-265.3541667;-865.871586844444
PFY;2015-09-16;-343.2556854;-860.334985055556
PFY;2015-09-17;-604.28729166;-855.487682511111
PFY;2015-09-18;-746.229691233333;-843.997193811111
PFY;2015-09-19;-845.0390991;-850.423032444444
PFY;2015-09-20;-892.355518114286;-868.573034866667
PFY;2015-09-21;-1133.86035692222;-889.267708333333
PFY;2015-09-22;-1319.90068902727;-907.823958333333
PFY;2015-09-23;-1457.85451439167;-920.4149306
PFY;2015-09-24;-1622.40706592308;-931.044562633333
PFY;2015-09-25;-1692.42441007692;-1003.58410773
PFY;2015-09-26;-1744.27820502308;-1034.4291897
PFY;2015-09-27;-1867.58097314167;-1061.64222926
PFY;2015-09-28;-1881.814477975;-1086.2890625
PFY;2015-09-29;-2014.57987458333;-1106.11507735
PFY;2015-09-30;-2132.27777683333;-1128.89645844
PFY;2015-10-01;-2118.18477383333;-1161.40776853
PFY;2015-10-02;-2165.6293805;-1129.84864800909
PFY;2015-10-03;-2105.55228408333;-1144.98200960909
PFY;2015-10-04;-2104.35879941667;-1149.57682072727
PFY;2015-10-05;-2143.642178;-1152.45106009091
PFY;2015-10-06;-1999.61592574615;-1228.3585416
PFY;2015-10-07;-1994.06380507692;-1217.89352983
PFY;2015-10-08;-2101.63927716667;-1201.48171179
PFY;2015-10-09;-2173.25727291667;-1196.48422036
PFY;2015-10-10;-2245.61719541667;-1200.44010975
PFY;2015-10-11;NA;NA
PFY;2015-10-12;-2284.82354508333;-1230.57801954
PFY;2015-10-13;-2258.92477208333;-1243.08395272
PFY;2015-10-14;-2368.28120227273;-1248.40042093
PFY;2015-10-15;-2534.08642736364;-1262.52993087
PFY;2015-10-16;-2453.59352677778;-1267.24650743
PFY;2015-10-17;-2480.42986111111;-1275.47443187
PFY;2015-10-18;-2529.78599544444;-1290.03017823
PFY;2015-10-19;-2361.18889133333;-1301.5203125
PFY;2015-10-20;-2416.855836;-1303.42463707
PFY;2015-10-21;-2354.912425125;-1313.5227493
PFY;2015-10-22;-2270.78086166667;-1330.32295505
PFY;2015-10-23;-2368.58427866667;-1346.07800573
PFY;2015-10-24;-2389.217736;-1364.49513767
PFY;2015-10-25;-2334.29418727273;-1388.4272825
PFY;2015-10-26;-2421.74353909091;-1405.23733773
PFY;2015-10-27;-2459.3792287;-1423.76197907
PFY;2015-10-28;-2266.37821016667;-1444.2080264
PFY;2015-10-29;-1416.29610554286;-1445.5571282
PFY;2015-10-30;-1339.05788;-1428.9801301
PFY;2015-10-31;-1121.78541666667;-1421.829516
PFY;2015-11-01;-966.2904168;-1422.5359374
PFY;2015-11-02;-1068.6324032;-1429.0218334
PFY;2015-11-03;-1081.70868421667;-1442.6394322
PFY;2015-11-04;-1067.51207877778;-1428.2392653
PFY;2015-11-05;-1073.7542010125;-1415.3649354
PFY;2015-11-06;-1077.44832604444;-1415.7024661
PFY;2015-11-07;-1164.88770443636;-1418.0174851
PFY;2015-11-08;-1245.96154904545;-1426.4236111
PFY;2015-11-09;-1354.19406958462;-1436.4875375
PFY;2015-11-10;-1488.99586671429;-1446.6723539
PFY;2015-11-11;-1484.65654133571;-1452.7800099
PFY;2015-11-12;-1640.566835;-1467.0502709
PFY;2015-11-13;-1808.17235478571;-1488.4591278
PFY;2015-11-14;-1839.60385735714;-1507.3232823
PFY;2015-11-15;-1940.964887125;-1516.5452083
PFY;2015-11-16;-1941.60526073333;-1451.97468163636
PFY;2015-11-17;-1985.6814794375;-1463.01262848182
PFY;2015-11-18;-1987.324277;-1477.56003281818
PFY;2015-11-19;-2049.33236475;-1482.45302484545
PFY;2015-11-20;-1257.063945725;-1483.12661948182
PFY;2015-11-21;-10.2731329646154;-1506.51983655556
PFY;2015-11-22;-11.5172605526667;-837.2523813
PFY;2015-11-23;-13.996779913125;-619.34034045
PFY;2015-11-24;-16.5567967917647;-375.80103095
PFY;2015-11-25;-17.5322072447059;-224.426041666667
PFY;2015-11-26;-13.01573824;-170.654513866667
PFY;2015-11-27;-10.6287300523529;-122.12890625
PFY;2015-11-28;-11.7670097488235;-70.61079083
PFY;2015-11-29;-12.7092135629412;-59.6501147188889
PFY;2015-11-30;-13.3324173941176;-59.8929769933333
PFY;2015-12-01;-14.4824163417647;-55.703649705
PFY;2015-12-02;-15.16933083125;-53.3084198416667
PFY;2015-12-03;-16.189840038125;-51.7979704025
PFY;2015-12-04;-17.20109647;-48.9968440638462
PFY;2015-12-05;-17.99937039125;-48.4808550092308
PFY;2015-12-06;-18.699468206875;-48.1475597315385
PFY;2015-12-07;-19.411293349375;-47.9222062530769
PFY;2015-12-08;-20.10026036;-47.8056133538462
PFY;2015-12-09;-20.6755382825;-47.7556089746154
PFY;2015-12-10;-21.175923736875;-47.7027930869231
PFY;2015-12-11;-21.764698151875;-47.7213215369231
PFY;2015-12-12;-22.371790635;-47.7409810330769
PFY;2015-12-13;-23.041425045;-47.76975118
PFY;2015-12-14;-23.616219069375;-47.7954467346154
PFY;2015-12-15;-24.27618395625;-47.8115384623077
PFY;2015-12-16;-23.78185384;-47.8557546630769
PFY;2015-12-17;-21.349234868;-47.9625422515385
PFY;2015-12-18;-21.2568310226667;-48.0963809992308
PFY;2015-12-19;-22.5765885;-48.2243589753846
PFY;2015-12-20;-23.222898850625;-48.3470022146154
PFY;2015-12-21;-23.916327884375;-48.4428082869231
PFY;2015-12-22;-24.468837938125;-48.5360830746154
PFY;2015-12-23;-25.08553241375;-48.6186616123077
PFY;2015-12-24;-25.773468951875;-48.7165064092308
PFY;2015-12-25;-26.51458389125;-48.8337637123077
PFY;2015-12-26;-27.288656111875;-48.9668269230769
PFY;2015-12-27;-28.15640213875;-49.13396224
PFY;2015-12-28;-29.070932900625;-49.3171895646154
PFY;2015-12-29;-29.873493870625;-49.4882355976923
PFY;2015-12-30;-30.45892926;-49.6181073223077
PFY;2015-12-31;-31.13920301;-49.7667493246154
PFY;2016-01-01;-31.756589173125;-49.9716607623077
PFY;2016-01-02;-32.198811344375;-50.2151524915385
PFY;2016-01-03;-29.211599089375;-50.4056709292308
PFY;2016-01-04;-19.232695528;-52.779892305
PFY;2016-01-05;-10.0298545546875;-50.5520948992308
PFY;2016-01-06;-10.0585142179412;-49.1630102030769
PFY;2016-01-07;-10.4308491164706;-46.6637061876923
PFY;2016-01-08;-10.5450597224118;-43.4766081476923
PFY;2016-01-09;-9.76030837527778;-32.2752179008333
PFY;2016-01-10;-9.72941308889474;-12.7637790966667
PFY;2016-01-11;-9.57647253752632;-10.439449536875
PFY;2016-01-12;-9.52582678678947;-9.96865891988235
PFY;2016-01-13;-9.53700120663158;-9.97061097611765
PFY;2016-01-14;-9.77467026689474;-10.3453893148333
PFY;2016-01-15;-10.0651546618947;-10.6509587392222
PFY;2016-01-16;-10.4898250266316;-11.2924545033333
PFY;2016-01-17;-11.0956067141053;-12.0571196761111
PFY;2016-01-18;-12.3243167863158;-12.8516028866667
PFY;2016-01-19;-13.5724464705263;-13.7244677677778
PFY;2016-01-20;-13.9634488268421;-14.5899436805556
PFY;2016-01-21;-14.2667683052632;-15.3702922155556
PFY;2016-01-22;-15.5206141147368;-16.0660687005556
PFY;2016-01-23;-16.3075182547368;-16.6763852344444
PFY;2016-01-24;-16.5295848178947;-17.1881582411111
PFY;2016-01-25;-16.4076653068421;-17.6322625061111
PFY;2016-01-26;-16.2938939236842;-18.0020218833333
PFY;2016-01-27;-16.2927202294737;-18.3137052216667
PFY;2016-01-28;-16.5062085478947;-18.59884731
PFY;2016-01-29;-16.9454666989474;-18.8491707233333
PFY;2016-01-30;-17.3456937863158;-19.0675889038889
PFY;2016-01-31;-10.4197112576111;-18.2639298094444
PFY;2016-02-01;-9.67300854311111;-12.4826388876111
PFY;2016-02-02;-9.92661916888889;-11.4965797420556
PFY;2016-02-03;-10.3949390637368;-11.763779095
PFY;2016-02-04;-10.5100809698421;-12.0353593933333
PFY;2016-02-05;-10.0166109787222;-11.9987363966667
PFY;2016-02-06;-10.4738177761579;-11.8838569505556
PFY;2016-02-07;-10.7802778257895;-12.2303943972222
PFY;2016-02-08;-10.8317009263158;-12.54084707
PFY;2016-02-09;-10.7022853396111;-12.8270320961111
PFY;2016-02-10;-10.3079051304737;-11.5925931888889
PFY;2016-02-11;-10.4509360061579;-11.3416964972222
PFY;2016-02-12;-10.7349007391053;-11.6440125038889
PFY;2016-02-13;-10.8352259812105;-12.0525538333333
PFY;2016-02-14;-10.2347346871053;-11.384843715
PFY;2016-02-15;-10.0640436791053;-10.5146746133889
PFY;2016-02-16;-10.1147417202632;-10.4483681673333
PFY;2016-02-17;-10.3214596545789;-10.6156876422778
PFY;2016-02-18;-10.6103696605263;-10.9233993183333
PFY;2016-02-19;-10.8838287915789;-11.334821855
PFY;2016-02-20;-11.2222840272105;-11.7580935361111
PFY;2016-02-21;-10.5834085047368;-12.0040791105556
PFY;2016-02-22;-10.6212751695263;-11.8915329388889
PFY;2016-02-23;-10.8304262701579;-12.0234092783333
PFY;2016-02-24;-10.8326678222632;-12.193985695
PFY;2016-02-25;-10.5939001723684;-12.2280642222222
PFY;2016-02-26;-10.7188047571053;-11.9829091011111
PFY;2016-02-27;-11.1384409419474;-12.2153582827778
PFY;2016-02-28;-11.0046819745789;-12.5781709627778
PFY;2016-02-29;-10.8889199963158;-12.5327473194444
PFY;2016-03-01;-11.4207431268421;-12.7523641661111
PFY;2016-03-02;-12.2528223919474;-13.1899450294444
PFY;2016-03-03;-12.2177792515789;-13.6918084694444
PFY;2016-03-04;-12.5496615736842;-14.1289719905556
PFY;2016-03-05;-12.4319528568947;-14.6001773483333
PFY;2016-03-06;-11.5056239968421;-14.7406315622222
PFY;2016-03-07;-12.2907228979474;-14.8291011022222
PFY;2016-03-08;-13.2097278998421;-15.1854680233333
PFY;2016-03-09;-14.1982531631579;-15.6194581661111
PFY;2016-03-10;-15.2271234636842;-16.1569906438889
PFY;2016-03-11;-16.19449353;-16.6826193788889
PFY;2016-03-12;-17.0174665031579;-17.1795983461111
PFY;2016-03-13;-17.9031553626316;-17.6822813116667
PFY;2016-03-14;-18.8803577357895;-18.1379093716667
PFY;2016-03-15;-19.7712295131579;-18.5330601627778
PFY;2016-03-16;-20.2066753544444;-18.9143339538889
PFY;2016-03-17;-21.5795632311111;-19.2711241716667
PFY;2016-03-18;-23.3566908566667;-19.6257651338889
PFY;2016-03-19;-25.7024585761111;-20.0045125905556
PFY;2016-03-20;-28.690477195;-20.3947475183333
PFY;2016-03-21;-31.786647475;-20.819661915
PFY;2016-03-22;-35.4925422994118;-20.6684236194118
PFY;2016-03-23;-38.3887720058824;-21.1017156852941
PFY;2016-03-24;-44.0544378646667;-21.53557598
PFY;2016-03-25;-46.913831616;-21.9363982623529
PFY;2016-03-26;-48.5120230792857;-22.3910602394118
PFY;2016-03-27;-51.8806992076923;-22.9946265470588
PFY;2016-03-28;-54.6747213007692;-23.4836003611765
PFY;2016-03-29;-55.3240493;-24.1390173341176
PFY;2016-03-30;-57.370510498;-24.8024863558824
PFY;2016-03-31;-60.468816918;-25.6850215182353
PFY;2016-04-01;-70.94374015;-26.6305460194118
PFY;2016-04-02;-75.08853782;-27.5557921394118
PFY;2016-04-03;-102.583207145556;-28.6678249147059
PFY;2016-04-04;-134.604768332;-29.9090291764706
PFY;2016-04-05;-187.73424615;-31.0446748023529
PFY;2016-04-06;-172.48672255;-31.5880691576471
PFY;2016-04-07;-140.3185622675;-32.1376584770588
PFY;2016-04-08;-131.2235685425;-32.7972521605882
PFY;2016-04-09;-42.7211245122222;-33.1191053917647
PFY;2016-04-10;-34.7693360144444;-33.5141573347059
PFY;2016-04-11;-34.1432939125;-34.1320194070588
PFY;2016-04-12;-41.1429192941667;-35.778843694375
PFY;2016-04-13;-48.5781960083333;-36.36399672375
PFY;2016-04-14;-54.2566465633333;-36.79381624125
PFY;2016-04-15;-55.6416822;-37.35153900875
PFY;2016-04-16;-60.5227009145455;-37.84816902875
PFY;2016-04-17;-65.08526242;-38.26110371125
PFY;2016-04-18;-66.5131384318182;-38.436434843125
PFY;2016-04-19;-73.803634867;-39.019140625
PFY;2016-04-20;-84.403214472;-39.911265225625
PFY;2016-04-21;-100.940134816;-40.904080865
PFY;2016-04-22;-111.100838215556;-41.841080714375
PFY;2016-04-23;-61.274662213;-42.33614045
PFY;2016-04-24;-53.66656770125;-42.829923015
PFY;2016-04-25;-47.5297533288889;-43.332874981875
PFY;2016-04-26;-52.035408382;-43.984568871875
PFY;2016-04-27;-62.1333442691667;-44.71162269
PFY;2016-04-28;-61.4722870681818;-45.317578690625
PFY;2016-04-29;-68.2677110583333;-44.454896372
PFY;2016-04-30;-87.448951945;-45.204450172
PFY;2016-05-01;-97.8390750233333;-45.4982945906667
PFY;2016-05-02;-100.005429906667;-45.9273317386667
PFY;2016-05-03;-110.78380041;-46.4619062373333
PFY;2016-05-04;-126.542426746667;-47.201207602
PFY;2016-05-05;-166.8864798125;-48.3394135926667
PFY;2016-05-06;-218.827190425;-49.784604504
PFY;2016-05-07;-275.884682322222;-51.6023611106667
PFY;2016-05-08;-315.069604988889;-53.5545768893333
PFY;2016-05-09;-426.06889282;-55.8067758566667
PFY;2016-05-10;-571.877330978571;-57.0262027485714
PFY;2016-05-11;-678.352595171429;-57.3150186676923
PFY;2016-05-12;-776.810079373333;-57.9464537069231
PFY;2016-05-13;-116.065379083;-57.4452724369231
PFY;2016-05-14;-14.4147972376923;-57.6379968376923
PFY;2016-05-15;-19.00539373;-58.1268107330769
PFY;2016-05-16;-27.7335539892308;-58.5769230769231
PFY;2016-05-17;-41.4403201815385;-59.2929156738462
PFY;2016-05-18;-58.5180529457143;-60.3511354838462
PFY;2016-05-19;-67.42859083;-60.8538676323077
PFY;2016-05-20;-79.916031795;-61.6517829392308
PFY;2016-05-21;-109.946416656;-63.5774104553846
PFY;2016-05-22;-177.088121344444;-66.7479373184615
PFY;2016-05-23;-122.6680715525;-67.2686633861538
PFY;2016-05-24;-16.862680606;-66.9667088015385
PFY;2016-05-25;-20.732147431;-67.7214619692308
PFY;2016-05-26;-40.0092400054545;-68.4657988238462
PFY;2016-05-27;-55.6892944691667;-70.0684964069231
PFY;2016-05-28;-78.6976694572727;-72.7118302361538
PFY;2016-05-29;-59.853807019;-72.6950894061538
PFY;2016-05-30;-11.0777096383077;-71.9990478461538
PFY;2016-05-31;-15.6325797986667;-72.4836591061539
PFY;2016-06-01;-21.1611031373333;-72.5124813846154
PFY;2016-06-02;-22.366188752;-71.1720005515385
PFY;2016-06-03;-25.08792009;-72.4714566414286
PFY;2016-06-04;-35.0781421715385;-71.0734515978571
PFY;2016-06-05;-44.9501266345455;-67.913129642
PFY;2016-06-06;-57.566445011;-68.8479596953333
PFY;2016-06-07;-74.3580226163636;-67.6990895092857
PFY;2016-06-08;-102.277753760909;-70.6956552576923
PFY;2016-06-09;-116.982765102;-70.8823138623077
PFY;2016-06-10;-175.797438622222;-75.0581617715385
PFY;2016-06-11;-263.039563933333;-77.2633375407692
PFY;2016-06-12;-323.31834109;-78.2640631030769
PFY;2016-06-13;-366.9123017;-75.4038940066667
PFY;2016-06-14;-433.877936866667;-76.9047813733333
PFY;2016-06-15;-524.945478230769;-89.0876206091667
PFY;2016-06-16;-573.526193992308;-87.9959898363636
PFY;2016-06-17;-146.1707201775;-92.9332820116667
PFY;2016-06-18;-76.32829236375;-96.34199569
PFY;2016-06-19;-124.191585106;-104.168201647273
PFY;2016-06-20;-200.596302675;-111.691414879091
PFY;2016-06-21;-293.0036345;-117.068181120909
PFY;2016-06-22;-388.722802288889;-117.591515267
PFY;2016-06-23;-580.667008553846;-127.9221267975
PFY;2016-06-24;-695.161507806667;-147.641765535
PFY;2016-06-25;-655.959200769231;-158.95443795
PFY;2016-06-26;-526.63953266;-160.350862775
PFY;2016-06-27;-593.41195685;-181.970106971429
PFY;2016-06-28;-772.037173591667;-244.977775271429
PFY;2016-06-29;-764.722438371429;-311.478464933333
PFY;2016-06-30;-853.438958628571;-293.96808775
PFY;2016-07-01;-871.54420005;-270.46098922
PFY;2016-07-02;-900.715057692857;-325.441163333333
PFY;2016-07-03;-943.857015984615;-321.8784759
PFY;2016-07-04;-965.715071592857;-334.0922779
PFY;2016-07-05;-1019.42702863846;-360.3078275625
PFY;2016-07-06;-1022.004857925;-411.6710769
PFY;2016-07-07;-1090.04609971875;-470.7305877625
PFY;2016-07-08;-1134.22626085;-603.34371779
PFY;2016-07-09;-1151.75910645625;-689.733521845455
PFY;2016-07-10;-1155.3857812;-782.552591716667
PFY;2016-07-11;-1100.27444767778;-832.92751935
PFY;2016-07-12;-857.631204769231;-841.815970108333
PFY;2016-07-13;-178.02083335;-800.101094408333
PFY;2016-07-14;-313.8760417;-781.3656346
PFY;2016-07-15;-394.7103613;-781.947155416667
PFY;2016-07-16;-347.44300726;-803.45506025
PFY;2016-07-17;-671.026539457143;-832.613089883333
PFY;2016-07-18;-920.770041009091;-868.815052616667
PFY;2016-07-19;-1010.46962645455;-906.51793805
PFY;2016-07-20;-1139.53375823846;-943.534288233333
PFY;2016-07-21;-1150.44416958667;-979.896026116667
PFY;2016-07-22;-1178.46761882667;-1004.85190244167
PFY;2016-07-23;-1290.37314455556;-983.969867491667
PFY;2016-07-24;-1109.83222810833;-1017.28107166923
PFY;2016-07-25;-1133.19527301667;-1037.41026642308
PFY;2016-07-26;-1167.04465458333;-1061.62431870769
PFY;2016-07-27;-1226.18983324;-1094.15818764615
PFY;2016-07-28;-1340.38189073333;-1123.43412956923
PFY;2016-07-29;-1335.7509710875;-1159.07357241538
PFY;2016-07-30;-1364.70829776875;-1192.71026823077
PFY;2016-07-31;-1399.54861719333;-1203.31849243846
PFY;2016-08-01;-1285.31576760909;-1192.62471886923
PFY;2016-08-02;-1366.63675113333;-1191.48777949231
PFY;2016-08-03;-1269.34560318182;-1198.67918996154
PFY;2016-08-04;-1370.58549688462;-1219.6946057
PFY;2016-08-05;-1109.28825245;-1218.76922698462
PFY;2016-08-06;-1217.5767808;-1203.33742747692
PFY;2016-08-07;-990.12156028;-1204.02796307692
PFY;2016-08-08;-1069.54570439;-1215.28242548462
PFY;2016-08-09;-1202.73430309091;-1223.31055023077
PFY;2016-08-10;-1241.3918642;-1217.39301209231
PFY;2016-08-11;-1050.8812499;-1207.77113148462
PFY;2016-08-12;-1071.200446925;-1208.79030673846
PFY;2016-08-13;-760.355262066667;-1214.49195954615
PFY;2016-08-14;-924.786075644444;-1225.55363656923
PFY;2016-08-15;-1108.84523244545;-1240.19858842308
PFY;2016-08-16;-1272.58618711333;-1254.91621229231
PFY;2016-08-17;-1363.5113661125;-1274.221241
PFY;2016-08-18;-1443.5580616875;-1297.91009871538
PFY;2016-08-19;-1451.7626453125;-1309.48286107692
PFY;2016-08-20;-1477.85893724375;-1323.41877318462
PFY;2016-08-21;-1538.523645875;-1327.53985217692
PFY;2016-08-22;-1632.8520864375;-1355.94746209231
PFY;2016-08-23;-1610.53030164375;-1385.04029438462
PFY;2016-08-24;-1496.82379351765;-1411.60388823077
PFY;2016-08-25;-1444.62676797059;-1431.32860192308
PFY;2016-08-26;-1415.32852899412;-1446.03307574615
PFY;2016-08-27;-1381.14634877647;-1450.44777243077
PFY;2016-08-28;-1441.94118993529;-1454.38623615385
PFY;2016-08-29;-1459.06603806471;-1463.79277961538
PFY;2016-08-30;-1518.63068085882;-1476.36757943846
PFY;2016-08-31;-1593.64564820625;-1492.49807730769
PFY;2016-09-01;-1609.82602713333;-1510.42862502308
PFY;2016-09-02;-1650.831834;-1526.09816925385
PFY;2016-09-03;-1673.90654733333;-1543.37949194615
PFY;2016-09-04;-1724.99406246667;-1554.62162194615
PFY;2016-09-05;-1594.94891214286;-1557.73988864615
PFY;2016-09-06;-322.5465278;-1548.02957576923
PFY;2016-09-07;-318.8950206;-1538.30351328462
PFY;2016-09-08;-257.28475942;-1524.49357853846
PFY;2016-09-09;-459.2695306;-1512.50540523077
PFY;2016-09-10;-655.90912002;-1502.328115
PFY;2016-09-11;-1017.08333342857;-1502.39059492308
PFY;2016-09-12;-1151.14269771429;-1456.82312116429
PFY;2016-09-13;-1355.43935470625;-1471.04044109286
PFY;2016-09-14;-1477.25905588824;-1446.23735004
PFY;2016-09-15;-1527.94799388235;-1470.61582893333
PFY;2016-09-16;-1710.46534729412;-1540.259761375
PFY;2016-09-17;-1823.83930305882;-1501.32892222
PFY;2016-09-18;-1894.33824729412;-1513.02186024667
PFY;2016-09-19;-1877.53038970588;-1531.0489772
PFY;2016-09-20;-1930.35262217647;-1610.1499901875
PFY;2016-09-21;-1925.03145711765;-1630.76766508125
PFY;2016-09-22;-1882.41569354444;-1639.74212248125
PFY;2016-09-23;-1914.10258577778;-1657.67732929375
PFY;2016-09-24;-1938.66309005556;-1679.18470198125
PFY;2016-09-25;-2007.98751172222;-1702.79748354375
PFY;2016-09-26;-1977.32215038889;-1722.2155204375
PFY;2016-09-27;-1516.34050618182;-1655.20231386667
PFY;2016-09-28;-1649.172909;-1675.85690471429
PFY;2016-09-29;NA;NA
PFY;2016-09-30;NA;NA
PFY;2016-10-01;NA;NA
PFY;2016-10-02;NA;NA
PFY;2016-10-03;NA;NA
PFY;2016-10-04;NA;NA
PFY;2016-10-05;NA;NA
PFY;2016-10-06;NA;NA
PFY;2016-10-07;-1849.25155551111;-1676.03613037143
PFY;2016-10-08;-1885.92728022222;-1704.87699314286
PFY;2016-10-09;-1954.24695944444;-1734.81532728571
PFY;2016-10-10;-2087.1231805;-1655.98634333333
PFY;2016-10-11;-2072.933785;-1681.695307
PFY;2016-10-12;-2007.7797914;-1709.35502333333
PFY;2016-10-13;-1883.274368;-1747.15981
PFY;2016-10-14;-1649.99853425;-1771.7325425
PFY;2016-10-15;-291.923173333333;-1645.38794652857
PFY;2016-10-16;-310.49055108;-1631.4332706
PFY;2016-10-17;-296.407641428571;-1618.17425638571
PFY;2016-10-18;-343.330894783333;-1601.22321432857
PFY;2016-10-19;-436.57474744;-1696.1153645875
PFY;2016-10-20;-581.39498802;-1689.603671425
PFY;2016-10-21;-836.840295733333;-1692.831644625
PFY;2016-10-22;-1002.43169841667;-1589.42152241429
PFY;2016-10-23;-1228.92983724286;-1612.14785552857
PFY;2016-10-24;-1302.49825535556;-1635.36979171429
PFY;2016-10-25;-1260.66604458182;-1637.84676857143
PFY;2016-10-26;-490.829091875;-1605.16038228571
PFY;2016-10-27;-28.2357766816667;-1562.8508521
PFY;2016-10-28;-27.84161732;-1538.35303771429
PFY;2016-10-29;-34.2854072685714;-1527.7839041
PFY;2016-10-30;-39.1050455225;-1522.07393647143
PFY;2016-10-31;-41.146505281;-1514.37518474286
PFY;2016-11-01;-46.097722582;-1496.009505
PFY;2016-11-02;-51.291920099;-1491.34586561429
PFY;2016-11-03;-59.2190700966667;-1483.49768428571
PFY;2016-11-04;-71.019289657;-1481.15290418571
PFY;2016-11-05;-81.6295982911111;-1482.20660578571
PFY;2016-11-06;-53.418166554;-1467.97884674286
PFY;2016-11-07;-14.7064229709091;-1454.32900828571
PFY;2016-11-08;-17.242047048;-1456.80640202857
PFY;2016-11-09;-19.785692494;-1362.5102534125
PFY;2016-11-10;-12.3929299190909;-1367.25808445
PFY;2016-11-11;-10.2495319052353;-1142.51957293333
PFY;2016-11-12;-10.1516412129412;-953.8525263
PFY;2016-11-13;-11.5840731696667;-981.814328375
PFY;2016-11-14;-10.7928674125556;NA
PFY;2016-11-15;-11.0765239520556;-106.57310305
PFY;2016-11-16;-12.1633641486111;-70.6906700283333
PFY;2016-11-17;-13.6902714911111;-60.9069124428571
PFY;2016-11-18;-15.3147284027778;-61.244246925
PFY;2016-11-19;-12.3597036383333;-55.447758534
PFY;2016-11-20;-11.1711558067778;-51.487245319
PFY;2016-11-21;-13.0029147761111;-48.509360338
PFY;2016-11-22;-15.996544875;-50.2661199927273
PFY;2016-11-23;-18.4036066323529;-47.7627534375
PFY;2016-11-24;-20.9042293470588;-47.9074473616667
PFY;2016-11-25;-23.0489760923529;-48.23099327
PFY;2016-11-26;-24.3461342088235;-50.5566137692308
PFY;2016-11-27;-25.2558855635294;-50.6061928723077
PFY;2016-11-28;-25.9579757882353;-52.7548186928571
PFY;2016-11-29;-26.7304214935294;-52.7556990457143
PFY;2016-11-30;-27.4251322494118;-52.7719568457143
PFY;2016-12-01;-28.2027498288235;-52.8827232821429
PFY;2016-12-02;-28.9995270111765;-53.0677946885714
PFY;2016-12-03;-29.7557164735294;-53.2250945021429
PFY;2016-12-04;-30.4460287505882;-53.3261461407143
PFY;2016-12-05;-31.0872575941176;-53.4038412007143
PFY;2016-12-06;-31.6848231076471;-53.491015685
PFY;2016-12-07;-33.30911293;-53.5978701435714
PFY;2016-12-08;-33.8546576772222;-53.7001030678571
PFY;2016-12-09;-34.374294655;-53.8370210642857
PFY;2016-12-10;-34.813170405;-54.0040153328571
PFY;2016-12-11;-35.1585977761111;-54.17019085
PFY;2016-12-12;-35.5507129927778;-54.32179942
PFY;2016-12-13;-35.9997760011111;-54.4144329357143
PFY;2016-12-14;-36.4393421022222;-54.5406526014286
PFY;2016-12-15;-37.83474261;-54.6692600171429
PFY;2016-12-16;-38.3130440294118;-54.7591271564286
PFY;2016-12-17;-38.7663864552941;-54.8002872064286
PFY;2016-12-18;-39.2996088258824;-54.9135955328571
PFY;2016-12-19;-39.90760442;-55.0909342428571
PFY;2016-12-20;-40.7561375041176;-55.42217104
PFY;2016-12-21;-41.0503379376471;-55.6157859157143
PFY;2016-12-22;-41.15073926;-55.6626964621429
PFY;2016-12-23;-41.3819812758824;-55.7707448742857
PFY;2016-12-24;-41.66308151;-55.8928769728571
PFY;2016-12-25;-42.1402698217647;-56.0422733121429
PFY;2016-12-26;-42.6524885452941;-56.2395056128571
PFY;2016-12-27;-42.9531078811765;-56.3694906535714
PFY;2016-12-28;-43.2086368241176;-56.4580320035714
PFY;2016-12-29;-43.5192524676471;-56.5778225857143
PFY;2016-12-30;-43.9140648752941;-56.6937927814286
PFY;2016-12-31;-44.4898586229412;-56.8258819071429
PFY;2017-01-01;-45.2682455594118;-56.982109305
PFY;2017-01-02;-46.1937212923529;-57.1250668485714
PFY;2017-01-03;-46.5933895194118;-57.2065930321429
PFY;2017-01-04;-46.7354726052941;-57.3014798142857
PFY;2017-01-05;-46.6776604564706;-57.3987264185714
PFY;2017-01-06;-46.6930574088235;-57.4372181492857
PFY;2017-01-07;-48.6081351072222;-57.5158913278571
PFY;2017-01-08;-49.2136933711765;-57.6009883492857
PFY;2017-01-09;-47.3778913927778;-57.6954420964286
PFY;2017-01-10;-48.2862046223529;-57.8747254478571
PFY;2017-01-11;-48.1938116929412;-57.9847516664286
PFY;2017-01-12;-45.14796238125;-58.0638477457143
PFY;2017-01-13;-17.5521046108333;-58.1518425985714
PFY;2017-01-14;-11.8157319793529;-57.4946521
PFY;2017-01-15;-12.1743100157647;-56.3135270178571
PFY;2017-01-16;-13.5453937929412;-55.1125508871429
PFY;2017-01-17;-16.5500051055556;-54.0241165728571
PFY;2017-01-18;-18.7964490023529;-53.0648225664286
PFY;2017-01-19;-21.0443628092857;-52.3774830678571
PFY;2017-01-20;-24.7670750715385;-51.8774859792857
PFY;2017-01-21;-29.0150660246154;-51.5691547157143
PFY;2017-01-22;-35.8870349191667;-51.3955305057143
PFY;2017-01-23;-35.4255662433333;-51.2886311478571
PFY;2017-01-24;-37.0195634641667;-51.2261581514286
PFY;2017-01-25;-43.3481334963636;-51.1997629678571
PFY;2017-01-26;-49.85259774125;-49.5763716493333
PFY;2017-01-27;-55.8821628777778;-49.5930201306667
PFY;2017-01-28;-42.9697710766667;-49.6453281006667
PFY;2017-01-29;-27.2493900730769;-49.7186697946667
PFY;2017-01-30;-20.498928305;-49.778442858
PFY;2017-01-31;-12.2106023353846;-49.838147358
PFY;2017-02-01;-10.603634416125;-49.7216674346667
PFY;2017-02-02;-10.5387927777647;-48.8281510393333
PFY;2017-02-03;-10.3845611201111;-47.27673296
PFY;2017-02-04;-10.6089323863889;-45.4204669446667
PFY;2017-02-05;-10.5430459662222;-43.4715910906667
PFY;2017-02-06;-10.297015093;-42.6969420164286
PFY;2017-02-07;-10.0040278487222;-42.8881747471429
PFY;2017-02-08;-9.87246415372222;-39.2834108707143
PFY;2017-02-09;-9.78534149122222;-34.8914386328571
PFY;2017-02-10;-9.93622790466667;-28.4546760707143
PFY;2017-02-11;-10.2367965734444;-27.7397250413333
PFY;2017-02-12;-10.7656243175;-25.9399963585714
PFY;2017-02-13;-11.6580636951667;-23.7905653578571
PFY;2017-02-14;-12.92413922;-23.8609734935714
PFY;2017-02-15;-14.3342615422222;-26.11086282375
PFY;2017-02-16;-15.5656301977778;-26.4495562275
PFY;2017-02-17;-16.51050054;-26.88926304875
PFY;2017-02-18;-17.3070070072222;-27.3354939425
PFY;2017-02-19;-18.1099509911111;-27.798778396875
PFY;2017-02-20;-18.7863888811111;-28.25234291875
PFY;2017-02-21;-19.4563716327778;-28.76837329125
PFY;2017-02-22;-20.2526567;-29.327167689375
PFY;2017-02-23;-21.5195077105556;-29.9776634175
PFY;2017-02-24;-23.0626801983333;-30.6072844475
PFY;2017-02-25;-24.6778255311111;-31.141892650625
PFY;2017-02-26;-25.77587089;-32.9129925817647
PFY;2017-02-27;-28.9279054055556;-34.6820272877778
PFY;2017-02-28;-24.6752326011765;-36.2223839276471
PFY;2017-03-01;-12.4965159257143;-36.5708494576471
PFY;2017-03-02;-9.59008641794118;-35.8993148247059
PFY;2017-03-03;-9.88245788944444;-28.062560088
PFY;2017-03-04;-10.2695548764444;-24.2561060514286
PFY;2017-03-05;-10.3860710551111;-23.2443086214286
PFY;2017-03-06;-9.80545527644444;-19.6379663353333
PFY;2017-03-07;-9.944148143;-10.6092652209444
PFY;2017-03-08;-10.0235083282105;-10.4180753617222
PFY;2017-03-09;-9.94967810426316;-10.5627038283333
PFY;2017-03-10;-10.0255562005789;-10.5665265244444
PFY;2017-03-11;-10.4391080567895;-10.8929979188889
PFY;2017-03-12;-11.6026391404737;-11.71353344
PFY;2017-03-13;-13.3993900236842;-12.8729553144444
PFY;2017-03-14;-15.2263970821053;-14.1873215811111
PFY;2017-03-15;-17.1496345694737;-15.4251829516667
PFY;2017-03-16;-18.49103809;-16.6085618205556
PFY;2017-03-17;-20.0243285377778;-17.7395860627778
PFY;2017-03-18;-20.3628434788889;-18.6293539794444
PFY;2017-03-19;-14.4137741605882;-19.2503117383333
PFY;2017-03-20;-16.2137998888235;-19.8108046083333
PFY;2017-03-21;-18.76644996;-20.3416636655556
PFY;2017-03-22;-20.300654586875;-20.8552481883333
PFY;2017-03-23;-21.09031452875;-21.3763734466667
PFY;2017-03-24;-23.4085872713333;-22.1257766733333
PFY;2017-03-25;-28.7706335425;-22.947940435
PFY;2017-03-26;-27.805478742;-23.6467731
PFY;2017-03-27;-27.668537712;-24.3619284916667
PFY;2017-03-28;-31.6141729371429;-25.2453110061111
PFY;2017-03-29;-36.2029714761538;-25.3887227647059
PFY;2017-03-30;-40.6783503707692;-26.3025011935294
PFY;2017-03-31;-46.7455635046154;-27.3803650970588
PFY;2017-04-01;-51.3320572641667;-28.5454188352941
PFY;2017-04-02;-56.6011814591667;-29.4213096135294
PFY;2017-04-03;-58.8129129927273;-30.4748948682353
PFY;2017-04-04;-69.297930118;-31.5123845494118
PFY;2017-04-05;-81.964408809;-32.5813620252941
PFY;2017-04-06;-99.321830056;-33.6724806023529
PFY;2017-04-07;-117.497402138;-34.7040561394118
PFY;2017-04-08;-139.3224842425;-35.8704809541176
PFY;2017-04-09;-177.9900309;-37.1363240817647
PFY;2017-04-10;-264.9161290375;-38.4755829441176
PFY;2017-04-11;-336.3389058375;-39.8166711094118
PFY;2017-04-12;-448.12882361;-41.1921058229412
PFY;2017-04-13;-480.28337997;-42.7936369964706
PFY;2017-04-14;-534.311128827273;-44.5036757764706
PFY;2017-04-15;-636.126841391667;-46.1475500782353
PFY;2017-04-16;-696.305735721429;-47.5937186876471
PFY;2017-04-17;-749.115069485714;-47.674036931875
PFY;2017-04-18;-808.36458225;-49.2170379
PFY;2017-04-19;-930.738230984615;-50.455253248125
PFY;2017-04-20;-955.116539233333;-49.760174262
PFY;2017-04-21;-943.479593230769;-50.9122305753333
PFY;2017-04-22;-992.2070101;-52.87068211
PFY;2017-04-23;-1013.39010722857;-53.3313253564286
PFY;2017-04-24;-1074.13104167143;-53.2639296446154
PFY;2017-04-25;-1110.06221559286;-55.3506763515385
PFY;2017-04-26;-1097.68295817857;-55.5386201092308
PFY;2017-04-27;-986.879034311111;-55.4305486823077
PFY;2017-04-28;-735.270900314286;-55.5262859653846
PFY;2017-04-29;-713.79777312;-56.3049296807692
PFY;2017-04-30;-648.951505566667;-57.4857101407692
PFY;2017-05-01;-529.404120175;-57.7914341007692
PFY;2017-05-02;-49.536402748;-57.8026162461538
PFY;2017-05-03;-60.4345935011111;-58.3652615738462
PFY;2017-05-04;-65.655762506;-58.8775536076923
PFY;2017-05-05;-104.80493287875;-59.8300974923077
PFY;2017-05-06;-111.606300995714;-61.2207108923077
PFY;2017-05-07;-184.088125;-61.14713184
PFY;2017-05-08;-243.817881025;-61.91994938
PFY;2017-05-09;-305.8661811;-63.6010235146154
PFY;2017-05-10;-382.1737324;-66.1268716084615
PFY;2017-05-11;-442.959723785714;-69.6714070438462
PFY;2017-05-12;-535.942169414286;-69.3192791783333
PFY;2017-05-13;-606.969181677778;-71.21006623
PFY;2017-05-14;-645.384053116667;-74.0647261508333
PFY;2017-05-15;-691.914372330769;-74.5506021636364
PFY;2017-05-16;-780.488650886667;-81.3108751245454
PFY;2017-05-17;-845.014440086667;-94.749346626
PFY;2017-05-18;-916.970466093333;-105.650225115
PFY;2017-05-19;-857.059843966667;-111.836096844
PFY;2017-05-20;-563.40842555;-111.716466416
PFY;2017-05-21;-531.907720757143;-116.236313096
PFY;2017-05-22;-587.326720385714;-125.289638484
PFY;2017-05-23;-656.433085390909;-138.23939116
PFY;2017-05-24;-753.311630623077;-156.33675346
PFY;2017-05-25;-914.5230469;-188.02180746
PFY;2017-05-26;-1009.94031454667;-244.297193727273
PFY;2017-05-27;-1069.47643458667;-308.35655596
PFY;2017-05-28;-1120.30354798;-371.63511734
PFY;2017-05-29;-1189.57518567333;-414.249387990909
PFY;2017-05-30;-1175.92021376;-445.0366063
PFY;2017-05-31;-1134.07367285;-481.439643425
PFY;2017-06-01;-1097.45469635;-514.418220575
PFY;2017-06-02;-1154.52447649286;-563.817238708333
PFY;2017-06-03;-1263.08418405;-683.092164714286
PFY;2017-06-04;-1031.62364058182;-719.877465373333
PFY;2017-06-05;-993.111398814286;-668.778644678571
PFY;2017-06-06;-731.84687798;-576.592746783333
PFY;2017-06-07;-847.0902848;-582.260669541667
PFY;2017-06-08;-1058.81494046364;-669.542630471429
PFY;2017-06-09;-996.495740646154;-731.166409961538
PFY;2017-06-10;-977.5343946;-769.406934530769
PFY;2017-06-11;-1046.35665564375;-822.696269230769
PFY;2017-06-12;-1079.13257574375;-846.945754742857
PFY;2017-06-13;-1130.49250100625;-939.675345753333
PFY;2017-06-14;-1139.36991180625;-1013.651879775
PFY;2017-06-15;-401.493781575;-996.86960394375
PFY;2017-06-16;-288.4559905;-968.75085215
PFY;2017-06-17;-360.782162885714;-957.7547191875
PFY;2017-06-18;-696.937463833333;-962.6380757125
PFY;2017-06-19;-807.283788985714;-970.8023392875
PFY;2017-06-20;-966.19666402;-968.795739475
PFY;2017-06-21;-1020.60925359375;-1027.65509378
PFY;2017-06-22;-1086.55362051875;-1067.93690412
PFY;2017-06-23;-1130.10331530625;-1121.89948398667
PFY;2017-06-24;-1170.1408281875;-1124.86273481429
PFY;2017-06-25;-1196.66453646471;-1206.2309134
PFY;2017-06-26;-1301.483832;-1239.41197585385
PFY;2017-06-27;-1291.51945873125;-1255.37969536923
PFY;2017-06-28;-1293.68673525;-1242.15022394615
PFY;2017-06-29;-1384.5467050625;-1227.40973331538
PFY;2017-06-30;-1451.4710689375;-1239.32797146154
PFY;2017-07-01;-1476.6392875;-1270.41097044615
PFY;2017-07-02;-1534.88020373333;-1296.78183256154
PFY;2017-07-03;-1514.0084654;-1328.7470245
PFY;2017-07-04;-1491.3402144;-1365.27889566923
PFY;2017-07-05;-1458.15987893333;-1400.86757197692
PFY;2017-07-06;-1412.44591713333;-1430.84901002308
PFY;2017-07-07;-1378.64450560625;-1456.62392930769
PFY;2017-07-08;-1344.00694929412;-1424.79898317143
PFY;2017-07-09;-1423.9256616;-1396.26356558462
PFY;2017-07-10;-1477.55422936667;-1393.21885448462
PFY;2017-07-11;-1446.66518913077;-1429.98233679286
PFY;2017-07-12;-1354.4809599;-1416.86087712143
PFY;2017-07-13;-1234.97976371429;-1409.48702690714
PFY;2017-07-14;-1298.76955070714;-1408.47094766429
PFY;2017-07-15;-1396.76265361429;-1375.67121879231
PFY;2017-07-16;-1477.03475765714;-1390.17576328462
PFY;2017-07-17;-1469.53383741429;-1407.27833540769
PFY;2017-07-18;-1436.77441057143;-1371.57336723571
PFY;2017-07-19;-1423.50067844;-1385.93646691429
PFY;2017-07-20;-1448.89073155333;-1391.71319438571
PFY;2017-07-21;-1479.53104908667;-1404.08747785714
PFY;2017-07-22;-1521.9682918;-1413.03266371429
PFY;2017-07-23;-1528.93639753333;-1411.51056555
PFY;2017-07-24;-1557.88378286667;-1456.88557925385
PFY;2017-07-25;-1656.20923806667;-1436.84053161538
PFY;2017-07-26;-1723.1416275;-1489.98736069167
PFY;2017-07-27;-1666.9141;-1505.17420430833
PFY;2017-07-28;-1520.69347978571;-1453.96503427692
PFY;2017-07-29;-1526.25518935714;-1455.36426470769
PFY;2017-07-30;-1530.95952271429;-1457.98974435385
PFY;2017-07-31;-1553.68710364286;-1449.50769230769
PFY;2017-08-01;-1341.40659337143;-1444.11599676923
PFY;2017-08-02;-1245.048314125;-1480.94860816667
PFY;2017-08-03;-1073.37166181667;-1454.03936388333
PFY;2017-08-04;-1059.74326557;-1432.69023655833
PFY;2017-08-05;-1021.92524335;-1413.75068880833
PFY;2017-08-06;-1139.25550657857;-1403.16961730833
PFY;2017-08-07;-1297.91407330714;-1409.07938848333
PFY;2017-08-08;-950.067161845455;-1420.36512291667
PFY;2017-08-09;-15.8022865033333;-1418.08663086667
PFY;2017-08-10;-18.3081086975;-1356.96832854545
PFY;2017-08-11;-10.3082085644;-1344.67083651818
PFY;2017-08-12;-13.2783243294118;-1309.31817602727
PFY;2017-08-13;-18.8705951726667;-1352.323412
PFY;2017-08-14;-28.780139845625;-1328.5716949
PFY;2017-08-15;-42.5474082013333;-1303.9472115
PFY;2017-08-16;-50.5958012457143;-1311.49734839091
PFY;2017-08-17;-65.6248766784615;-1191.45171317
PFY;2017-08-18;-88.924632318;-1181.60706272222
PFY;2017-08-19;-72.67944191875;-1141.27795625556
PFY;2017-08-20;-93.4578919055556;-1128.09664911429
PFY;2017-08-21;-104.34660354;-1104.41807875714
PFY;2017-08-22;-161.2510842;-1086.45267857143
PFY;2017-08-23;-253.355361485714;-1075.70771295714
PFY;2017-08-24;-328.78201175;-1067.49191875714
PFY;2017-08-25;-455.42458008;-1059.5741057
PFY;2017-08-26;-545.998856021429;-1105.8802928125
PFY;2017-08-27;-679.839880966667;-1110.4951287625
PFY;2017-08-28;-749.568170226667;-1154.9421848
PFY;2017-08-29;-804.03631124375;-1167.93770301111
PFY;2017-08-30;-903.157989613333;-1191.15265152222
PFY;2017-08-31;-913.699525213333;-1226.9949507
PFY;2017-09-01;-996.312545907692;-1213.60532421
PFY;2017-09-02;-1042.40204630769;-1182.18564307778
PFY;2017-09-03;-1047.56405722143;-1231.42113686
PFY;2017-09-04;-1103.08902374286;-1196.11941341818
PFY;2017-09-05;-1096.25429120667;-1224.49533431818
PFY;2017-09-06;-1124.67250070667;-1252.74635392727
PFY;2017-09-07;-1276.02946551429;-1276.09320195455
PFY;2017-09-08;-1404.34688122857;-1267.16747856
PFY;2017-09-09;-1485.25602484286;-1297.16676768
PFY;2017-09-10;-1527.78616478571;-1308.17572033
PFY;2017-09-11;-1475.80542464615;-1320.46195642
PFY;2017-09-12;-1522.48009759286;-1335.91416303
PFY;2017-09-13;-1562.76763129231;-1354.60608421
PFY;2017-09-14;-1556.6472091;-1377.03870745
PFY;2017-09-15;-1664.03245594615;-1393.97524943
PFY;2017-09-16;-1705.32098660769;-1433.81888899
PFY;2017-09-17;-1735.63791886923;-1467.14470149
PFY;2017-09-18;-1817.18666783333;-1440.72235655556
PFY;2017-09-19;-1843.86382875;-1456.80256012222
PFY;2017-09-20;-1886.09924591667;-1482.25477044444
PFY;2017-09-21;-1944.12172191667;-1448.8591882
PFY;2017-09-22;-1946.26849508333;-1476.1908107125
PFY;2017-09-23;-1897.62655191667;-1500.6918889625
PFY;2017-09-24;-1899.21908046154;-1520.72467925
PFY;2017-09-25;-1868.61375737692;-1605.69633911111
PFY;2017-09-26;-1991.31918846154;-1624.91063188889
PFY;2017-09-27;-1858.77531845714;-1636.33186022222
PFY;2017-09-28;-1870.31741072143;-1644.782985
PFY;2017-09-29;-1848.36238123571;-1585.39257175
PFY;2017-09-30;-1859.14038615714;-1592.037333125
PFY;2017-10-01;-1916.64523585714;-1593.310282375
PFY;2017-10-02;-2054.97064553846;-1596.11115125
PFY;2017-10-03;-1389.13214879;-1599.962850875
PFY;2017-10-04;-1616.89479701429;-1590.646933
PFY;2017-10-05;-1337.06639518;-1590.302872375
PFY;2017-10-06;-1106.91092488;-1583.69578475
PFY;2017-10-07;-1222.46122812857;-1580.075863125
PFY;2017-10-08;-1297.26820695556;-1590.579015625
PFY;2017-10-09;-1411.57546103;-1602.35173
PFY;2017-10-10;-1549.29086206364;-1607.346333875
PFY;2017-10-11;-1640.46650063636;-1620.59855675
PFY;2017-10-12;-1692.07425835455;-1633.36469075
PFY;2017-10-13;-1749.94939320909;-1643.188835625
PFY;2017-10-14;-1789.41704966364;-1656.96915275
PFY;2017-10-15;-1829.26200263636;-1662.109341375
PFY;2017-10-16;-1944.841475625;-1673.257829
PFY;2017-10-17;-2080.000641;-1683.76802675
PFY;2017-10-18;-2167.71416184615;-1698.448339125
PFY;2017-10-19;-2220.355942;-1718.47759
PFY;2017-10-20;-2244.34356653846;-1739.381018625
PFY;2017-10-21;-2174.39348992308;-1752.26091325
PFY;2017-10-22;-2257.01940161538;-1760.54715975
PFY;2017-10-23;-2486.03093392308;-1691.237248
PFY;2017-10-24;-2597.36869461538;-1718.813318
PFY;2017-10-25;-2620.38286669231;-1744.70367628571
PFY;2017-10-26;-2587.82611730769;-1768.42001328571
PFY;2017-10-27;-2595.39888676923;-1780.01724485714
PFY;2017-10-28;-2583.52817578571;-1790.79933
PFY;2017-10-29;-2839.77373284615;-1802.33757114286
PFY;2017-10-30;-2831.87824707692;-1818.66313042857
PFY;2017-10-31;-3144.24726984615;-1832.63337342857
PFY;2017-11-01;-3490.56166708333;-1851.34499985714
PFY;2017-11-02;-3338.87539823077;-1879.217264
PFY;2017-11-03;-3396.94241953846;-1906.32455171429
PFY;2017-11-04;-3296.65003007692;-1935.48002357143
PFY;2017-11-05;-1918.944355125;-2045.47602525
PFY;2017-11-06;-2106.11376625;-2038.231636
PFY;2017-11-07;-2066.8845135;-2041.847660625
PFY;2017-11-08;-1920.2221854;-2051.508982125
PFY;2017-11-09;-1799.193995;-2049.8761185
PFY;2017-11-10;-1746.081531;-2038.470077625
PFY;2017-11-11;-1724.7435546;-2024.649384375
PFY;2017-11-12;-339.06925078;-2003.015708
PFY;2017-11-13;-49.97587776;-1968.08524425
PFY;2017-11-14;-22.6132074322222;-1956.570672125
PFY;2017-11-15;-24.4866857733333;-1958.75394525
PFY;2017-11-16;-28.968937765;-1961.81806775
PFY;2017-11-17;-32.0526190055556;-1960.995781875
PFY;2017-11-18;-33.5002960388889;-1842.008413
PFY;2017-11-19;-37.536092641;-1825.960049
PFY;2017-11-20;-37.940290986;-1812.62257185714
PFY;2017-11-21;-39.064497261;-1801.90418757143
PFY;2017-11-22;-39.3564167254545;-1778.49653614286
PFY;2017-11-23;-41.8181596645455;-1760.34561071429
PFY;2017-11-24;-44.37629799;-1740.72069914286
PFY;2017-11-25;-41.6108650190909;-1709.58702342857
PFY;2017-11-26;-43.4054059966667;-1675.92952657143
PFY;2017-11-27;-42.3878110111111;-1658.47923128571
PFY;2017-11-28;-42.09645631;-1649.97991285714
PFY;2017-11-29;-40.060586957;-1645.50951157143
PFY;2017-11-30;-37.839366889;-1642.129053
PFY;2017-12-01;-36.357424918;-1637.56408375714
PFY;2017-12-02;-37.9767976011111;-1634.67310354286
PFY;2017-12-03;-38.4866502777778;-1640.70482674286
PFY;2017-12-04;-39.1892101933333;-1648.38063144286
PFY;2017-12-05;-40.0099727755556;-1657.27850938571
PFY;2017-12-06;-37.4466588672727;-1667.95974384286
PFY;2017-12-07;-38.6223530481818;-1673.57927434286
PFY;2017-12-08;-27.984996172;-1680.16474927143
PFY;2017-12-09;-14.431313045;-1676.27543791429
PFY;2017-12-10;-13.8074653335714;-1672.12417152857
PFY;2017-12-11;-13.3830498366667;-1668.974084
PFY;2017-12-12;-10.0758179185625;-1732.9375684625
PFY;2017-12-13;-10.1092533241667;-1721.5375386625
PFY;2017-12-14;-10.1359026348333;-1708.949559125
PFY;2017-12-15;-9.72348988627778;-1695.942535325
PFY;2017-12-16;-9.70462531688889;-1674.9037605625
PFY;2017-12-17;-9.829245624;-1180.8692399
PFY;2017-12-18;-10.1958791587222;NA
PFY;2017-12-19;-10.8858030261111;-118.15914111
PFY;2017-12-20;-11.1097478701765;-99.5966969266667
PFY;2017-12-21;-11.7560177013333;-66.8299513175
PFY;2017-12-22;-11.9274634166667;-65.6899643927273
PFY;2017-12-23;-11.1043927688889;-61.2181291418182
PFY;2017-12-24;-10.9415628082222;-57.41590803
PFY;2017-12-25;-11.4211890948333;-56.577487615
PFY;2017-12-26;-12.0598188492778;-56.6467030154545
PFY;2017-12-27;-12.0496631029444;-54.8731411536364
PFY;2017-12-28;-10.6460782708333;-55.2172141841667
PFY;2017-12-29;-10.7332894885;-51.6821082791667
PFY;2017-12-30;-10.3264959163333;-31.7487123766667
PFY;2017-12-31;-9.92246099715789;-10.9325356976429
PFY;2018-01-01;-9.72115170916667;-11.4129209128571
PFY;2018-01-02;-9.83096550505263;-11.5641578394118
PFY;2018-01-03;-9.69786098231579;-10.7217823005556
PFY;2018-01-04;-9.40912646431579;-9.93605604894444
PFY;2018-01-05;-9.42788659794737;-9.89582210522222
PFY;2018-01-06;-9.60895247226316;-10.0296620313333
PFY;2018-01-07;-9.78428800057895;-10.1443177483333
PFY;2018-01-08;-9.72781317842105;-10.1976962290556
PFY;2018-01-09;-9.46692283215789;-9.78883418416667
PFY;2018-01-10;-9.64207147821053;-9.83971810683333
PFY;2018-01-11;-9.89045905184211;-9.97749781977778
PFY;2018-01-12;-10.2326931821579;-10.1799352772778
PFY;2018-01-13;-10.7865408825789;-10.5612878938333
PFY;2018-01-14;-11.6952582210526;-11.0860726268889
PFY;2018-01-15;-12.605958279;-11.6517044895
PFY;2018-01-16;-11.9147957131579;-12.2334185655556
PFY;2018-01-17;-9.91344807010526;-12.1247198444444
PFY;2018-01-18;-9.94382317889474;-11.5240821794444
PFY;2018-01-19;-9.6498888268421;-10.3518825748333
PFY;2018-01-20;-9.87800294978947;-10.1657691149444
PFY;2018-01-21;-9.64721917626316;-9.91978177488889
PFY;2018-01-22;-9.41292371415789;-9.63951934705556
PFY;2018-01-23;-9.42945746326316;-9.60574443866667
PFY;2018-01-24;-9.69102612010526;-9.72934599327778
PFY;2018-01-25;-10.0081899822105;-9.91834513288889
PFY;2018-01-26;-10.4540006832105;-10.1881377227778
PFY;2018-01-27;-11.1044596712105;-10.6169394526111
PFY;2018-01-28;-11.7963063206316;-11.1413926267778
PFY;2018-01-29;-12.4302644689474;-11.6655238411111
PFY;2018-01-30;-12.9588755515789;-12.1808250644444
PFY;2018-01-31;-13.4753950073684;-12.7307646072222
PFY;2018-02-01;-12.2168089563158;-13.2571974344444
PFY;2018-02-02;-11.45894442;-13.3989991383333
PFY;2018-02-03;-12.2094056068421;-13.5481724905556
PFY;2018-02-04;-13.1900217689474;-13.9224357788889
PFY;2018-02-05;-13.7818492184211;-14.3817020761111
PFY;2018-02-06;-13.8967573621053;-14.8564908911111
PFY;2018-02-07;-14.2199934642105;-15.3444041927778
PFY;2018-02-08;-14.7264113557895;-15.8114052372222
PFY;2018-02-09;-15.3589025973684;-16.2467385344444
PFY;2018-02-10;-15.9105726252632;-16.6902995022222
PFY;2018-02-11;-16.1979697778947;-17.0893563427778
PFY;2018-02-12;-15.8262551278947;-17.4706552138889
PFY;2018-02-13;-16.2844394947368;-17.7840652
PFY;2018-02-14;-17.2462101042105;-18.0766019372222
PFY;2018-02-15;-17.7190375336842;-18.3324439105556
PFY;2018-02-16;-15.1318043978947;-18.5426155616667
PFY;2018-02-17;-10.2243355013333;-18.0340636733333
PFY;2018-02-18;-9.72979205844444;-15.6742852572222
PFY;2018-02-19;-10.1291263590526;-13.4140901661111
PFY;2018-02-20;-10.4355725024211;-12.9529555961111
PFY;2018-02-21;-10.7996555506316;-13.0904035944444
PFY;2018-02-22;-11.3061815887368;-13.4333341222222
PFY;2018-02-23;-11.9266015658947;-13.8815125577778
PFY;2018-02-24;-12.5260005478947;-14.3676617
PFY;2018-02-25;-13.1318862836842;-14.8571026244444
PFY;2018-02-26;-13.85570802;-15.3376640338889
PFY;2018-02-27;-15.0079991278947;-15.81380955
PFY;2018-02-28;-16.6756790184211;-16.3248408527778
PFY;2018-03-01;-17.1523412968421;-16.8081708522222
PFY;2018-03-02;-17.2330322378947;-17.2581662944444
PFY;2018-03-03;-16.8131395910526;-17.6443103733333
PFY;2018-03-04;-15.0946856331579;-17.9480843772222
PFY;2018-03-05;-13.9942978;-18.1516725011111
PFY;2018-03-06;-14.6081972947368;-18.2985444733333
PFY;2018-03-07;-15.4695273010526;-18.4578919283333
PFY;2018-03-08;-16.29097789;-18.6327289205556
PFY;2018-03-09;-17.1361067694737;-18.8586677722222
PFY;2018-03-10;-17.8433810231579;-19.08920322
PFY;2018-03-11;-18.5758965510526;-19.3382920227778
PFY;2018-03-12;-18.9881200747368;-19.5781908683333
PFY;2018-03-13;-17.9105960984211;-19.8080676683333
PFY;2018-03-14;-18.6907756936842;-20.0647981561111
PFY;2018-03-15;-20.3824415421053;-20.3829383077778
PFY;2018-03-16;-21.9518858973684;-20.6978354244444
PFY;2018-03-17;-22.1047971111111;-20.9613047355556
PFY;2018-03-18;-19.6770979435294;-21.1703893072222
PFY;2018-03-19;-20.2984611129412;-21.4560900077778
PFY;2018-03-20;-21.5682391647059;-21.7461226855556
PFY;2018-03-21;-21.91559889875;-22.0056712961111
PFY;2018-03-22;-22.64735403125;-22.2600444672222
PFY;2018-03-23;-22.943572368;-22.6501736111111
PFY;2018-03-24;-24.6238047466667;-23.1330799216667
PFY;2018-03-25;-26.9986900586667;-23.6427083333333
PFY;2018-03-26;-31.1262957941176;-24.1475115727778
PFY;2018-03-27;-33.3586401711765;-24.7001736116667
PFY;2018-03-28;-22.0008543483333;-25.0926096494444
PFY;2018-03-29;-20.1040207591667;-25.508506945
PFY;2018-03-30;-20.5526519414286;-26.0978259011111
PFY;2018-03-31;-14.7454857291667;-25.75447304
PFY;2018-04-01;-13.5903728058333;-25.9539828429412
PFY;2018-04-02;-16.5019281376923;-26.2649354994118
PFY;2018-04-03;-19.6724460192308;-26.7123864805882
PFY;2018-04-04;-24.6894223986667;-27.2229560123529
PFY;2018-04-05;-25.6662499993333;-27.6143962847059
PFY;2018-04-06;-27.297771868;-28.2508013029412
PFY;2018-04-07;-30.421684212;-29.0452818623529
PFY;2018-04-08;-34.5371735815385;-29.9354734258824
PFY;2018-04-09;-41.6651123908333;-30.9284313723529
PFY;2018-04-10;-46.9153443441667;-31.8238970588235
PFY;2018-04-11;-53.2603080066667;-34.0407437861111
PFY;2018-04-12;-61.5116832491667;-35.1433966866667
PFY;2018-04-13;-62.3335596127273;-36.9168194433333
PFY;2018-04-14;-68.330125741;-38.0081483913333
PFY;2018-04-15;-94.0914674033333;-39.0217097946667
PFY;2018-04-16;-106.354299155714;-40.032824562
PFY;2018-04-17;-137.6446546;-41.19066155
PFY;2018-04-18;-178.950000016667;-42.5890833333333
PFY;2018-04-19;-275.7828070125;-44.1515972213333
PFY;2018-04-20;-390.571639275;-45.95229515
PFY;2018-04-21;-496.605569181818;-48.0636732446667
PFY;2018-04-22;-551.961536469231;-50.3609722233333
PFY;2018-04-23;-641.581512161538;-50.7694196421429
PFY;2018-04-24;-723.440787135714;-52.5547023821429
PFY;2018-04-25;-739.539824021429;-51.4490468357143
PFY;2018-04-26;-776.993527066667;-54.072525845
PFY;2018-04-27;-819.566406242857;-54.7980769230769
PFY;2018-04-28;-893.946118430769;-55.5539062508333
PFY;2018-04-29;-977.238392757143;-58.7474311766667
PFY;2018-04-30;-1042.93560232143;-60.7947916666667
PFY;2018-05-01;-1036.72304903846;-61.7581042366667
PFY;2018-05-02;-1069.90142206154;-62.51111111
PFY;2018-05-03;-1010.92460781111;-61.7661458341667
PFY;2018-05-04;-135.097135415;-61.6819444433333
PFY;2018-05-05;-75.7371945428571;-63.6138020833333
PFY;2018-05-06;-111.781770068571;-65.949134685
PFY;2018-05-07;-184.7165863;-67.3017361116667
PFY;2018-05-08;-272.90333334;-67.7781140358333
PFY;2018-05-09;-259.30483332;-69.3662326391667
PFY;2018-05-10;-323.983771025;-69.7585937491667
PFY;2018-05-11;-327.764583333333;-72.62869335
PFY;2018-05-12;-398.6033772;-74.4756628763636
PFY;2018-05-13;-524.536652285714;-79.4300923972727
PFY;2018-05-14;-277.9966146;-80.7867424236364
PFY;2018-05-15;-47.01043311;-79.9884360081818
PFY;2018-05-16;-18.599305555;-72.8428977245455
PFY;2018-05-17;-29.5584604416667;-77.146972592
PFY;2018-05-18;-42.8599279116667;-73.898172356
PFY;2018-05-19;-57.4375949842857;-78.1080173409091
PFY;2018-05-20;-91.6745979028571;-70.5272727272727
PFY;2018-05-21;-143.197539656;-76.5123233477778
PFY;2018-05-22;-150.319791676667;-80.6061488766667
PFY;2018-05-23;-281.343585533333;-83.12546296
PFY;2018-05-24;-426.94673902;-93.25950519875
PFY;2018-05-25;-575.48687829;-106.12266586125
PFY;2018-05-26;-680.02638963;-122.252604175
PFY;2018-05-27;-714.605456844444;-126.441964271429
PFY;2018-05-28;-664.171535277778;-137.506845261429
PFY;2018-05-29;-690.948033677778;-149.297371544286
PFY;2018-05-30;-722.125700588889;-167.793898804286
PFY;2018-05-31;-746.670292855556;-201.78819445
PFY;2018-06-01;-727.37145087;-233.166493066667
PFY;2018-06-02;-803.950967345455;-328.7224214
PFY;2018-06-03;-818.282558854545;-386.231542383333
PFY;2018-06-04;-896.77208677;-444.873008033333
PFY;2018-06-05;-982.878949477778;-510.375913733333
PFY;2018-06-06;-1063.56708234;-569.26873355
PFY;2018-06-07;-947.009747854545;-587.15666666
PFY;2018-06-08;-991.631385154545;-580.670052075
PFY;2018-06-09;-1021.32975448182;-626.6013021
PFY;2018-06-10;-1078.61281995833;-804.0720486
PFY;2018-06-11;-1019.25920263636;-840.862847283333
PFY;2018-06-12;-1048.68743305833;-776.80666672
PFY;2018-06-13;-466.45282895;-798.828645783333
PFY;2018-06-14;-268.17354164;-783.972744816667
PFY;2018-06-15;-407.60083334;-788.233159666667
PFY;2018-06-16;-498.03917215;-803.870579366667
PFY;2018-06-17;-784.099677063636;-862.702976242857
PFY;2018-06-18;-944.730170063636;-946.724305555556
PFY;2018-06-19;-1079.45016355833;-977.349074033333
PFY;2018-06-20;-1134.032150075;-1019.93877311111
PFY;2018-06-21;-1070.35399987857;-1064.64756944444
PFY;2018-06-22;-1117.95495747333;-1113.221858
PFY;2018-06-23;-1267.11793933333;-1172.03506937778
PFY;2018-06-24;-1411.92119176429;-1226.89780095556
PFY;2018-06-25;-1402.35163606667;-1207.03802094
PFY;2018-06-26;-1413.34881301333;-1214.41398274444
PFY;2018-06-27;-1427.37940039333;-1256.46884374444
PFY;2018-06-28;-1466.02546413333;-1173.4354167
PFY;2018-06-29;-1476.094961;-1207.09363422222
PFY;2018-06-30;-1444.24652913333;-1176.99276317
PFY;2018-07-01;-1418.82425592857;-1199.7310416
PFY;2018-07-02;-1389.76729885714;-1219.2419649
PFY;2018-07-03;-1375.10235606667;-1235.6049999
PFY;2018-07-04;-1416.62455970667;-1248.63472231
PFY;2018-07-05;-1460.1224306;-1262.03645843
PFY;2018-07-06;-1524.65821182;-1265.43147137
PFY;2018-07-07;-1550.56173506667;-1278.50333337
PFY;2018-07-08;-1458.61408818125;-1308.55739593
PFY;2018-07-09;-1426.6412924625;-1329.83447923
PFY;2018-07-10;-1436.23407089375;-1283.76231054545
PFY;2018-07-11;-1475.72544441875;-1303.60293566364
PFY;2018-07-12;-1537.95675423125;-1325.73245107273
PFY;2018-07-13;-1545.242520625;-1355.11871806364
PFY;2018-07-14;-1527.1380908125;-1374.82716209091
PFY;2018-07-15;-1509.35084010625;-1375.4508653
PFY;2018-07-16;-1533.76168226667;-1303.56427084
PFY;2018-07-17;-1531.7847068;-1363.7404027
PFY;2018-07-18;-1475.28127498125;-1365.96267132727
PFY;2018-07-19;-1419.6965650625;-1372.54564388182
PFY;2018-07-20;-1386.02332575;-1374.09564381818
PFY;2018-07-21;-1162.16791446667;-1301.7439583
PFY;2018-07-22;-531.706929666667;-1283.79218757
PFY;2018-07-23;-393.11041665;-1336.87660979091
PFY;2018-07-24;-544.2571387;-1325.31879575455
PFY;2018-07-25;-948.870903511111;-1318.13437497273
PFY;2018-07-26;-1181.30111846667;-1342.83750007
PFY;2018-07-27;-1296.61039276923;-1344.40670947
PFY;2018-07-28;-1403.786255;-1340.39562507
PFY;2018-07-29;-1441.65954338462;-1340.3424999
PFY;2018-07-30;-1363.68758755;-1353.4004759
PFY;2018-07-31;-1340.73488407143;-1359.8090813
PFY;2018-08-01;-1316.68452066667;-1356.7609978
PFY;2018-08-02;-1383.18406421333;-1349.9631249
PFY;2018-08-03;-1338.84580006;-1355.2014583
PFY;2018-08-04;-1316.54886278667;-1358.525625
PFY;2018-08-05;-1323.86041358;-1358.5647917
PFY;2018-08-06;-1351.774999;-1298.01574648182
PFY;2018-08-07;-1398.11738484667;-1291.55577666364
PFY;2018-08-08;-1355.88821993333;-1286.0319159
PFY;2018-08-09;-1378.24413354;-1280.78702645455
PFY;2018-08-10;-1322.38235541538;-1340.83062513
PFY;2018-08-11;-1317.78672793333;-1337.5867708
PFY;2018-08-12;-1336.60957320714;-1277.12348493636
PFY;2018-08-13;-1371.57378560714;-1280.80615533636
PFY;2018-08-14;-1447.91508192308;-1277.54204539091
PFY;2018-08-15;-1482.16734723077;-1280.6528987
PFY;2018-08-16;-1439.74644778571;-1290.44204548182
PFY;2018-08-17;-1457.93518392857;-1298.57064797273
PFY;2018-08-18;-1515.11044485714;-1300.76884472727
PFY;2018-08-19;-1491.71906755;-1308.37821966364
PFY;2018-08-20;-1408.14208076;-1308.56155302727
PFY;2018-08-21;-1422.00855078;-1301.9328597
PFY;2018-08-22;-1475.94576610667;-1340.87833333
PFY;2018-08-23;-1466.99013882;-1349.0396874
PFY;2018-08-24;-1517.17369776429;-1283.50965923636
PFY;2018-08-25;-1542.83172758;-1275.62397830909
PFY;2018-08-26;-1735.30789812143;-1280.85099372727
PFY;2018-08-27;-1667.83237416;-1301.71600390909
PFY;2018-08-28;-1602.86306868667;-1319.64100385455
PFY;2018-08-29;-1564.95749346667;-1328.32102281818
PFY;2018-08-30;-1561.28646631333;-1326.54498106364
PFY;2018-08-31;-1637.83013342;-1324.43617436364
PFY;2018-09-01;-1726.95019006667;-1324.24251884545
PFY;2018-09-02;-1738.89325342;-1378.78416886
PFY;2018-09-03;-1710.8687396;-1393.55416677
PFY;2018-09-04;-1740.63228446667;-1345.15596579091
PFY;2018-09-05;-1767.61333078571;-1360.29954639091
PFY;2018-09-06;-1766.5383545;-1368.94356051818
PFY;2018-09-07;-1746.28307085714;-1373.32774612727
PFY;2018-09-08;-1805.33267235714;-1378.60580932727
PFY;2018-09-09;-1806.8118715;-1389.95075950909
PFY;2018-09-10;-1747.24221414286;-1394.97575763636
PFY;2018-09-11;-1763.59777128571;-1469.5697916
PFY;2018-09-12;-1743.12199542857;-1475.89541653
PFY;2018-09-13;-1626.65669446667;-1478.19187497
PFY;2018-09-14;-1636.38498951333;-1472.0584879
PFY;2018-09-15;-1644.04655661333;-1461.53968743
PFY;2018-09-16;-1753.1939944;-1456.42531233
PFY;2018-09-17;-1707.66673880714;-1455.68322933
PFY;2018-09-18;-1650.84497655;-1458.38083336
PFY;2018-09-19;-1620.10682827273;-1455.64539136
PFY;2018-09-20;-1479.48441933077;-1445.96791657
PFY;2018-09-21;-1502.4450868;-1436.73427073
PFY;2018-09-22;-1500.18839521429;-1427.47683986
PFY;2018-09-23;-1523.66527154286;-1426.9216667
PFY;2018-09-24;-1556.21667242143;-1423.20018411
PFY;2018-09-25;-1743.86082347273;-1427.4282292
PFY;2018-09-26;-1793.86105948182;-1449.36626864
PFY;2018-09-27;-1882.2928937;-1468.3089584
PFY;2018-09-28;-1886.2066436;-1484.06086843
PFY;2018-09-29;-1930.42301336364;-1577.28437496667
PFY;2018-09-30;-1760.83523206364;-1582.26435185556
PFY;2018-10-01;-279.972931466667;-1584.99301544444
PFY;2018-10-02;-174.365625;-1593.44143496667
PFY;2018-10-03;-192.240625;-1607.48854277778
PFY;2018-10-04;-282.53020285;-1608.14375
PFY;2018-10-05;-273.391858733333;-1682.996223875
PFY;2018-10-06;-339.025;-1669.343489625
PFY;2018-10-07;-490.53983825;-1656.057812375
PFY;2018-10-08;-834.1236432;-1646.029386
PFY;2018-10-09;-962.063367933333;-1645.68658875
PFY;2018-10-10;-1244.43821896667;-1651.01861975
PFY;2018-10-11;-1316.41160049091;-1659.088802125
PFY;2018-10-12;-1516.93636775;-1657.95091125
PFY;2018-10-13;-1658.61280066667;-1666.768359375
PFY;2018-10-14;-1707.14822075;-1679.678906125
PFY;2018-10-15;-1861.73562015385;-1685.887499875
PFY;2018-10-16;-1991.87490669231;-1699.1031085
PFY;2018-10-17;-2124.12448753846;-1716.12213525
PFY;2018-10-18;-2041.209141;-1732.815370125
PFY;2018-10-19;-2115.34729346667;-1650.19389383333
PFY;2018-10-20;-2197.221671;-1667.71873888889
PFY;2018-10-21;-2250.423828125;-1686.45179592222
PFY;2018-10-22;-2427.3652395625;-1709.27750711111
PFY;2018-10-23;-2553.5978785;-1743.99987136667
PFY;2018-10-24;-2407.64085293333;-1744.3092449625
PFY;2018-10-25;-2498.4319704;-1758.851041625
PFY;2018-10-26;-2622.28087233333;-1772.83813725
PFY;2018-10-27;-2630.51705346667;-1794.068632125
PFY;2018-10-28;-2209.24345954545;-1804.14023425
PFY;2018-10-29;-1715.2996956;-1815.098394875
PFY;2018-10-30;-11.2085921047;-1745.912890625
PFY;2018-10-31;-14.2546385313333;-1726.55267857143
PFY;2018-11-01;-16.1550063593333;-1640.9125
PFY;2018-11-02;-18.1461670325;-1618.38246533333
PFY;2018-11-03;-20.7157363725;-699.233333325
PFY;2018-11-04;-24.317309193125;-609.121875
PFY;2018-11-05;-30.565834018125;-645.42458334
PFY;2018-11-06;-37.3170146461538;-635.55473685
PFY;2018-11-07;-41.2415806346154;-563.525260425
PFY;2018-11-08;-43.9071693653846;-508.43549225
PFY;2018-11-09;-46.1732714907692;-544.24503068
PFY;2018-11-10;-49.3210457214286;-442.233047716667
PFY;2018-11-11;-53.5608223684615;-395.202229
PFY;2018-11-12;-55.8635416666667;-380.3779817
PFY;2018-11-13;-60.9907495408333;-328.199292766667
PFY;2018-11-14;-64.1517854525;-316.496527783333
PFY;2018-11-15;-65.8657231283333;-305.62413195
PFY;2018-11-16;-68.413425135;-299.807118066667
PFY;2018-11-17;-71.4493727366667;-297.098066533333
PFY;2018-11-18;-75.9239171991667;-296.33854165
PFY;2018-11-19;-77.9281971808333;-292.368055533333
PFY;2018-11-20;-79.5137523933333;-288.98836805
PFY;2018-11-21;-82.7896372383333;-268.466815471429
PFY;2018-11-22;-89.0447305745455;-266.652406
PFY;2018-11-23;-92.6174899790909;-284.9479028125
PFY;2018-11-24;-97.0992314654546;-273.233585525
PFY;2018-11-25;-103.873013166;-241.197579871429
PFY;2018-11-26;-106.61456249;-236.298784457143
PFY;2018-11-27;-116.40651073;-233.338690471429
PFY;2018-11-28;-123.487311157778;-230.803720228571
PFY;2018-11-29;-129.255322858889;-229.435087728571
PFY;2018-11-30;-136.19016204;-228.6604981
PFY;2018-12-01;-140.643405225556;-249.805374175
PFY;2018-12-02;-91.9015404181818;-244.8554249
PFY;2018-12-03;-10.7107178211538;-238.78195725
PFY;2018-12-04;-9.8340714094375;-216.727678571429
PFY;2018-12-05;-10.6050206701875;-80.15192022625
PFY;2018-12-06;-12.1311590542941;-53.3785879633333
PFY;2018-12-07;-13.0984492740588;-48.7296296311111
PFY;2018-12-08;-13.4926232135294;-52.1790921190909
PFY;2018-12-09;-13.5797510870588;-50.6948863627273
PFY;2018-12-10;-12.4416291738235;-49.6746212127273
PFY;2018-12-11;-12.9362965715;-48.5065639954545
PFY;2018-12-12;-14.4335180617647;-49.3387152775
PFY;2018-12-13;-15.9305122735294;-48.5515247258333
PFY;2018-12-14;-17.0947449388235;-44.1160106
PFY;2018-12-15;-18.1004453105882;-43.7667355875
PFY;2018-12-16;-18.7216782617647;-43.60763889
PFY;2018-12-17;-15.3074462376471;-43.4971354175
PFY;2018-12-18;-11.6446028494118;-43.0462984275
PFY;2018-12-19;-11.6160946521765;-42.1322048608333
PFY;2018-12-20;-10.4829540756471;-42.5035037881818
PFY;2018-12-21;-10.2915843413529;-42.2039062508333
PFY;2018-12-22;-9.57843373294118;-16.113854167
PFY;2018-12-23;-9.68469631170588;-12.62914748
PFY;2018-12-24;-9.51538626958824;-11.3345703120625
PFY;2018-12-25;-9.77930129166667;-10.3496323541176
PFY;2018-12-26;-10.1589596841667;-10.9504760058824
PFY;2018-12-27;-10.7729586982222;-12.0665460523529
PFY;2018-12-28;-11.552289645;-13.34007353
PFY;2018-12-29;-12.2516700422222;-14.5511229488235
PFY;2018-12-30;-13.022346065;-15.5784787058824
PFY;2018-12-31;-13.6870411988889;-15.958022655
PFY;2019-01-01;-14.3549433994444;-16.5838562675
PFY;2019-01-02;-14.9352363555556;-17.6238970588235
PFY;2019-01-03;-15.6596669722222;-18.1527528388235
PFY;2019-01-04;-16.746586015;-18.6721894417647
PFY;2019-01-05;-17.6930369738889;-19.1600561147059
PFY;2019-01-06;-17.7556606038889;-19.6218749994118
PFY;2019-01-07;-17.6234408333333;-20.0552269135294
PFY;2019-01-08;-17.7601197177778;-20.4462009805882
PFY;2019-01-09;-17.6027174705556;-20.8595504388235
PFY;2019-01-10;-17.7671705861111;-21.2226365611765
PFY;2019-01-11;-18.3400574738889;-21.5458617635294
PFY;2019-01-12;-18.8795922955556;-21.288635421875
PFY;2019-01-13;-14.5976889829412;-21.157552083125
PFY;2019-01-14;-9.65721291835294;-13.73298930875
PFY;2019-01-15;-10.0842286588333;-11.8202986317647
PFY;2019-01-16;-10.4697248945556;-12.0689028641176
PFY;2019-01-17;-11.0764947401667;-12.7245665629412
PFY;2019-01-18;-11.6281048972222;-13.5489054435294
PFY;2019-01-19;-12.5720312111111;-14.3596411317647
PFY;2019-01-20;-13.8795565966667;-14.72692425375
PFY;2019-01-21;-14.5885143066667;-15.3856414475
PFY;2019-01-22;-15.72968524;-15.951758835625
PFY;2019-01-23;-17.000666035;-16.498756168125
PFY;2019-01-24;-17.5629609138889;-17.5046910141176
PFY;2019-01-25;-18.1839360977778;-17.9454940482353
PFY;2019-01-26;-18.8969321705556;-18.3506199364706
PFY;2019-01-27;-19.2148988494444;-18.7647058829412
PFY;2019-01-28;-17.3946203361111;-19.1530637264706
PFY;2019-01-29;-15.4965887977778;-19.4247129782353
PFY;2019-01-30;-15.3728064838889;-19.6061846158824
PFY;2019-01-31;-16.2200204783333;-19.2103426525
PFY;2019-02-01;-16.2041148355556;-19.37872511
PFY;2019-02-02;-14.6515151283333;-20.20957031125
PFY;2019-02-03;-13.0804439923529;-20.306640625625
PFY;2019-02-04;-13.1526199747059;-20.2981078675
PFY;2019-02-05;-14.4541205417647;-20.3251485075
PFY;2019-02-06;-16.5264539838889;-19.8207227726667
PFY;2019-02-07;-17.6711993277778;-19.9827500006667
PFY;2019-02-08;-17.3985101077778;-20.1750285086667
PFY;2019-02-09;-16.3716035994444;-20.3693750006667
PFY;2019-02-10;-14.2807842858824;-20.5515972226667
PFY;2019-02-11;-10.4208967120588;-20.4718666953333
PFY;2019-02-12;-10.5323357995882;-20.390612665
PFY;2019-02-13;-11.0570871749412;-19.83784244
PFY;2019-02-14;-11.6428110274706;-19.6694010425
PFY;2019-02-15;-11.9247098825;-19.687007949375
PFY;2019-02-16;-13.0545635994118;-19.8014692975
PFY;2019-02-17;-13.97223761;-19.98096971
PFY;2019-02-18;-14.9458584052941;-20.209765624375
PFY;2019-02-19;-16.2271663344444;-20.47473958375
PFY;2019-02-20;-17.0077041222222;-20.74892955
PFY;2019-02-21;-17.6711364494444;-21.01892612375
PFY;2019-02-22;-18.2910149038889;-20.692430556
PFY;2019-02-23;-18.9285715161111;-20.9815972233333
PFY;2019-02-24;-19.5960247272222;-21.2627083326667
PFY;2019-02-25;-20.2878648883333;-21.545347222
PFY;2019-02-26;-21.1544858677778;-21.8763194453333
PFY;2019-02-27;-22.34370398;-22.2353472233333
PFY;2019-02-28;-23.1412094888235;-22.659375
PFY;2019-03-01;-24.4694414058824;-23.0586849406667
PFY;2019-03-02;-25.3340189635294;-22.7118303571429
PFY;2019-03-03;-26.8654924876471;-23.105279605
PFY;2019-03-04;-28.0930211547059;-23.475223215
PFY;2019-03-05;-27.8851812441176;-23.8529432957143
PFY;2019-03-06;-29.3724561129412;-24.345238095
PFY;2019-03-07;-29.454306469375;-24.8133928564286
PFY;2019-03-08;-28.8675626666667;-25.2958333335714
PFY;2019-03-09;-29.8777740233333;-24.7959935892308
PFY;2019-03-10;-19.2875141036364;-25.9143601192857
PFY;2019-03-11;-14.3271021008333;-26.1497767864286
PFY;2019-03-12;-11.98870789;-25.47676282
PFY;2019-03-13;-14.2192183808333;-25.8423734823077
PFY;2019-03-14;-14.3426764883333;-26.0091346146154
PFY;2019-03-15;-9.85916593553333;-25.6499620438462
PFY;2019-03-16;-10.3746607730625;-22.247532895
PFY;2019-03-17;-11.1468005961429;-21.1927083341667
PFY;2019-03-18;-12.6740097853846;-21.0270833333333
PFY;2019-03-19;-15.2573399721429;-21.14171418
PFY;2019-03-20;-16.9353493121429;-21.4072048616667
PFY;2019-03-21;-18.3182291664286;-22.8163461546154
PFY;2019-03-22;-19.8667825314286;-23.3352884623077
PFY;2019-03-23;-22.1990504857143;-23.9876602569231
PFY;2019-03-24;-25.2659542464286;-24.6891826930769
PFY;2019-03-25;-29.267526552;-25.3778002692308
PFY;2019-03-26;-33.004232455;-26.0364119430769
PFY;2019-03-27;-38.1850146208333;-26.6857287438462
PFY;2019-03-28;-39.6271192061538;-27.3040064092308
PFY;2019-03-29;-43.3166961876923;-30.193263888
PFY;2019-03-30;-45.7372820641667;-31.0188194453333
PFY;2019-03-31;-48.5968313136364;-31.9572222213333
PFY;2019-04-01;-53.8490659890909;-32.9932587726667
PFY;2019-04-02;-57.540810308;-33.9191403513333
PFY;2019-04-03;-55.10136131125;-34.8032638886667
PFY;2019-04-04;-61.073789357;-35.0929861113333
PFY;2019-04-05;-46.04605811375;-34.62138231
PFY;2019-04-06;-16.4840729663636;-34.2102726606667
PFY;2019-04-07;-19.6120312508333;-34.043125
PFY;2019-04-08;-24.4011796161538;-34.1445994153333
PFY;2019-04-09;-27.0342510025;-34.6697010233333
PFY;2019-04-10;-31.5851897481818;-33.8378861228571
PFY;2019-04-11;-36.851112939;-34.2662202371429
PFY;2019-04-12;-40.979451755;-36.0895032046154
PFY;2019-04-13;-45.422992501;-38.3249369516667
PFY;2019-04-14;-49.969210783;-39.1250868066667
PFY;2019-04-15;-54.935858949;-39.9254340266667
PFY;2019-04-16;-58.24830329;-40.9779440783333
PFY;2019-04-17;-66.2938901066667;-42.0059895833333
PFY;2019-04-18;-81.2194019477778;-41.3707386363636
PFY;2019-04-19;-112.72411128;-42.6419507581818
PFY;2019-04-20;-159.10207319;-44.0063446963636
PFY;2019-04-21;-250.519859028571;-45.5783891554545
PFY;2019-04-22;-328.301140371429;-47.4461822172727
PFY;2019-04-23;-416.326244314286;-49.19280303
PFY;2019-04-24;-563.138436733333;-50.6996291872727
PFY;2019-04-25;-639.126925822222;-52.4084712227273
PFY;2019-04-26;-347.117502528571;-53.1272557809091
PFY;2019-04-27;-294.251891233333;-52.9869318172727
PFY;2019-04-28;-199.7662511;-53.23058712
PFY;2019-04-29;-194.9696957;-53.8517045463636
PFY;2019-04-30;-205.2589262;-54.82035985
PFY;2019-05-01;-210.05150878;-53.638229168
PFY;2019-05-02;-247.4028147;-55.02534978
PFY;2019-05-03;-263.275327516667;-52.6094871611111
PFY;2019-05-04;-346.5982472;-53.9023148155556
PFY;2019-05-05;-404.910675128571;-55.0630787033333
PFY;2019-05-06;-438.226001644444;-56.32005726
PFY;2019-05-07;-521.91239584;-58.0035879633333
PFY;2019-05-08;-505.224378827273;-58.5934027788889
PFY;2019-05-09;-303.2277039;-57.88148148
PFY;2019-05-10;-98.1798136077778;-58.2550925933333
PFY;2019-05-11;-85.7752960577778;-58.5159344533333
PFY;2019-05-12;-86.076514535;-59.1815752922222
PFY;2019-05-13;-96.424494235;-60.2631944444444
PFY;2019-05-14;-106.431624037778;-61.4096064811111
PFY;2019-05-15;-126.290799353;-63.2465277788889
PFY;2019-05-16;-148.638454214444;-65.0957712
PFY;2019-05-17;-190.995834544444;-67.5240740744444
PFY;2019-05-18;-238.936961488889;-69.3152777788889
PFY;2019-05-19;-322.583889554545;-71.4044621733333
PFY;2019-05-20;-400.510188409091;-68.598854167
PFY;2019-05-21;-409.288285490909;-70.058749999
PFY;2019-05-22;-503.149038461538;-75.228790571
PFY;2019-05-23;-582.211760086667;-80.456092715
PFY;2019-05-24;-644.7691693375;-79.7847211785714
PFY;2019-05-25;-742.02579249375;-84.64371318
PFY;2019-05-26;-792.676184986667;-88.1102433128571
PFY;2019-05-27;-816.453725266667;-102.62765920375
PFY;2019-05-28;-803.450204;-104.060079785
PFY;2019-05-29;-854.886094276923;-105.799667357143
PFY;2019-05-30;-931.346323233333;-118.902423247143
PFY;2019-05-31;-962.202314458333;-138.020017185714
PFY;2019-06-01;-999.310587507692;-168.414434514286
PFY;2019-06-02;-1005.42906143846;-250.09625
PFY;2019-06-03;-1024.90067670769;-337.259622016667
PFY;2019-06-04;-1076.43199470769;-335.59105262
