date,meta,sfd
2020-02-10,Irrigation Stop,1.590220754045101
2020-02-11,Irrigation Stop,1.1776069477567068
2020-02-12,Irrigation,1.4977238664333088
2020-02-12,Irrigation Stop,1.4097871687484331
2020-02-13,Irrigation,0.8556842967832679
2020-02-13,Irrigation Stop,0.7253611158708372
2020-02-14,Irrigation,1.718015436124842
2020-02-14,Irrigation Stop,1.3457664806858598
2020-02-15,Irrigation,1.3975159201204905
2020-02-15,Irrigation Stop,1.027632948417856
2020-02-16,Irrigation,2.1348815585637864
2020-02-16,Irrigation Stop,1.809248776334859
2020-02-17,Irrigation,1.5309418274413207
2020-02-17,Irrigation Stop,1.2939232367009574
2020-02-18,Irrigation,1.3753901846485563
2020-02-18,Irrigation Stop,1.1334969750169486
2020-02-19,Irrigation,0.9867833159701842
2020-02-19,Irrigation Stop,0.8665530706555411
2020-02-20,Control,0.9269909336376068
2020-02-20,Irrigation,1.9482366927045198
2020-02-20,Irrigation Stop,1.6118256594591218
2020-02-21,Control,0.8096344342136088
2020-02-21,Irrigation,2.3120633409497646
2020-02-21,Irrigation Stop,2.122167222547932
2020-02-22,Control,0.9527888616979425
2020-02-22,Irrigation,2.107960579551017
2020-02-22,Irrigation Stop,1.586942807838562
2020-02-23,Control,0.9084368857335603
2020-02-23,Irrigation,2.8771673324202753
2020-02-23,Irrigation Stop,2.3324943951633443
2020-02-24,Control,1.236589881607579
2020-02-24,Irrigation,2.768546732553258
2020-02-24,Irrigation Stop,2.4780374446714335
2020-02-25,Control,0.7478495176414263
2020-02-25,Irrigation,2.0324384659221826
2020-02-25,Irrigation Stop,1.7447084412268903
2020-02-26,Control,1.4786910090625935
2020-02-26,Irrigation,0.400687806131412
2020-02-26,Irrigation Stop,0.8701093069827266
2020-02-27,Control,0.9296197402784564
2020-02-27,Irrigation,0.9095474239111122
2020-02-27,Irrigation Stop,1.27168879793154
2020-02-28,Control,1.4916799497769897
2020-02-28,Irrigation,1.6812596405474232
2020-02-28,Irrigation Stop,2.0916896277405286
2020-02-29,Control,0.8183165646740356
2020-02-29,Irrigation,2.666292057977313
2020-02-29,Irrigation Stop,2.6713292238224726
2020-03-01,Control,1.0773989102090757
2020-03-01,Irrigation,1.797011313566055
2020-03-01,Irrigation Stop,1.4491942226744396
2020-03-02,Control,1.977781978423415
2020-03-02,Irrigation,1.5310248853589208
2020-03-02,Irrigation Stop,1.1690302557077132
2020-03-03,Control,2.329550634251353
2020-03-03,Irrigation,2.6775368902654755
2020-03-03,Irrigation Stop,2.476653048924409
2020-03-04,Control,1.7728519199540254
2020-03-04,Irrigation,2.4331951850177047
2020-03-04,Irrigation Stop,2.0951033726479107
2020-03-05,Control,1.9568058301638933
2020-03-05,Irrigation,0.5052866743299405
2020-03-05,Irrigation Stop,0.5803892559769861
2020-03-06,Control,1.7568113371937897
2020-03-06,Irrigation,2.7590965956243125
2020-03-06,Irrigation Stop,2.9382099188425994
2020-03-07,Control,1.5545720324918832
2020-03-07,Irrigation,3.12385695643642
2020-03-07,Irrigation Stop,3.0496430514034203
2020-03-08,Control,1.2562279760600292
2020-03-08,Irrigation,2.385722489945588
2020-03-08,Irrigation Stop,2.176023955006011
2020-03-09,Control,0.8408881890876501
2020-03-09,Irrigation,1.9965420837206207
2020-03-09,Irrigation Stop,1.9357252627948005
2020-03-10,Control,0.8451411132170777
2020-03-10,Irrigation,0.3884812364823844
2020-03-10,Irrigation Stop,0.44250307235086106
2020-03-11,Control,1.4277128796892495
2020-03-11,Irrigation,2.1829726053995295
2020-03-11,Irrigation Stop,2.6355606437597316
2020-03-12,Control,1.7880355727993609
2020-03-12,Irrigation,3.734240476100618
2020-03-12,Irrigation Stop,3.328952290931634
2020-03-13,Control,1.816663516467415
2020-03-13,Irrigation,3.0079057790073547
2020-03-13,Irrigation Stop,3.0131276350956213
2020-03-14,Control,1.9350647923113515
2020-03-14,Irrigation,3.4875510843211712
2020-03-14,Irrigation Stop,2.909355842441527
2020-03-15,Control,2.5452119489920833
2020-03-15,Irrigation,4.239911302921341
2020-03-15,Irrigation Stop,4.260966978395106
2020-03-16,Control,2.438203774587366
2020-03-16,Irrigation,4.070763660601423
2020-03-16,Irrigation Stop,4.36664984490357
2020-03-17,Control,2.3616885399152414
2020-03-17,Irrigation,4.162767941822921
2020-03-17,Irrigation Stop,4.829621625653786
2020-03-18,Control,2.3441626807101033
2020-03-18,Irrigation,3.9337652815140665
2020-03-18,Irrigation Stop,4.8767024509243315
2020-03-19,Control,2.5739275207345345
2020-03-19,Irrigation,4.0366102121031435
2020-03-19,Irrigation Stop,4.843802459657148
2020-03-20,Control,2.519353843968493
2020-03-20,Irrigation,3.5955660109855145
2020-03-20,Irrigation Stop,3.9669427274143367
2020-03-21,Control,2.953850250145092
2020-03-21,Irrigation,4.1388036939318535
2020-03-21,Irrigation Stop,4.964916452439359
2020-03-22,Control,2.0501309954660214
2020-03-22,Irrigation,2.337448986224925
2020-03-22,Irrigation Stop,3.1318488218157032
2020-03-23,Control,2.597669870381366
2020-03-23,Irrigation,2.654453046407723
2020-03-23,Irrigation Stop,3.5398931549258323
2020-03-24,Control,2.9154686909136873
2020-03-24,Irrigation,3.0701784517856394
2020-03-24,Irrigation Stop,3.8659338444646365
2020-03-25,Control,2.7383613569723093
2020-03-25,Irrigation,3.3457515818380568
2020-03-25,Irrigation Stop,3.716789920898764
2020-03-26,Control,2.369582226712073
2020-03-26,Irrigation,4.010072602063154
2020-03-26,Irrigation Stop,4.352686355270505
2020-03-27,Control,2.3212061624190117
2020-03-27,Irrigation,3.4659191152383144
2020-03-27,Irrigation Stop,3.8703204144204446
2020-03-28,Control,2.4282693299695075
2020-03-28,Irrigation,4.1426979612938055
2020-03-28,Irrigation Stop,4.350166019151464
2020-03-29,Control,2.134413900794528
2020-03-29,Irrigation,3.2443771624435174
2020-03-29,Irrigation Stop,3.486811993064489
2020-03-30,Control,1.2875968057476552
2020-03-30,Irrigation,1.9157963053294793
2020-03-30,Irrigation Stop,2.324855650041191
2020-03-31,Irrigation,3.549952930175678
2020-03-31,Irrigation Stop,4.566750596508731
2020-04-01,Irrigation,4.358377018194279
2020-04-01,Irrigation Stop,4.996757315870155
2020-04-02,Irrigation,4.5751871627549345
2020-04-02,Irrigation Stop,4.760272242878214
2020-04-03,Irrigation,4.2171061695660805
2020-04-03,Irrigation Stop,4.957914887920053
2020-04-04,Irrigation,4.391195716001258
2020-04-04,Irrigation Stop,5.007027300516366
2020-04-05,Irrigation,5.0621503757311945
2020-04-05,Irrigation Stop,5.639915276315052
2020-04-06,Irrigation,4.603486630448947
2020-04-06,Irrigation Stop,5.673573415553848
2020-04-07,Irrigation,4.727757287902939
2020-04-07,Irrigation Stop,5.670140107740148
2020-04-08,Irrigation,4.469314996750624
2020-04-08,Irrigation Stop,4.065869727449851
2020-04-09,Irrigation,4.82598266183742
2020-04-09,Irrigation Stop,4.1270249252020035
2020-04-10,Irrigation,4.753812451150074
2020-04-10,Irrigation Stop,4.254886121290948
2020-04-11,Irrigation,4.693318892434417
2020-04-11,Irrigation Stop,4.2968605626245955
2020-04-12,Irrigation,4.758280586183494
2020-04-12,Irrigation Stop,4.043780735765051
2020-04-13,Irrigation,4.802036411501872
2020-04-13,Irrigation Stop,4.1659516048780745
2020-04-14,Irrigation,4.390823540940792
2020-04-14,Irrigation Stop,4.131295059787112
2020-04-15,Irrigation,4.963931662135
2020-04-15,Irrigation Stop,4.694339042505969
2020-04-16,Irrigation,4.942431370702289
2020-04-16,Irrigation Stop,4.752667383773395
2020-04-17,Irrigation,4.628873379187507
2020-04-17,Irrigation Stop,4.476676291722432
2020-04-18,Irrigation,4.405003652700302
2020-04-18,Irrigation Stop,4.255394849066437
2020-04-19,Irrigation,3.6069870941222018
2020-04-19,Irrigation Stop,3.237382540283172
2020-04-20,Irrigation,4.677166763302136
2020-04-20,Irrigation Stop,4.113409789027084
2020-04-21,Irrigation,3.866786737682883
2020-04-21,Irrigation Stop,3.3427641565071387
2020-04-22,Irrigation,5.467218019575207
2020-04-22,Irrigation Stop,4.866726376259175
2020-04-23,Irrigation,4.481765332288923
2020-04-23,Irrigation Stop,4.453407835278911
2020-04-24,Irrigation,4.136328395790397
2020-04-24,Irrigation Stop,4.152025501357633
2020-04-25,Irrigation,3.820342987738595
2020-04-25,Irrigation Stop,3.3806331809087746
2020-04-26,Irrigation,3.109802252019837
2020-04-26,Irrigation Stop,3.7259034931918427
2020-04-27,Irrigation,4.020576633286471
2020-04-27,Irrigation Stop,4.546754626591016
2020-04-28,Irrigation,1.023787109587568
2020-04-28,Irrigation Stop,1.0654537311984638
2020-04-29,Irrigation,4.663751823605463
2020-04-29,Irrigation Stop,5.790226610650636
2020-04-30,Irrigation,1.763973579245848
2020-04-30,Irrigation Stop,2.6536583124493043
2020-05-01,Irrigation,0.890928853702054
2020-05-01,Irrigation Stop,1.3368400090967265
2020-05-02,Irrigation,2.8463992331128574
2020-05-02,Irrigation Stop,3.898277402117614
2020-05-03,Irrigation,3.947795902875436
2020-05-03,Irrigation Stop,4.914840922341861
2020-05-04,Irrigation,5.990772820982253
2020-05-04,Irrigation Stop,6.891540109750596
2020-05-05,Irrigation,1.4703595966945793
2020-05-05,Irrigation Stop,1.5454609731906264
2020-05-06,Irrigation,5.365263340098626
2020-05-06,Irrigation Stop,5.551620756740227
2020-05-07,Irrigation,6.378039558175541
2020-05-07,Irrigation Stop,6.700182281868237
2020-05-08,Irrigation,6.080787474782647
2020-05-08,Irrigation Stop,6.548002245605386
2020-05-09,Irrigation,5.703036730775882
2020-05-09,Irrigation Stop,6.513804457444461
2020-05-10,Irrigation,5.106036626533691
2020-05-10,Irrigation Stop,5.264306963136016
2020-05-11,Irrigation,4.086520660101235
2020-05-11,Irrigation Stop,4.491836460963814
2020-05-12,Irrigation,3.8363089231487644
2020-05-12,Irrigation Stop,4.605354640953779
2020-05-13,Irrigation,3.5440726509201275
2020-05-13,Irrigation Stop,3.904615066335565
2020-05-14,Irrigation,4.732344143876129
2020-05-14,Irrigation Stop,5.545685720068777
2020-05-15,Irrigation,2.700414266341217
2020-05-15,Irrigation Stop,4.9255840159943425
2020-05-16,Irrigation,4.0934354365682655
2020-05-16,Irrigation Stop,5.120805083093401
2020-05-17,Irrigation,5.652737302932886
2020-05-17,Irrigation Stop,6.459334877531408
2020-05-18,Irrigation,6.33055319419918
2020-05-18,Irrigation Stop,6.7163436285871745
2020-05-19,Irrigation,5.872003677027758
2020-05-19,Irrigation Stop,6.698612677407366
2020-05-20,Irrigation,5.572511358973468
2020-05-20,Irrigation Stop,6.817245042523524
2020-05-21,Irrigation,5.0585175458514975
2020-05-21,Irrigation Stop,6.703643552199468
2020-05-22,Irrigation,4.677802737987664
2020-05-22,Irrigation Stop,6.51842208362008
2020-05-23,Irrigation,2.891702209120906
2020-05-23,Irrigation Stop,3.460581849217562
2020-05-24,Irrigation,5.4331314210318915
2020-05-24,Irrigation Stop,6.079396593424894
2020-05-25,Irrigation,5.793240065856225
2020-05-25,Irrigation Stop,6.819619265283869
2020-05-26,Irrigation,4.747067314089895
2020-05-26,Irrigation Stop,6.671263932700673
2020-05-27,Irrigation,4.560578779032299
2020-05-27,Irrigation Stop,6.310473831673254
2020-05-28,Irrigation,6.2768574483862585
2020-05-28,Irrigation Stop,6.0993618209761555
2020-05-29,Irrigation,6.371802906402946
2020-05-29,Irrigation Stop,5.6938063751582835
2020-05-30,Irrigation,5.381489337563138
2020-05-30,Irrigation Stop,4.247677183868156
2020-05-31,Irrigation,6.6261954506212035
2020-05-31,Irrigation Stop,5.63640875123856
2020-06-01,Irrigation,4.768871245482294
2020-06-01,Irrigation Stop,5.448631363729871
2020-06-02,Irrigation,4.670704867067158
2020-06-02,Irrigation Stop,5.376963938946185
2020-06-03,Irrigation,4.129111462240268
2020-06-03,Irrigation Stop,4.5088841939178845
2020-06-04,Irrigation,1.1831032674960067
2020-06-04,Irrigation Stop,0.6174965346546128
2020-06-05,Irrigation,5.411187147796758
2020-06-05,Irrigation Stop,4.726619589133328
2020-06-06,Irrigation,5.791397168846484
2020-06-06,Irrigation Stop,5.626200080183295
2020-06-07,Irrigation,4.280237666303396
2020-06-07,Irrigation Stop,4.27339783756077
2020-06-08,Irrigation,4.435377159512891
2020-06-08,Irrigation Stop,4.412273838694055
2020-06-09,Irrigation,4.72224091387259
2020-06-09,Irrigation Stop,2.4396515151937654
2020-06-10,Irrigation,4.822292497190025
2020-06-10,Irrigation Stop,1.6330661234253636
2020-06-11,Irrigation,7.743520355102534
2020-06-11,Irrigation Stop,4.777626218861237
2020-06-12,Irrigation,7.945346305305388
2020-06-12,Irrigation Stop,5.591749018113724
2020-06-13,Irrigation,5.7893910572444
2020-06-13,Irrigation Stop,4.393320204929677
2020-06-14,Irrigation,5.066097064705514
2020-06-14,Irrigation Stop,3.8020132729881078
2020-06-15,Irrigation,7.273041041423978
2020-06-15,Irrigation Stop,4.457876138001524
2020-06-16,Irrigation,7.22608999897056
2020-06-16,Irrigation Stop,4.742053909527645
2020-06-17,Irrigation,4.2867219316319165
2020-06-17,Irrigation Stop,2.948513873914836
2020-06-18,Irrigation,8.430625507390156
2020-06-18,Irrigation Stop,4.931686400744688
2020-06-19,Irrigation,7.419559608567765
2020-06-19,Irrigation Stop,4.169797679166105
2020-06-20,Irrigation,6.994076176533318
2020-06-20,Irrigation Stop,4.827670088080448
2020-06-21,Irrigation,8.682208700619524
2020-06-21,Irrigation Stop,5.308397181430657
2020-06-22,Irrigation,8.694258890009815
2020-06-22,Irrigation Stop,4.990806344940115
2020-06-23,Irrigation,9.123689086892744
2020-06-23,Irrigation Stop,4.8740225725307305
2020-06-24,Irrigation,7.1500769323295055
2020-06-24,Irrigation Stop,4.306819337743857
2020-06-25,Irrigation,7.771828982032888
2020-06-25,Irrigation Stop,4.205531311377835
2020-06-26,Irrigation,8.157348893881478
2020-06-26,Irrigation Stop,3.9397854063207824
2020-06-27,Irrigation,7.815341401119182
2020-06-27,Irrigation Stop,3.8039473792299026
2020-06-28,Irrigation,7.192222750799329
2020-06-28,Irrigation Stop,3.1343673095716444
2020-06-29,Irrigation,7.58359382468281
2020-06-29,Irrigation Stop,4.038343405000335
2020-06-30,Irrigation,9.327509799914633
2020-06-30,Irrigation Stop,5.406247823451238
2020-07-01,Irrigation,8.535649678236673
2020-07-01,Irrigation Stop,5.06321907949881
2020-07-02,Irrigation,8.408403006870016
2020-07-02,Irrigation Stop,4.271020549576021
2020-07-03,Irrigation,9.215335678593577
2020-07-03,Irrigation Stop,3.6510049979890966
2020-07-04,Irrigation,10.148559967167035
2020-07-04,Irrigation Stop,4.193764412281219
2020-07-05,Irrigation,10.091222730029392
2020-07-05,Irrigation Stop,4.198097425485471
2020-07-06,Irrigation,8.79262381023079
2020-07-06,Irrigation Stop,3.7354841796421234
2020-07-07,Irrigation,7.75793975822039
2020-07-07,Irrigation Stop,3.307636882497464
2020-07-08,Irrigation,9.294374054927527
2020-07-08,Irrigation Stop,3.356359498769856
2020-07-09,Control,2.866636752751651
2020-07-09,Irrigation,8.144111606631835
2020-07-09,Irrigation Stop,3.283244535658432
2020-07-10,Control,2.504358541184879
2020-07-10,Irrigation,7.197621319831165
2020-07-10,Irrigation Stop,3.679830089680906
2020-07-11,Control,1.4472418429944731
2020-07-11,Irrigation,5.002899367334644
2020-07-11,Irrigation Stop,3.272802573507883
2020-07-12,Control,1.755985010173157
2020-07-12,Irrigation,7.509988979274162
2020-07-12,Irrigation Stop,5.4019800628541805
2020-07-13,Control,1.6781294567791103
2020-07-13,Irrigation,6.996053173307641
2020-07-13,Irrigation Stop,3.847990804560409
2020-07-14,Control,1.438642300426764
2020-07-14,Irrigation,7.075214041000135
2020-07-14,Irrigation Stop,3.278805508532131
2020-07-15,Control,1.1363205440451685
2020-07-15,Irrigation,6.131442071043795
2020-07-15,Irrigation Stop,2.491850812477921
2020-07-16,Control,1.3151831096281117
2020-07-16,Irrigation,6.1568172594044945
2020-07-16,Irrigation Stop,2.489095036450837
2020-07-17,Control,1.6327699742518846
2020-07-17,Irrigation,7.294460841656184
2020-07-17,Irrigation Stop,3.081574372306366
2020-07-18,Control,1.7078370519226915
2020-07-18,Irrigation,7.514009145347524
2020-07-18,Irrigation Stop,2.6632197619701032
2020-07-19,Control,1.6774668316928714
2020-07-19,Irrigation,7.540799244278155
2020-07-19,Irrigation Stop,2.397297989011561
2020-07-20,Control,1.7420147607808047
2020-07-20,Irrigation,7.7304765487973395
2020-07-20,Irrigation Stop,2.2395817312190927
2020-07-21,Control,1.5233943113333066
2020-07-21,Irrigation,7.293416103724989
2020-07-21,Irrigation Stop,2.4833920020833196
2020-07-22,Control,1.301401634280361
2020-07-22,Irrigation,4.022467269001057
2020-07-22,Irrigation Stop,1.516975774452396
2020-07-23,Control,1.5353979900290724
2020-07-23,Irrigation,7.076110162683632
2020-07-23,Irrigation Stop,3.8516128332576693
2020-07-24,Control,0.8819016994624533
2020-07-24,Irrigation,3.64724486340251
2020-07-24,Irrigation Stop,1.2761084545778647
2020-07-25,Control,1.76488121341905
2020-07-25,Irrigation,8.119733865115803
2020-07-25,Irrigation Stop,3.5533318461483434
2020-07-26,Control,1.5782525733271429
2020-07-26,Irrigation,8.139496023105512
2020-07-26,Irrigation Stop,2.927674409841282
2020-07-27,Control,1.7299641454129542
2020-07-27,Irrigation,8.22921682976857
2020-07-27,Irrigation Stop,2.387649516953439
2020-07-28,Control,1.5463261702791753
2020-07-28,Irrigation,6.814884454248987
2020-07-28,Irrigation Stop,1.9373526230022324
2020-07-29,Control,1.5405711789423218
2020-07-29,Irrigation,6.912869733956967
2020-07-29,Irrigation Stop,1.838223855230355
2020-07-30,Control,1.6957908250372409
2020-07-30,Irrigation,7.991973392805744
2020-07-30,Irrigation Stop,2.1018936313498684
2020-07-31,Control,1.6775898909491975
2020-07-31,Irrigation,8.10552436093771
2020-07-31,Irrigation Stop,1.967565886820156
2020-08-01,Control,1.5931826301071501
2020-08-01,Irrigation,7.136777128817473
2020-08-01,Irrigation Stop,1.6896380995053029
2020-08-02,Control,1.4178531738225644
2020-08-02,Irrigation,5.562056407901111
2020-08-02,Irrigation Stop,1.3890118885682543
2020-08-03,Control,1.33152644717559
2020-08-03,Irrigation,3.1111591154242664
2020-08-03,Irrigation Stop,0.5218168393315843
2020-08-04,Control,1.7369804379449005
2020-08-04,Irrigation,6.226245004471079
2020-08-04,Irrigation Stop,1.5082617992590013
2020-08-05,Control,1.9088486060284267
2020-08-05,Irrigation,8.332817451464825
2020-08-05,Irrigation Stop,2.457017205607077
2020-08-06,Control,1.7820330115766803
2020-08-06,Irrigation,7.973551444174758
2020-08-06,Irrigation Stop,2.1271181800825945
2020-08-07,Control,1.7213390703130371
2020-08-07,Irrigation,8.699473785914687
2020-08-07,Irrigation Stop,1.76804494987552
2020-08-08,Control,1.7379227820592615
2020-08-08,Irrigation,8.43352966557615
2020-08-08,Irrigation Stop,1.4890269536392
2020-08-09,Control,1.7556593277964003
2020-08-09,Irrigation,8.13551934645645
2020-08-09,Irrigation Stop,1.2782063935571326
2020-08-10,Control,1.4616086607560979
2020-08-10,Irrigation,6.773684130636485
2020-08-10,Irrigation Stop,1.1356757447397419
2020-08-11,Control,1.613984281073332
2020-08-11,Irrigation,6.676676733893164
2020-08-11,Irrigation Stop,1.1066330481833277
2020-08-12,Control,1.6100028598401985
2020-08-12,Irrigation,6.971187351128195
2020-08-12,Irrigation Stop,1.333825939288662
2020-08-13,Control,1.3891219762640703
2020-08-13,Irrigation,5.772906572774499
2020-08-13,Irrigation Stop,0.9668763639001752
2020-08-14,Control,1.7564798810120819
2020-08-14,Irrigation,5.7622736953735085
2020-08-14,Irrigation Stop,1.896185052622346
2020-08-15,Control,1.7044469575165522
2020-08-15,Irrigation,7.401352419730163
2020-08-15,Irrigation Stop,2.4930740536564873
2020-08-16,Control,1.3749464355243048
2020-08-16,Irrigation,7.04281330168337
2020-08-16,Irrigation Stop,2.01577832593289
2020-08-17,Control,1.2112370280508737
2020-08-17,Irrigation,5.32383825903189
2020-08-17,Irrigation Stop,2.055369323440131
2020-08-18,Control,1.4978437440000696
2020-08-18,Irrigation,6.5871609970527585
2020-08-18,Irrigation Stop,2.5612533214911197
2020-08-19,Control,1.6594869003186998
2020-08-19,Irrigation,7.73586875323307
2020-08-19,Irrigation Stop,2.9557515631448315
2020-08-20,Control,1.6505843002404545
2020-08-20,Irrigation,7.829746199064953
2020-08-20,Irrigation Stop,2.6680033808695236
2020-08-21,Control,1.485678987302824
2020-08-21,Irrigation,7.182025937362352
2020-08-21,Irrigation Stop,2.0457017668219573
2020-08-22,Control,1.1418956471557449
2020-08-22,Irrigation,5.5184965587441965
2020-08-22,Irrigation Stop,1.370280406342679
2020-08-23,Control,1.4354000456415243
2020-08-23,Irrigation,5.836287709592217
2020-08-23,Irrigation Stop,1.5629849938627616
2020-08-24,Control,1.6298594135196827
2020-08-24,Irrigation,7.172793938466028
2020-08-24,Irrigation Stop,1.5212234701454346
2020-08-25,Control,1.4746701883264344
2020-08-25,Irrigation,6.951770480950001
2020-08-25,Irrigation Stop,1.3290339751548257
2020-08-26,Control,1.843417413462145
2020-08-26,Irrigation,6.995410487810828
2020-08-26,Irrigation Stop,1.5531321290452544
2020-08-27,Control,1.6459179346462665
2020-08-27,Irrigation,5.797762065238798
2020-08-27,Irrigation Stop,0.997806134347292
2020-08-28,Control,0.8273689664742887
2020-08-28,Irrigation,3.2790739023597775
2020-08-28,Irrigation Stop,0.5262642509214797
2020-08-29,Control,1.6084878058654069
2020-08-29,Irrigation,0.9094090649452582
2020-08-29,Irrigation Stop,1.0472849340845327
2020-08-30,Control,2.784875223954178
2020-08-30,Irrigation,2.189373313999743
2020-08-30,Irrigation Stop,2.36670594558942
2020-08-31,Control,1.3158161225738487
2020-08-31,Irrigation,6.124179047430396
2020-08-31,Irrigation Stop,3.254847339682678
2020-09-01,Control,1.529399040275178
2020-09-01,Irrigation,6.720390146565315
2020-09-01,Irrigation Stop,3.7309697397580823
2020-09-02,Control,1.8351448218881539
2020-09-02,Irrigation,6.264788139843592
2020-09-02,Irrigation Stop,3.3566959645213355
2020-09-03,Control,2.153433559877029
2020-09-03,Irrigation,6.717984740822721
2020-09-03,Irrigation Stop,3.7938576890476474
2020-09-04,Control,2.1322378749868993
2020-09-04,Irrigation,6.757314071909986
2020-09-04,Irrigation Stop,4.0623282963339715
2020-09-05,Control,2.236357615008443
2020-09-05,Irrigation,6.767408985329917
2020-09-05,Irrigation Stop,4.095636662330214
2020-09-06,Control,2.2344931654525078
2020-09-06,Irrigation,5.746761401534451
2020-09-06,Irrigation Stop,3.166305332848774
2020-09-07,Control,2.3305978226036452
2020-09-07,Irrigation,6.443437057308968
2020-09-07,Irrigation Stop,3.528827929787969
2020-09-08,Control,2.2914125272153774
2020-09-08,Irrigation,6.475000829025501
2020-09-08,Irrigation Stop,3.672022985574117
2020-09-09,Control,2.0776433769081857
2020-09-09,Irrigation,6.911579349826438
2020-09-09,Irrigation Stop,3.589524087678441
2020-09-10,Control,1.890085584917143
2020-09-10,Irrigation,6.469569822875501
2020-09-10,Irrigation Stop,3.3425634539330207
2020-09-11,Control,1.7187073873303258
2020-09-11,Irrigation,5.895925876389366
2020-09-11,Irrigation Stop,2.8565476282884714
2020-09-12,Control,1.9693973121846615
2020-09-12,Irrigation,6.565297076246311
2020-09-12,Irrigation Stop,3.0694777428799815
2020-09-13,Control,1.9121294650293108
2020-09-13,Irrigation,6.252170594549978
2020-09-13,Irrigation Stop,2.8169681546643286
2020-09-14,Control,1.8941972474537019
2020-09-14,Irrigation,6.692516206114931
2020-09-14,Irrigation Stop,2.6299074922284866
2020-09-15,Control,1.7214074737255283
2020-09-15,Irrigation,7.029197089776329
2020-09-15,Irrigation Stop,2.4817711307394705
2020-09-16,Control,1.6487600678098704
2020-09-16,Irrigation,5.927842408630111
2020-09-16,Irrigation Stop,2.122209798493811
2020-09-17,Control,1.7261832158323678
2020-09-17,Irrigation,6.1687430417215134
2020-09-17,Irrigation Stop,2.0446779859816124
2020-09-18,Control,1.6018886104707883
2020-09-18,Irrigation,6.195300505887084
2020-09-18,Irrigation Stop,1.9596067940391895
2020-09-19,Control,0.8478097044884702
2020-09-19,Irrigation,3.777678008097726
2020-09-19,Irrigation Stop,0.5825272437491381
2020-09-20,Control,1.4270125250070214
2020-09-20,Irrigation,6.1617481336611215
2020-09-20,Irrigation Stop,1.6675774400709131
2020-09-21,Control,1.0713028562242757
2020-09-21,Irrigation,4.886583784893744
2020-09-21,Irrigation Stop,0.8689276290837882
2020-09-22,Control,1.2008316029442012
2020-09-22,Irrigation,5.142285006617707
2020-09-22,Irrigation Stop,1.3226831322863217
2020-09-23,Control,0.8939563931233823
2020-09-23,Irrigation,4.073559910304138
2020-09-23,Irrigation Stop,0.8753825830202961
2020-09-24,Control,0.7940523496496449
2020-09-24,Irrigation,4.204600322483142
2020-09-24,Irrigation Stop,0.8972217976019143
2020-09-25,Control,1.9339904236051888
2020-09-25,Irrigation,1.4743731845039274
2020-09-25,Irrigation Stop,0.5377899919117943
2020-09-26,Control,2.501649828426058
2020-09-26,Irrigation,3.977679837158665
2020-09-26,Irrigation Stop,2.0749159286748173
2020-09-27,Control,1.3505905554166486
2020-09-27,Irrigation,4.769002126650513
2020-09-27,Irrigation Stop,2.5650387205171086
2020-09-28,Control,1.288597332933015
2020-09-28,Irrigation,5.294298119596256
2020-09-28,Irrigation Stop,2.5708324874067814
2020-09-29,Control,0.5622545967906029
2020-09-29,Irrigation,1.2490952913793727
2020-09-29,Irrigation Stop,0.77569921889023985
2020-09-30,Control,1.6570987489403441
2020-09-30,Irrigation,4.335707444057424
2020-09-30,Irrigation Stop,2.096478601733525
2020-10-01,Control,1.2899270132073941
2020-10-01,Irrigation,3.2872263351357964
2020-10-01,Irrigation Stop,1.3116283621319196
2020-10-02,Control,1.9920308109281983
2020-10-02,Irrigation,4.334751010970077
2020-10-02,Irrigation Stop,1.5089877929521174
2020-10-03,Control,3.5585256231043623
2020-10-03,Irrigation,3.7229261173905486
2020-10-03,Irrigation Stop,2.2731728838816103
2020-10-04,Control,2.5379960192616524
2020-10-04,Irrigation,5.115315018225633
2020-10-04,Irrigation Stop,2.9114007047109904
2020-10-05,Control,1.0300309503968108
2020-10-05,Irrigation,1.932025427855166
2020-10-05,Irrigation Stop,1.1595573960947365
2020-10-06,Control,0.5999668717782277
2020-10-06,Irrigation,0.7176743572359374
2020-10-06,Irrigation Stop,0.5724329218627314
2020-10-07,Control,2.106336740707949
2020-10-07,Irrigation,3.893089304786021
2020-10-07,Irrigation Stop,2.6543868501565577
2020-10-08,Control,2.509729579858214
2020-10-08,Irrigation,3.951568063412966
2020-10-08,Irrigation Stop,2.6440964286855992
2020-10-09,Control,1.5799766224498748
2020-10-09,Irrigation,2.716969966508998
2020-10-09,Irrigation Stop,1.7542286057428447
2020-10-10,Control,0.5288399754060017
2020-10-10,Irrigation,0.2750472256103822
2020-10-10,Irrigation Stop,0.2561145841412201
2020-10-11,Control,2.31953730940683
2020-10-11,Irrigation,3.9894573113121727
2020-10-11,Irrigation Stop,2.732053791570565
2020-10-12,Control,2.572828117488331
2020-10-12,Irrigation,3.8909264371201595
2020-10-12,Irrigation Stop,2.694229274439605
2020-10-13,Control,1.807807941150098
2020-10-13,Irrigation,3.087779478184024
2020-10-13,Irrigation Stop,2.1104605703477084
2020-10-14,Control,1.5526675402773793
2020-10-14,Irrigation,2.6957612595585116
2020-10-14,Irrigation Stop,1.798311593579061
2020-10-15,Control,0.3909578777673967
2020-10-15,Irrigation,0.4755258406721343
2020-10-15,Irrigation Stop,0.2807751800699442
2020-10-16,Control,1.0361715108542253
2020-10-16,Irrigation,2.218964212482068
2020-10-16,Irrigation Stop,1.5493075364800948
2020-10-17,Control,1.5123086023889816
2020-10-17,Irrigation,2.895770085890553
2020-10-17,Irrigation Stop,1.7955068347141345
2020-10-18,Control,1.3947654944653225
2020-10-18,Irrigation,3.328214716137892
2020-10-18,Irrigation Stop,1.5430804768791517
2020-10-19,Control,1.7243608778837067
2020-10-19,Irrigation,3.0978688230345006
2020-10-19,Irrigation Stop,1.6748917534409797
2020-10-20,Control,1.6068196496168001
2020-10-20,Irrigation,5.5950691536516866
2020-10-20,Irrigation Stop,2.5222434224205896
2020-10-21,Control,2.2779203469517033
2020-10-21,Irrigation,5.274656421322579
2020-10-21,Irrigation Stop,2.8617773917206737
2020-10-22,Control,1.7545599646311916
2020-10-22,Irrigation,2.96080785117465
2020-10-22,Irrigation Stop,1.6427392511232435
2020-10-23,Control,0.5034073682583216
2020-10-23,Irrigation,0.3829422502546356
2020-10-23,Irrigation Stop,0.28856317397300973
2020-10-24,Control,1.5161149325363472
2020-10-24,Irrigation,1.2846692385240868
2020-10-24,Irrigation Stop,0.6504662206094333
2020-10-25,Control,2.2013604196445327
2020-10-25,Irrigation,3.563657622635018
2020-10-25,Irrigation Stop,1.9704901195212523
2020-10-26,Control,1.4533315557558706
2020-10-26,Irrigation,0.9982072534319146
2020-10-26,Irrigation Stop,0.6324635690297149
2020-10-27,Control,1.7634346294831027
2020-10-27,Irrigation,1.823900770285862
2020-10-27,Irrigation Stop,1.4389317229989733
2020-10-28,Control,1.3622684286234998
2020-10-28,Irrigation,2.485712945851853
2020-10-28,Irrigation Stop,1.6350102087886718
2020-10-29,Control,0.3517509081775469
2020-10-29,Irrigation,1.3837444031506234
2020-10-29,Irrigation Stop,0.7432395506059917
2020-10-30,Control,0.7378676489673586
2020-10-30,Irrigation,1.503155596994954
2020-10-30,Irrigation Stop,0.9269018822211238
2020-10-31,Control,1.691034451505937
2020-10-31,Irrigation,2.820646321900582
2020-10-31,Irrigation Stop,1.6352681403554081
2020-11-01,Control,1.0188214121442538
2020-11-01,Irrigation,2.6039763524569923
2020-11-01,Irrigation Stop,1.5195053502864582
2020-11-02,Control,0.9712562483337527
2020-11-02,Irrigation,3.125106468924289
2020-11-02,Irrigation Stop,1.501204870468956
2020-11-03,Control,0.998707576006435
2020-11-03,Irrigation,1.5874851191019748
2020-11-03,Irrigation Stop,0.8591868079333294
2020-11-04,Control,0.887628717843511
2020-11-04,Irrigation,1.1263249577112924
2020-11-04,Irrigation Stop,0.6826716583591259
2020-11-05,Control,0.5396002388030485
2020-11-05,Irrigation,1.2087141062211242
2020-11-05,Irrigation Stop,0.7951122511816172
2020-11-06,Control,1.0570431289124183
2020-11-06,Irrigation,1.0630384980714611
2020-11-06,Irrigation Stop,0.7133730639409366
2020-11-07,Control,1.3039542518486944
2020-11-07,Irrigation,2.160362587803297
2020-11-07,Irrigation Stop,1.4137357320920914
2020-11-08,Control,1.0843834937202583
2020-11-08,Irrigation,2.361128210585143
2020-11-08,Irrigation Stop,1.5545647328579384
2020-11-09,Control,0.7370628926586889
2020-11-09,Irrigation,1.0462127120598235
2020-11-09,Irrigation Stop,0.5790969778814381
2020-11-10,Control,0.709884970251659
2020-11-10,Irrigation,1.0682957110417184
2020-11-10,Irrigation Stop,0.7459606575121905
2020-11-11,Control,0.827961653289646
2020-11-11,Irrigation,0.6684908372952537
2020-11-11,Irrigation Stop,0.6833071907795363
2020-11-12,Control,0.7267637314551095
2020-11-12,Irrigation,1.03838188923565
2020-11-12,Irrigation Stop,0.8349095816101271
2020-11-13,Control,0.8131542733804383
2020-11-13,Irrigation,1.3087817604871792
2020-11-13,Irrigation Stop,0.9180701664840809
2020-11-14,Control,0.7931949431932556
2020-11-14,Irrigation,1.295276120613981
2020-11-14,Irrigation Stop,0.9502003854074966
2020-11-15,Control,0.8680377343671437
2020-11-15,Irrigation,1.8543312528568248
2020-11-15,Irrigation Stop,1.1936405390998956
2020-11-16,Irrigation,1.1164941640218824
2020-11-16,Irrigation Stop,0.7250486248061199
2020-11-17,Irrigation,0.7029088932147759
2020-11-17,Irrigation Stop,0.603304852497961
2020-11-18,Irrigation,1.1983974408161386
2020-11-18,Irrigation Stop,0.9123651356896052
2020-11-19,Irrigation,1.2835497356342649
2020-11-19,Irrigation Stop,0.7857751698994542
2020-11-20,Irrigation,1.2083757327243605
2020-11-20,Irrigation Stop,0.7564284716293078
2020-11-21,Irrigation,0.6236503427464091
2020-11-21,Irrigation Stop,0.9305966358764859
2020-11-22,Irrigation,1.0777476540250779
2020-11-22,Irrigation Stop,1.2468097815330146
2020-11-23,Irrigation,0.5936553470856702
2020-11-23,Irrigation Stop,0.8089355045021827
2020-11-24,Irrigation,0.472431913416016
2020-11-24,Irrigation Stop,0.5026611588310312
2020-11-25,Irrigation,0.29279440159392267
2020-11-25,Irrigation Stop,0.2858828352447019
2020-11-26,Irrigation,0.6729754099094896
2020-11-26,Irrigation Stop,0.6630242663481889
2020-11-27,Irrigation,0.738285457188022
2020-11-27,Irrigation Stop,0.6328677483960974
2020-11-28,Irrigation,0.4959596297045912
2020-11-28,Irrigation Stop,0.4348417792083311
2020-11-29,Irrigation,0.5164814446583813
2020-11-29,Irrigation Stop,0.6286696903220885
2020-11-30,Irrigation,0.30391318017406926
2020-11-30,Irrigation Stop,0.33047124595232813
2020-12-01,Irrigation,0.36746281785850077
2020-12-01,Irrigation Stop,0.49002960817437946
2020-12-02,Irrigation,0.3835607371382877
2020-12-02,Irrigation Stop,0.8310427714278878
2020-12-03,Irrigation,0.6547486764111776
2021-02-14,Control,0.5000389165493875
2021-02-15,Control,0.5893335651995771
2021-02-16,Control,0.49237654082857685
2021-02-17,Control,0.7833608945462854
2021-02-18,Control,0.9033809004578132
2021-02-18,Irrigation Stop,1.5959851164013465
2021-02-19,Control,1.486513892530716
2021-02-19,Irrigation Stop,2.1203907645926643
2021-02-20,Control,1.6848501479327653
2021-02-20,Irrigation,2.426421315846252
2021-02-20,Irrigation Stop,2.4441157811775502
2021-02-21,Control,1.7859945180539207
2021-02-21,Irrigation,2.725084519758959
2021-02-21,Irrigation Stop,2.781248085313953
2021-02-22,Control,2.02499079003102
2021-02-22,Irrigation,2.8734687124147174
2021-02-22,Irrigation Stop,1.9197958082732283
2021-02-23,Control,1.4993966011135162
2021-02-23,Irrigation,2.709948159956471
2021-02-23,Irrigation Stop,1.7720462469994134
2021-02-24,Control,1.691309766588637
2021-02-24,Irrigation,3.147297897333607
2021-02-24,Irrigation Stop,2.1868895869176455
2021-02-25,Control,1.659703234615932
2021-02-25,Irrigation,3.0873595554726045
2021-02-25,Irrigation Stop,2.2073754622577355
2021-02-26,Control,1.6304972717354764
2021-02-26,Irrigation,3.207033358001165
2021-02-26,Irrigation Stop,2.2049890889002395
2021-02-27,Control,1.7971949743922466
2021-02-27,Irrigation,2.6897061254216883
2021-02-27,Irrigation Stop,2.030492911619751
2021-02-28,Control,1.9704216765389533
2021-02-28,Irrigation,2.8469259175283845
2021-02-28,Irrigation Stop,2.180510533808711
2021-03-01,Control,1.7461820832813275
2021-03-01,Irrigation,3.085257756887919
2021-03-01,Irrigation Stop,2.3116180515533777
2021-03-02,Control,1.4827548863428914
2021-03-02,Irrigation,3.3976708255743824
2021-03-02,Irrigation Stop,2.4097515704615504
2021-03-03,Control,1.1861102089991267
2021-03-03,Irrigation,2.9983884585003
2021-03-03,Irrigation Stop,1.8823394538263578
2021-03-04,Control,1.5977965997678132
2021-03-04,Irrigation,3.9086205952402815
2021-03-04,Irrigation Stop,2.641613234787836
2021-03-05,Control,1.5500837783469574
2021-03-05,Irrigation,3.4860085786922763
2021-03-05,Irrigation Stop,2.444830853562111
2021-03-06,Control,1.916096062838365
2021-03-06,Irrigation,3.122199812094821
2021-03-06,Irrigation Stop,2.4809929731801
2021-03-07,Control,1.6166749209157028
2021-03-07,Irrigation,3.280746298769152
2021-03-07,Irrigation Stop,2.38008803207325
2021-03-08,Control,1.5239769019876395
2021-03-08,Irrigation,2.595468943523981
2021-03-08,Irrigation Stop,1.8004998581291365
2021-03-09,Control,1.2513265039598513
2021-03-09,Irrigation,2.4056681248129355
2021-03-09,Irrigation Stop,1.5368145302648397
2021-03-10,Control,1.8191158825609823
2021-03-10,Irrigation,3.531402670384368
2021-03-10,Irrigation Stop,2.7425738164386853
2021-03-11,Control,1.7454462678880924
2021-03-11,Irrigation,3.8850415525400317
2021-03-11,Irrigation Stop,2.7377286121450437
2021-03-12,Control,2.165418668444582
2021-03-12,Irrigation,3.6757212090252143
2021-03-12,Irrigation Stop,2.4520244447808466
2021-03-13,Control,1.7920664280799592
2021-03-13,Irrigation,4.148105029668644
2021-03-13,Irrigation Stop,2.83131760493394
2021-03-14,Control,1.0820820240324707
2021-03-14,Irrigation,0.8212008944112492
2021-03-14,Irrigation Stop,0.781633649281107
2021-03-15,Control,1.3464337892261424
2021-03-15,Irrigation,1.0140765728021797
2021-03-15,Irrigation Stop,0.8747500226044695
2021-03-16,Control,1.7719865184756238
2021-03-16,Irrigation,3.5694702824634774
2021-03-16,Irrigation Stop,2.8968825934128177
2021-03-17,Control,2.0360794918347302
2021-03-17,Irrigation,2.3981562584236666
2021-03-17,Irrigation Stop,1.977457257794192
2021-03-18,Control,1.693741944771355
2021-03-18,Irrigation,2.5751322965489374
2021-03-18,Irrigation Stop,1.9667534880381257
2021-03-19,Control,1.7743974781899667
2021-03-19,Irrigation,2.8423858302061094
2021-03-19,Irrigation Stop,2.113122822791791
2021-03-20,Control,2.0282048825753356
2021-03-20,Irrigation,2.445776422800095
2021-03-20,Irrigation Stop,1.8888507150859928
2021-03-21,Control,2.1918289457997466
2021-03-21,Irrigation,2.7334008598069555
2021-03-21,Irrigation Stop,2.8709460957865285
2021-03-22,Control,2.1178286376081807
2021-03-22,Irrigation,2.989305686835299
2021-03-22,Irrigation Stop,3.2992330047574123
2021-03-23,Control,2.9038393969454335
2021-03-23,Irrigation,3.3906578165879306
2021-03-23,Irrigation Stop,3.5420511775124353
2021-03-24,Control,2.9450921776242307
2021-03-24,Irrigation,3.9845812633285544
2021-03-24,Irrigation Stop,3.0479587767144074
2021-03-25,Control,2.7091277610527613
2021-03-25,Irrigation,4.249801339760625
2021-03-25,Irrigation Stop,3.220536793607322
2021-03-26,Control,2.3853912127713954
2021-03-26,Irrigation,4.342505076856978
2021-03-26,Irrigation Stop,3.2579098921595544
2021-03-27,Control,1.8361757250700428
2021-03-27,Irrigation,3.3257539462441494
2021-03-27,Irrigation Stop,3.49792334568296
2021-03-28,Control,2.443417538379534
2021-03-28,Irrigation,4.430818622333485
2021-03-28,Irrigation Stop,4.475912603669126
2021-03-29,Control,2.652091653340146
2021-03-29,Irrigation,4.878432640049396
2021-03-29,Irrigation Stop,4.9940615455652795
2021-03-30,Control,2.5904469078234493
2021-03-30,Irrigation,4.719020629192525
2021-03-30,Irrigation Stop,5.035068201595415
2021-03-31,Control,2.5060506252169357
2021-03-31,Irrigation,4.5543916020581445
2021-03-31,Irrigation Stop,4.878097770167326
2021-04-01,Control,2.533047507671556
2021-04-01,Irrigation,4.528450967788766
2021-04-01,Irrigation Stop,4.935904691709759
2021-04-02,Control,2.493889928262398
2021-04-02,Irrigation,4.483377728528132
2021-04-02,Irrigation Stop,4.811982143555085
2021-04-03,Control,2.269789002905208
2021-04-03,Irrigation,3.7796792798795336
2021-04-03,Irrigation Stop,4.223808419911865
2021-04-04,Control,2.4307368129872144
2021-04-04,Irrigation,4.220688956790811
2021-04-04,Irrigation Stop,4.511406408581373
2021-04-05,Control,2.422436688380967
2021-04-05,Irrigation,4.965674916823594
2021-04-05,Irrigation Stop,5.13208914566064
2021-04-06,Control,1.9823818798476283
2021-04-06,Irrigation,3.1911070444491036
2021-04-06,Irrigation Stop,4.1623288310908535
2021-04-07,Control,2.111065572180913
2021-04-07,Irrigation,2.415842074239824
2021-04-07,Irrigation Stop,3.391056932408318
2021-04-08,Control,2.594549596328921
2021-04-08,Irrigation,3.2530277488118124
2021-04-08,Irrigation Stop,3.682698903148414
2021-04-09,Control,2.101300812636049
2021-04-09,Irrigation,4.1233310921711475
2021-04-09,Irrigation Stop,4.315096083907365
2021-04-10,Control,1.811879880479919
2021-04-10,Irrigation,4.552545584513544
2021-04-10,Irrigation Stop,2.7481792596953767
2021-04-11,Control,2.006512202663395
2021-04-11,Irrigation,4.725081235699363
2021-04-11,Irrigation Stop,5.127546692990228
2021-04-12,Control,1.824939692232968
2021-04-12,Irrigation,3.024906620543671
2021-04-12,Irrigation Stop,3.507700891063155
2021-04-13,Control,2.434618663660029
2021-04-13,Irrigation,3.99105446246661
2021-04-13,Irrigation Stop,4.709144851008103
2021-04-14,Control,2.5916959647748086
2021-04-14,Irrigation,3.7477371471742296
2021-04-14,Irrigation Stop,4.159987332172748
2021-04-15,Control,1.8447180539692882
2021-04-15,Irrigation,3.389161754804077
2021-04-15,Irrigation Stop,3.6140989828029
2021-04-16,Control,1.9401190492547573
2021-04-16,Irrigation,3.5482300521793357
2021-04-16,Irrigation Stop,3.8641115496999676
2021-04-17,Control,2.0155881754911023
2021-04-17,Irrigation,3.8363800040024816
2021-04-17,Irrigation Stop,4.13216077245897
2021-04-18,Control,1.706762969298725
2021-04-18,Irrigation,3.822703199904175
2021-04-18,Irrigation Stop,4.086868298888624
2021-04-19,Control,1.9561442648423437
2021-04-19,Irrigation,3.9184779000857515
2021-04-19,Irrigation Stop,4.256799087717964
2021-04-20,Control,2.00985833581365
2021-04-20,Irrigation,4.06513901108518
2021-04-20,Irrigation Stop,4.4512667665984695
2021-04-21,Control,1.6310540691900925
2021-04-21,Irrigation,3.802779079917269
2021-04-21,Irrigation Stop,3.926681790883052
2021-04-22,Control,2.194559351901123
2021-04-22,Irrigation,4.000105410969642
2021-04-22,Irrigation Stop,4.609849833310204
2021-04-23,Control,2.2369512038039168
2021-04-23,Irrigation,4.035468298133339
2021-04-23,Irrigation Stop,4.8122195124283955
2021-04-24,Control,2.2352199958339267
2021-04-24,Irrigation,3.776123615773731
2021-04-24,Irrigation Stop,4.714046840153374
2021-04-25,Control,2.2981323541643106
2021-04-25,Irrigation,3.629450750151994
2021-04-25,Irrigation Stop,4.618772874223013
2021-04-26,Control,0.9185156039050314
2021-04-26,Irrigation,1.5386599231865163
2021-04-26,Irrigation Stop,1.6279203752574727
2021-04-27,Control,2.1199466895811176
2021-04-27,Irrigation,4.073699739842098
2021-04-27,Irrigation Stop,4.68022259338117
2021-04-28,Control,1.4328245778752826
2021-04-28,Irrigation,2.8849560147939766
2021-04-28,Irrigation Stop,3.367459887093636
2021-04-29,Control,0.791518927252455
2021-04-29,Irrigation,0.7207621853118276
2021-04-29,Irrigation Stop,0.7356508944277784
2021-04-30,Control,1.9663193683435223
2021-04-30,Irrigation,3.641730212113539
2021-04-30,Irrigation Stop,3.736540857122496
2021-05-01,Control,1.3158207914521174
2021-05-01,Irrigation,1.7073197997925444
2021-05-01,Irrigation Stop,1.34745278135167
2021-05-02,Control,2.4920978330780574
2021-05-02,Irrigation,5.218294375442129
2021-05-02,Irrigation Stop,5.598001643133899
2021-05-03,Control,2.7876471080209817
2021-05-03,Irrigation,5.170720110541695
2021-05-03,Irrigation Stop,5.455692205300426
2021-05-04,Control,2.299690846110539
2021-05-04,Irrigation,4.973634701930174
2021-05-04,Irrigation Stop,5.034976092994773
2021-05-05,Control,2.072310752771849
2021-05-05,Irrigation,3.9769860029048902
2021-05-05,Irrigation Stop,4.307626262796492
2021-05-06,Control,1.320814851683553
2021-05-06,Irrigation,1.7868638054564563
2021-05-06,Irrigation Stop,1.9801779995023596
2021-05-07,Control,2.4248386171828265
2021-05-07,Irrigation,3.5003392275208123
2021-05-07,Irrigation Stop,4.3389658249066
2021-05-08,Control,2.9792318760251137
2021-05-08,Irrigation,6.39686554357898
2021-05-08,Irrigation Stop,6.1504625055929125
2021-05-09,Control,2.4616439340311596
2021-05-09,Irrigation,6.2448271379544105
2021-05-09,Irrigation Stop,5.031678850107441
2021-05-10,Control,1.6390527672014472
2021-05-10,Irrigation,3.9204971393055765
2021-05-10,Irrigation Stop,2.7656554731167615
2021-05-11,Control,0.9351127662080616
2021-05-11,Irrigation,0.757044330295574
2021-05-11,Irrigation Stop,0.44809304947403333
2021-05-12,Control,2.752600239480507
2021-05-12,Irrigation,6.376829779095066
2021-05-12,Irrigation Stop,4.4408747048177455
2021-05-13,Control,2.2046262318171097
2021-05-13,Irrigation,5.357922338892247
2021-05-13,Irrigation Stop,4.003367472336388
2021-05-14,Control,2.5132745625669237
2021-05-14,Irrigation,5.522469967430566
2021-05-14,Irrigation Stop,4.4770193784480234
2021-05-15,Control,1.0132781896636298
2021-05-15,Irrigation,1.340491696742749
2021-05-15,Irrigation Stop,1.1025972512939688
2021-05-16,Control,1.97393910511608
2021-05-16,Irrigation,2.9144832460062817
2021-05-16,Irrigation Stop,2.01055520180204
2021-05-17,Control,1.9571530383710032
2021-05-17,Irrigation,2.5737848187274786
2021-05-17,Irrigation Stop,1.7379869392949496
2021-05-18,Control,2.3999256613638327
2021-05-18,Irrigation,4.750296787103877
2021-05-18,Irrigation Stop,3.645211411583058
2021-05-19,Control,2.3450767919503543
2021-05-19,Irrigation,4.732177546754257
2021-05-19,Irrigation Stop,3.867890761522979
2021-05-20,Control,2.8147955891580483
2021-05-20,Irrigation,5.844226132964745
2021-05-20,Irrigation Stop,4.633197002469791
2021-05-21,Control,1.328138064793797
2021-05-21,Irrigation,3.004154981548698
2021-05-21,Irrigation Stop,2.0464688080166087
2021-05-22,Control,3.094193445678094
2021-05-22,Irrigation,6.11483892148967
2021-05-22,Irrigation Stop,4.310577418891521
2021-05-23,Control,2.7060574562779287
2021-05-23,Irrigation,5.827622630163044
2021-05-23,Irrigation Stop,4.289904273837001
2021-05-24,Control,1.587864213085496
2021-05-24,Irrigation,3.614248523786519
2021-05-24,Irrigation Stop,2.318663944740595
2021-05-25,Control,2.9317826503701947
2021-05-25,Irrigation,6.6667827697550655
2021-05-25,Irrigation Stop,4.9285098475325455
2021-05-26,Control,2.925928758454075
2021-05-26,Irrigation,6.6550505246905765
2021-05-26,Irrigation Stop,5.137049088938793
2021-05-27,Control,2.7157566953599526
2021-05-27,Irrigation,5.907358362100016
2021-05-27,Irrigation Stop,4.445867812660492
2021-05-28,Control,3.051628080151688
2021-05-28,Irrigation,6.422785845077196
2021-05-28,Irrigation Stop,5.10072080767994
2021-05-29,Control,2.2546350088118707
2021-05-29,Irrigation,5.5627334573280836
2021-05-29,Irrigation Stop,3.5374849727932136
2021-05-30,Control,3.0014254366017523
2021-05-30,Irrigation,7.073497830187213
2021-05-30,Irrigation Stop,5.33757552866749
2021-05-31,Control,2.962943721486757
2021-05-31,Irrigation,6.719132479893618
2021-05-31,Irrigation Stop,4.739527485122429
2021-06-01,Control,3.2127834884057607
2021-06-01,Irrigation,7.391524131190492
2021-06-01,Irrigation Stop,5.280972888287718
2021-06-02,Control,1.9535850071812149
2021-06-02,Irrigation,4.49668368361336
2021-06-02,Irrigation Stop,3.038077663348732
2021-06-03,Control,2.594222567041155
2021-06-03,Irrigation,6.838329188677529
2021-06-03,Irrigation Stop,4.2481943772788915
2021-06-04,Control,2.5781030756922774
2021-06-04,Irrigation,6.916054867161002
2021-06-04,Irrigation Stop,7.314960193224021
2021-06-05,Control,1.0675276923511814
2021-06-05,Irrigation,1.790189809527374
2021-06-05,Irrigation Stop,2.282349255622045
2021-06-06,Control,2.9825726811388718
2021-06-06,Irrigation,7.314048232038205
2021-06-06,Irrigation Stop,8.140336056582143
2021-06-07,Control,2.0816161547091148
2021-06-07,Irrigation,5.044217473610405
2021-06-07,Irrigation Stop,5.902274041364422
2021-06-08,Control,1.6791519091095592
2021-06-08,Irrigation,4.161854759102288
2021-06-08,Irrigation Stop,2.847293244690118
2021-06-09,Control,2.3668371945081326
2021-06-09,Irrigation,5.849063695278837
2021-06-09,Irrigation Stop,4.036981793637914
2021-06-10,Control,2.911018260299473
2021-06-10,Irrigation,7.960086539902811
2021-06-10,Irrigation Stop,5.071697660292787
2021-06-11,Control,2.7729272246924523
2021-06-11,Irrigation,7.578016392629465
2021-06-11,Irrigation Stop,4.847688522904627
2021-06-12,Control,2.714799920801532
2021-06-12,Irrigation,7.747717641972601
2021-06-12,Irrigation Stop,4.696212804278105
2021-06-13,Control,2.775021259734845
2021-06-13,Irrigation,7.5792752669360235
2021-06-13,Irrigation Stop,4.726584374607738
2021-06-14,Control,2.5777785424707016
2021-06-14,Irrigation,7.739320302259276
2021-06-14,Irrigation Stop,4.690690539203142
2021-06-15,Control,2.5229920363479135
2021-06-15,Irrigation,7.731620057316831
2021-06-15,Irrigation Stop,4.798034329827109
2021-06-16,Control,2.3687891143671016
2021-06-16,Irrigation,8.002876360414612
2021-06-16,Irrigation Stop,4.726366176318399
2021-06-17,Control,2.174286877778461
2021-06-17,Irrigation,8.18190756140812
2021-06-17,Irrigation Stop,4.57436024152623
2021-06-18,Control,2.024062465895467
2021-06-18,Irrigation,6.867975146449669
2021-06-18,Irrigation Stop,4.172237078209495
2021-06-19,Control,1.9175363596689203
2021-06-19,Irrigation,7.678508953226639
2021-06-19,Irrigation Stop,4.1586198248378725
2021-06-20,Control,1.5694156349380832
2021-06-20,Irrigation,6.1375741357033125
2021-06-20,Irrigation Stop,3.4129963692803034
2021-06-21,Control,1.6178926614048346
2021-06-21,Irrigation,7.178968613176911
2021-06-21,Irrigation Stop,4.104989938842033
2021-06-22,Control,1.2349968912392029
2021-06-22,Irrigation,4.036930718042123
2021-06-22,Irrigation Stop,3.770138900746724
2021-06-23,Control,1.882962095752799
2021-06-23,Irrigation,5.556604787781988
2021-06-23,Irrigation Stop,6.21625241578597
2021-06-24,Control,1.7193855565596832
2021-06-24,Irrigation,4.3616205636527425
2021-06-24,Irrigation Stop,3.448971165722656
2021-06-25,Control,2.035610382072939
2021-06-25,Irrigation,7.232717750639751
2021-06-25,Irrigation Stop,5.319856054578815
2021-06-26,Control,2.314201611213684
2021-06-26,Irrigation,8.059855487506494
2021-06-26,Irrigation Stop,6.051293817624349
2021-06-27,Control,2.1373920991048556
2021-06-27,Irrigation,7.74731239444807
2021-06-27,Irrigation Stop,5.42667797343659
2021-06-28,Control,1.9255270500738115
2021-06-28,Irrigation,6.791016052418145
2021-06-28,Irrigation Stop,4.194845422784558
2021-06-29,Control,1.1478870120848987
2021-06-29,Irrigation,4.553452165930023
2021-06-29,Irrigation Stop,2.457983766891892
2021-06-30,Control,1.7279387128303534
2021-06-30,Irrigation,6.382206413165107
2021-06-30,Irrigation Stop,3.641487304527674
2021-07-01,Control,1.3473533912026667
2021-07-01,Irrigation,5.564136951110521
2021-07-01,Irrigation Stop,2.5354990636247052
2021-07-02,Control,2.1016543175044347
2021-07-02,Irrigation,8.217104212409474
2021-07-02,Irrigation Stop,4.78577362391958
2021-07-03,Control,0.9997760204667996
2021-07-03,Irrigation,4.08019916894961
2021-07-03,Irrigation Stop,2.0412150840567067
2021-07-04,Control,1.0136802014317592
2021-07-04,Irrigation,4.2757142142251405
2021-07-04,Irrigation Stop,1.7925802615968707
2021-07-05,Control,1.4886904250854378
2021-07-05,Irrigation,7.248101523642006
2021-07-05,Irrigation Stop,3.343730857773688
2021-07-06,Control,1.5324354128404
2021-07-06,Irrigation,6.566723381708148
2021-07-06,Irrigation Stop,3.4930027828735257
2021-07-07,Control,1.2259160210989084
2021-07-07,Irrigation,3.175825530916838
2021-07-07,Irrigation Stop,2.064878696187391
2021-07-08,Control,1.3461580607237287
2021-07-08,Irrigation,1.32756768575745
2021-07-08,Irrigation Stop,0.9766527903588653
2021-07-09,Control,3.5513867178970817
2021-07-09,Irrigation,6.99740976075912
2021-07-09,Irrigation Stop,5.083594051170211
2021-07-10,Control,3.480598932713547
2021-07-10,Irrigation,7.70943305694514
2021-07-10,Irrigation Stop,5.831821890077507
2021-07-11,Control,2.87404380828999
2021-07-11,Irrigation,7.454551623362145
2021-07-11,Irrigation Stop,5.045872403600569
2021-07-12,Control,3.138508240469668
2021-07-12,Irrigation,8.165808283475412
2021-07-12,Irrigation Stop,5.346434747947741
2021-07-13,Control,2.5685490277785443
2021-07-13,Irrigation,1.9469654142485326
2021-07-13,Irrigation Stop,1.1134803733852858
2021-07-14,Control,2.4015461663817406
2021-07-14,Irrigation,4.64960023020497
2021-07-14,Irrigation Stop,3.05594043730952
2021-07-15,Control,1.4411951960657097
2021-07-15,Irrigation,1.833111257012994
2021-07-15,Irrigation Stop,0.8931109419133618
2021-07-16,Control,3.88758318720903
2021-07-16,Irrigation,7.102200165007518
2021-07-16,Irrigation Stop,4.9393910317821526
2021-07-17,Control,4.010370476072433
2021-07-17,Irrigation,8.431360731103894
2021-07-17,Irrigation Stop,6.379243334728962
2021-07-18,Control,4.407661919667992
2021-07-18,Irrigation,8.518881298168703
2021-07-18,Irrigation Stop,6.288729702725133
2021-07-19,Control,4.274736545778559
2021-07-19,Irrigation,8.595796677131089
2021-07-19,Irrigation Stop,6.507635414007951
2021-07-20,Control,4.111549904364735
2021-07-20,Irrigation,8.563072511066023
2021-07-20,Irrigation Stop,6.398178721594453
2021-07-21,Control,4.177043308188211
2021-07-21,Irrigation,8.297964020432469
2021-07-21,Irrigation Stop,6.3676144357808475
2021-07-22,Control,4.1609225694159155
2021-07-22,Irrigation,8.396813514349988
2021-07-22,Irrigation Stop,6.280387603677911
2021-07-23,Control,3.969120956184123
2021-07-23,Irrigation,8.326020451880936
2021-07-23,Irrigation Stop,6.297478246984554
2021-07-24,Control,3.8793586522258905
2021-07-24,Irrigation,8.10772068376573
2021-07-24,Irrigation Stop,5.719020004118856
2021-07-25,Control,3.771017091960152
2021-07-25,Irrigation,7.544780580474723
2021-07-25,Irrigation Stop,5.1246191425949235
2021-07-26,Control,3.4723920843885225
2021-07-26,Irrigation,7.020274334071716
2021-07-26,Irrigation Stop,4.9060983511010186
2021-07-27,Control,3.1945015645532298
2021-07-27,Irrigation,6.688288826571185
2021-07-27,Irrigation Stop,4.517505888849849
2021-07-28,Control,2.6393594939281906
2021-07-28,Irrigation,5.8055969370269365
2021-07-28,Irrigation Stop,3.7848596280687277
2021-07-29,Control,4.165787652333734
2021-07-29,Irrigation,8.796946627206701
2021-07-29,Irrigation Stop,5.971119706748707
2021-07-30,Control,3.089631226791492
2021-07-30,Irrigation,6.792719873384874
2021-07-30,Irrigation Stop,4.372469556967846
2021-07-31,Control,2.8426480871126865
2021-07-31,Irrigation,6.2712974270332635
2021-07-31,Irrigation Stop,3.766927676120878
2021-08-01,Control,3.5863139598069034
2021-08-01,Irrigation,5.760442342735219
2021-08-01,Irrigation Stop,3.408763995806074
2021-08-02,Control,4.616014520475326
2021-08-02,Irrigation,8.333291170887257
2021-08-02,Irrigation Stop,5.94612992221887
2021-08-03,Control,3.2105988671352437
2021-08-03,Irrigation,6.483226658247558
2021-08-03,Irrigation Stop,4.473527680529965
2021-08-04,Control,0.3143543539017162
2021-08-04,Irrigation,0.3110661321274736
2021-08-04,Irrigation Stop,0.5326855625003308
2021-08-05,Control,2.9947871217645883
2021-08-05,Irrigation,5.967146586977806
2021-08-05,Irrigation Stop,4.311477134153043
2021-08-06,Control,4.056132150181695
2021-08-06,Irrigation,8.067316963829937
2021-08-06,Irrigation Stop,5.618499196321668
2021-08-07,Control,3.1729711093878183
2021-08-07,Irrigation,4.300956755564723
2021-08-07,Irrigation Stop,3.449325549927426
2021-08-08,Control,3.973939721599421
2021-08-08,Irrigation,6.513218904252073
2021-08-08,Irrigation Stop,5.0753590284787835
2021-08-09,Control,4.5366994287168945
2021-08-09,Irrigation,7.699643312610012
2021-08-09,Irrigation Stop,6.151535518653773
2021-08-10,Control,4.324538109873353
2021-08-10,Irrigation,8.319160222681022
2021-08-10,Irrigation Stop,6.492697159646427
2021-08-11,Control,3.5465442646307457
2021-08-11,Irrigation,7.505009708147673
2021-08-11,Irrigation Stop,5.746955223112672
2021-08-12,Control,3.868209117127792
2021-08-12,Irrigation,7.927648902907205
2021-08-12,Irrigation Stop,5.857799877405795
2021-08-13,Control,3.988041639443726
2021-08-13,Irrigation,6.816529599710591
2021-08-13,Irrigation Stop,5.200837571146331
2021-08-14,Control,4.027266658362515
2021-08-14,Irrigation,8.194307708143784
2021-08-14,Irrigation Stop,6.1271734921238235
2021-08-15,Control,3.6311751755339645
2021-08-15,Irrigation,8.270880863787102
2021-08-15,Irrigation Stop,5.878022951550606
2021-08-16,Control,3.2476876006119357
2021-08-16,Irrigation,5.130626410434225
2021-08-16,Irrigation Stop,4.086472341398577
2021-08-17,Control,4.167272859757536
2021-08-17,Irrigation,7.407217974038948
2021-08-17,Irrigation Stop,5.419919200883564
2021-08-18,Control,3.659881586358171
2021-08-18,Irrigation,7.643928233451293
2021-08-18,Irrigation Stop,5.520608622641388
2021-08-19,Control,3.176699978233539
2021-08-19,Irrigation,7.342605119155261
2021-08-19,Irrigation Stop,5.114167136388694
2021-08-20,Control,2.7642818429699654
2021-08-20,Irrigation,7.384338669888706
2021-08-20,Irrigation Stop,4.769967705328871
2021-08-21,Control,2.566592624508847
2021-08-21,Irrigation,7.790241761332018
2021-08-21,Irrigation Stop,4.412056174748744
2021-08-22,Control,1.5037808768913161
2021-08-22,Irrigation,4.7348679659671475
2021-08-22,Irrigation Stop,2.430852534994809
2021-08-23,Control,2.4796057448290165
2021-08-23,Irrigation,7.577099658745529
2021-08-23,Irrigation Stop,3.9417448380975526
2021-08-24,Control,2.200324115768412
2021-08-24,Irrigation,7.82952963484024
2021-08-24,Irrigation Stop,3.89002487198151
2021-08-25,Control,1.8435947699448754
2021-08-25,Irrigation,7.235140754407832
2021-08-25,Irrigation Stop,3.3550605900052974
2021-08-26,Control,1.4731771658639374
2021-08-26,Irrigation,7.0345569679745035
2021-08-26,Irrigation Stop,2.810414333907663
2021-08-27,Control,1.5412823463086207
2021-08-27,Irrigation,7.809615723128898
2021-08-27,Irrigation Stop,3.19913308717942
2021-08-28,Control,1.369596040339296
2021-08-28,Irrigation,6.874816172123045
2021-08-28,Irrigation Stop,2.8530815394943465
2021-08-29,Control,1.3689967215430863
2021-08-29,Irrigation,7.820864458781097
2021-08-29,Irrigation Stop,3.0706403539161826
2021-08-30,Control,0.8531849759262278
2021-08-30,Irrigation,6.956774687664226
2021-08-30,Irrigation Stop,2.662218485436751
2021-08-31,Control,1.4658955136735412
2021-08-31,Irrigation,7.043696439182278
2021-08-31,Irrigation Stop,2.5215868898880203
2021-09-01,Control,1.4338818829677207
2021-09-01,Irrigation,7.513928971603286
2021-09-01,Irrigation Stop,2.3861259369893295
2021-09-02,Control,1.3812613212082825
2021-09-02,Irrigation,7.426533447697219
2021-09-02,Irrigation Stop,2.261022074776054
2021-09-03,Control,1.2575230229947452
2021-09-03,Irrigation,7.1299436263365426
2021-09-03,Irrigation Stop,2.193110403692662
2021-09-04,Control,1.2509087493035342
2021-09-04,Irrigation,6.541565830822602
2021-09-04,Irrigation Stop,1.780346381380566
2021-09-05,Control,1.3334755603815127
2021-09-05,Irrigation,7.312432345407694
2021-09-05,Irrigation Stop,1.772322934179701
2021-09-06,Control,1.2850428204577102
2021-09-06,Irrigation,7.080653723427701
2021-09-06,Irrigation Stop,1.6363905638713974
2021-09-07,Control,1.2083372182046224
2021-09-07,Irrigation,7.333796293274859
2021-09-07,Irrigation Stop,1.7625837954989936
2021-09-08,Control,1.2060456099718753
2021-09-08,Irrigation,7.33608204116972
2021-09-08,Irrigation Stop,1.7867674062064622
2021-09-09,Control,1.2046902938430966
2021-09-09,Irrigation,6.886595029733997
2021-09-09,Irrigation Stop,1.7416829856068194
2021-09-10,Control,0.8473163998933185
2021-09-10,Irrigation,2.7873568313550376
2021-09-10,Irrigation Stop,0.6252728725845254
2021-09-11,Control,1.3111669771658279
2021-09-11,Irrigation,5.929932767180335
2021-09-11,Irrigation Stop,3.311861854789553
2021-09-12,Control,1.440525028445256
2021-09-12,Irrigation,6.90477572539684
2021-09-12,Irrigation Stop,3.6491295256249194
2021-09-13,Control,1.3905805930792123
2021-09-13,Irrigation,6.9908918921441945
2021-09-13,Irrigation Stop,3.5111953983639737
2021-09-14,Control,1.115251846898641
2021-09-14,Irrigation,6.334500536904488
2021-09-14,Irrigation Stop,2.476264522874271
2021-09-15,Control,0.8354042587922572
2021-09-15,Irrigation,1.4206385029036408
2021-09-15,Irrigation Stop,0.7400247761310543
2021-09-16,Control,1.3366343958912013
2021-09-16,Irrigation,2.743510268478936
2021-09-16,Irrigation Stop,2.241825097499325
2021-09-17,Control,1.4463417289701868
2021-09-17,Irrigation,5.497423836164678
2021-09-17,Irrigation Stop,3.701557293988565
2021-09-18,Control,1.3724441264036578
2021-09-18,Irrigation,6.41511846501733
2021-09-18,Irrigation Stop,3.5176269986008837
2021-09-19,Control,1.2590502621579072
2021-09-19,Irrigation,0.9080988180034866
2021-09-19,Irrigation Stop,1.065423422360002
2021-09-20,Control,2.208030198995777
2021-09-20,Irrigation,1.0324349125391987
2021-09-20,Irrigation Stop,0.7023084565882014
2021-09-21,Control,2.370747613949841
2021-09-21,Irrigation,5.900566779495247
2021-09-21,Irrigation Stop,4.49095363925446
2021-09-22,Control,1.9575387040699581
2021-09-22,Irrigation,5.77699885286559
2021-09-22,Irrigation Stop,3.7397768770005815
2021-09-23,Control,1.8388613027163967
2021-09-23,Irrigation,6.003423857315637
2021-09-23,Irrigation Stop,3.6547437804425753
2021-09-24,Control,1.746195079349829
2021-09-24,Irrigation,6.296786540434889
2021-09-24,Irrigation Stop,3.6890945569322264
2021-09-25,Control,1.3434580105956044
2021-09-25,Irrigation,5.6697558299010415
2021-09-25,Irrigation Stop,2.876707501108059
2021-09-26,Control,0.8787994673184432
2021-09-26,Irrigation,2.663119206733201
2021-09-26,Irrigation Stop,1.374108288454424
2021-09-27,Control,1.6703562558165281
2021-09-27,Irrigation,5.146691515009334
2021-09-27,Irrigation Stop,3.7051410114589514
2021-09-28,Control,1.8251100446419803
2021-09-28,Irrigation,5.843156801075187
2021-09-28,Irrigation Stop,3.928653974245454
2021-09-29,Control,1.5938491788405624
2021-09-29,Irrigation,5.6932901475528235
2021-09-29,Irrigation Stop,3.0219796355607738
2021-09-30,Control,1.7693334310487758
2021-09-30,Irrigation,5.527725403220091
2021-09-30,Irrigation Stop,2.973329631158364
2021-10-01,Control,1.875352473541439
2021-10-01,Irrigation,6.18746714658704
2021-10-01,Irrigation Stop,3.242604271477665
2021-10-02,Control,1.6189902563041914
2021-10-02,Irrigation,7.204973337635182
2021-10-02,Irrigation Stop,2.8843743416989853
2021-10-03,Control,1.304741013060571
2021-10-03,Irrigation,7.338876112561829
2021-10-03,Irrigation Stop,2.1141845776048616
2021-10-04,Control,0.6530208632955916
2021-10-04,Irrigation,0.8145829956575017
2021-10-04,Irrigation Stop,0.3490848183326635
2021-10-05,Control,1.0969134342989098
2021-10-05,Irrigation,0.5752588838145308
2021-10-05,Irrigation Stop,1.0514558327009407
2021-10-06,Control,1.9276003022175827
2021-10-06,Irrigation,4.372370971023988
2021-10-06,Irrigation Stop,3.4050273448203057
2021-10-07,Control,1.8520475325399728
2021-10-07,Irrigation,5.02277668394056
2021-10-07,Irrigation Stop,3.841266589737669
2021-10-08,Control,1.7001496676908778
2021-10-08,Irrigation,4.1548353550707935
2021-10-08,Irrigation Stop,2.7493838403403674
2021-10-09,Control,1.5384990920889412
2021-10-09,Irrigation,4.024619382722297
2021-10-09,Irrigation Stop,2.3254765935932946
2021-10-10,Control,1.3207302336247368
2021-10-10,Irrigation,3.701542511759497
2021-10-10,Irrigation Stop,1.8909900491022253
2021-10-11,Control,1.456174325530065
2021-10-11,Irrigation,4.383534111065547
2021-10-11,Irrigation Stop,2.2523494736501983
2021-10-12,Control,1.3471470684544664
2021-10-12,Irrigation,4.0019027529451465
2021-10-12,Irrigation Stop,1.7544329505076193
2021-10-13,Control,1.3458857176732808
2021-10-13,Irrigation,5.169433337003113
2021-10-13,Irrigation Stop,2.298702925279379
2021-10-14,Control,1.1997598029344558
2021-10-14,Irrigation,3.830242085171108
2021-10-14,Irrigation Stop,1.75988749514975
2021-10-15,Control,1.3360779894358044
2021-10-15,Irrigation,4.475872401639039
2021-10-15,Irrigation Stop,1.954155768672941
2021-10-16,Control,1.2524315631546852
2021-10-16,Irrigation,4.0753564575897405
2021-10-16,Irrigation Stop,1.6626820736085435
2021-10-17,Control,1.0772951989717758
2021-10-17,Irrigation,3.8228261049635304
2021-10-17,Irrigation Stop,1.2904727324122627
2021-10-18,Control,0.9905548473402026
2021-10-18,Irrigation,4.058375102293373
2021-10-18,Irrigation Stop,1.2288880204620418
2021-10-19,Control,1.127343172730959
2021-10-19,Irrigation,4.342897340774993
2021-10-19,Irrigation Stop,1.7962564689355098
2021-10-20,Control,1.0970073270397502
2021-10-20,Irrigation,5.237479914422092
2021-10-20,Irrigation Stop,1.4459934892539938
2021-10-21,Control,0.8204476154954332
2021-10-21,Irrigation,2.481999775299567
2021-10-21,Irrigation Stop,0.8899706675835694
2021-10-22,Control,1.0587000434949259
2021-10-22,Irrigation,3.1556733609923073
2021-10-22,Irrigation Stop,1.34879620507567
2021-10-23,Control,1.0397703296154763
2021-10-23,Irrigation,2.6458289865200837
2021-10-23,Irrigation Stop,1.389450005529994
2021-10-24,Control,1.2580183308791386
2021-10-24,Irrigation,3.266330718046147
2021-10-24,Irrigation Stop,1.643843256626697
2021-10-25,Control,1.0536454683186978
2021-10-25,Irrigation,3.480475305831542
2021-10-25,Irrigation Stop,1.467297586898839
2021-10-26,Control,0.8454348286933249
2021-10-26,Irrigation,2.6408123929190483
2021-10-26,Irrigation Stop,1.0341699610380253
2021-10-27,Control,0.9361386604014892
2021-10-27,Irrigation,2.4780336850844424
2021-10-27,Irrigation Stop,0.832146064216192
2021-10-28,Control,1.0793197186010963
2021-10-28,Irrigation,2.8649493380355757
2021-10-28,Irrigation Stop,1.1023179031017296
2021-10-29,Control,1.1049396927255455
2021-10-29,Irrigation,4.388822282160581
2021-10-29,Irrigation Stop,1.8260741175509578
2021-10-30,Control,0.9060930468245055
2021-10-30,Irrigation,4.073479202957016
2021-10-30,Irrigation Stop,1.4387654298593695
2021-10-31,Control,0.7071014718278873
2021-10-31,Irrigation,3.251500033562261
2021-10-31,Irrigation Stop,1.16918577939848
2021-11-01,Control,0.5647993150974554
2021-11-01,Irrigation,0.3401372429269102
2021-11-01,Irrigation Stop,0.27216271246779056
2021-11-02,Control,0.9215054789457282
2021-11-02,Irrigation,0.9164131263736935
2021-11-02,Irrigation Stop,0.6026821031274451
2021-11-03,Control,0.6761609904451753
2021-11-03,Irrigation,0.8604609081643602
2021-11-03,Irrigation Stop,0.5615233624208227
2021-11-04,Control,0.780243725334362
2021-11-04,Irrigation,1.5255302806067557
2021-11-04,Irrigation Stop,1.5074162869167849
2021-11-05,Control,0.7489055380393012
2021-11-05,Irrigation,1.1249173210755945
2021-11-05,Irrigation Stop,0.8578976446943121
2021-11-06,Control,1.2600645446140801
2021-11-06,Irrigation,1.3592355889104062
2021-11-06,Irrigation Stop,1.1380909914500545
2021-11-07,Control,0.9917778772433197
2021-11-07,Irrigation,1.4513539455558964
2021-11-07,Irrigation Stop,1.319999810365671
2021-11-08,Control,0.931314325886362
2021-11-08,Irrigation,0.9086866922040424
2021-11-08,Irrigation Stop,1.143121622808116
2021-11-09,Control,0.6446718862969729
2021-11-09,Irrigation Stop,1.570476613416059
2021-11-10,Control,1.0308713783792463
2021-11-10,Irrigation Stop,3.2889648156307896
2021-11-11,Control,0.40528583997723866
2021-11-11,Irrigation,0.8720180925923077
2021-11-11,Irrigation Stop,0.6222397548034592
2021-11-12,Control,0.3445690039211608
2021-11-12,Irrigation,1.0030078345429738
2021-11-12,Irrigation Stop,0.6194282553813535
2021-11-13,Control,0.2075819118803303
2021-11-13,Irrigation,0.2876540662922594
2021-11-13,Irrigation Stop,0.4188681235279723
2021-11-14,Control,0.2189141209223568
2021-11-14,Irrigation,0.3831815728499658
2021-11-14,Irrigation Stop,0.4255054499089606
2021-11-15,Control,0.748530346433492
2021-11-15,Irrigation,1.8415260017403488
2021-11-15,Irrigation Stop,1.6916030564745668
2021-11-16,Control,0.25729984294724684
2021-11-16,Irrigation,0.5872066995087958
2021-11-16,Irrigation Stop,0.07507724599049699
2021-11-17,Control,0.11058686581751678
2021-11-17,Irrigation,0.40100247971946
2021-11-17,Irrigation Stop,0.2598153662789448
2021-11-18,Control,0.2980531094786164
2021-11-18,Irrigation,0.7625842050623655
2021-11-18,Irrigation Stop,0.5419866864616327
2021-11-19,Control,0.6820967927826447
2021-11-19,Irrigation,1.0171432474669337
2021-11-19,Irrigation Stop,0.5173589235310412
2021-11-20,Control,0.5781100230583504
2021-11-20,Irrigation,1.315374436579759
2021-11-20,Irrigation Stop,0.8223365880221724
2021-11-21,Control,0.4415451899839799
2021-11-21,Irrigation,0.8192551720944348
2021-11-21,Irrigation Stop,0.7009900439177783
2021-11-22,Control,0.35895874008526035
2021-11-22,Irrigation,0.7862670202310131
2021-11-22,Irrigation Stop,0.9064135960213084
2021-11-23,Control,0.22956176936560682
2021-11-23,Irrigation,0.19311807264484443
2021-11-23,Irrigation Stop,0.21673768899642293
2021-11-24,Control,0.667680910305477
2021-11-24,Irrigation,0.7052920189720469
2021-11-24,Irrigation Stop,0.5046980104475399
2021-11-25,Control,0.391322376180115
2021-11-25,Irrigation,1.233712184482094
2021-11-25,Irrigation Stop,1.0370174988959382
2021-11-26,Control,0.25211152994336616
2021-11-26,Irrigation,0.31815932496003185
2021-11-26,Irrigation Stop,0.4230040612415605
2021-11-27,Control,0.4619729121058903
2021-11-27,Irrigation,0.3136799503366614
2021-11-27,Irrigation Stop,0.3802876111650057
2021-11-28,Control,0.42954048617806945
2021-11-28,Irrigation,0.5081166448777797
2021-11-28,Irrigation Stop,0.4770188516620294
2021-11-29,Control,0.42244112581229437
2021-11-29,Irrigation,0.7414861402885664
2021-11-29,Irrigation Stop,0.6096919756077162
2021-11-30,Control,0.4538633061112668
2021-11-30,Irrigation,0.7464291935088438
2021-11-30,Irrigation Stop,0.7489006847233078
2021-12-01,Control,0.4347310737288639
2021-12-01,Irrigation,0.4950470440085199
2021-12-01,Irrigation Stop,0.8377499420605826
2021-12-02,Control,0.3814586429319846
2021-12-02,Irrigation Stop,0.4910154920166866
2021-12-03,Control,0.7574603291555824
2021-12-03,Irrigation Stop,1.149971991409607
2021-12-04,Control,0.2837197663906459
2021-12-05,Control,0.16801856711652718
2021-12-06,Control,0.24938299897924718
2021-12-07,Control,0.2199919707531745
2021-12-08,Control,0.32195331586127773
2021-12-09,Control,0.44254776260278006
2021-12-10,Control,0.12588828442784014
2021-12-11,Control,0.2817610943848942
2021-12-12,Control,0.22713825135216656
2021-12-13,Control,0.1086334255446979
2021-12-14,Control,0.23104577575493573
2021-12-15,Control,0.22852435359592543
2021-12-16,Control,0.14397837304290786
2021-12-17,Control,0.16277037111663503
2022-02-18,Irrigation Stop,1.3857682413682237
2022-02-19,Irrigation,1.3466075202192371
2022-02-19,Irrigation Stop,1.3291739088431518
2022-02-20,Irrigation,1.5474706072752114
2022-02-20,Irrigation Stop,1.4311386844487082
2022-02-21,Irrigation,0.9998532591751296
2022-02-21,Irrigation Stop,0.9892645309991903
2022-02-22,Irrigation,1.9095550128460093
2022-02-22,Irrigation Stop,2.0179126055422754
2022-02-23,Irrigation,1.5124372418373353
2022-02-23,Irrigation Stop,1.486116270742357
2022-02-24,Irrigation,2.1994262121236785
2022-02-24,Irrigation Stop,2.0500557291473855
2022-02-25,Irrigation,1.9668473902370762
2022-02-25,Irrigation Stop,2.043702227964517
2022-02-26,Irrigation,1.7347692514136155
2022-02-26,Irrigation Stop,1.8632537636841917
2022-02-27,Irrigation,1.433250374206149
2022-02-27,Irrigation Stop,1.5331439849493418
2022-02-28,Irrigation,1.474902559479874
2022-02-28,Irrigation Stop,1.5484586677586827
2022-03-01,Irrigation,1.5940230646583733
2022-03-01,Irrigation Stop,1.8716865117945065
2022-03-02,Irrigation,1.9096141223675642
2022-03-02,Irrigation Stop,1.9844681208273567
2022-03-03,Irrigation,2.3383868151733065
2022-03-03,Irrigation Stop,2.511749621448759
2022-03-04,Irrigation,2.079577213847188
2022-03-04,Irrigation Stop,2.266638074195668
2022-03-05,Irrigation,1.9931504077838726
2022-03-05,Irrigation Stop,2.286444677219655
2022-03-06,Irrigation,1.7609344524002961
2022-03-06,Irrigation Stop,2.0172077847740093
2022-03-07,Irrigation,1.638486590858085
2022-03-07,Irrigation Stop,1.9406006622657528
2022-03-08,Irrigation,1.8483264080204267
2022-03-08,Irrigation Stop,2.1126296481183062
2022-03-09,Irrigation,2.110261993961194
2022-03-09,Irrigation Stop,2.689286788271244
2022-03-10,Irrigation,2.344002690066854
2022-03-10,Irrigation Stop,3.1594179846819586
2022-03-11,Irrigation Stop,2.7156496396110423
2022-03-12,Control,1.5846153239318492
2022-03-12,Irrigation Stop,2.8767993070146782
2022-03-13,Control,1.8422733920248826
2022-03-13,Irrigation Stop,3.0694359071481507
2022-03-14,Control,2.1939001424632676
2022-03-14,Irrigation,3.3590049464156237
2022-03-14,Irrigation Stop,3.4156719953822967
2022-03-15,Control,0.9223676040118084
2022-03-15,Irrigation,1.6741544844168832
2022-03-15,Irrigation Stop,1.5810635139316178
2022-03-16,Control,1.6643836271651455
2022-03-16,Irrigation,3.2748119361485433
2022-03-16,Irrigation Stop,3.39005747256664
2022-03-17,Control,1.609488757756385
2022-03-17,Irrigation,3.3791810166319967
2022-03-17,Irrigation Stop,3.377528634984757
2022-03-18,Control,1.610054430895338
2022-03-18,Irrigation,3.318171497697128
2022-03-18,Irrigation Stop,3.2940731981938045
2022-03-19,Control,1.782443192765463
2022-03-19,Irrigation,3.675239270329973
2022-03-19,Irrigation Stop,3.5667340422656624
2022-03-20,Control,1.7375053239766172
2022-03-20,Irrigation,4.541945722223287
2022-03-20,Irrigation Stop,4.051605523382227
2022-03-21,Control,1.7046686129195279
2022-03-21,Irrigation,3.931835190540329
2022-03-21,Irrigation Stop,3.976643178499189
2022-03-22,Control,1.9316154848799867
2022-03-22,Irrigation,3.9867549412789964
2022-03-22,Irrigation Stop,4.175733933234028
2022-03-23,Control,2.2056798013462218
2022-03-23,Irrigation,3.7347404360122347
2022-03-23,Irrigation Stop,4.1910911569127824
2022-03-24,Control,2.2363435947924684
2022-03-24,Irrigation,3.7259990054293706
2022-03-24,Irrigation Stop,3.997850994463701
2022-03-25,Control,2.224793371853629
2022-03-25,Irrigation,3.739090955800899
2022-03-25,Irrigation Stop,3.954678511988056
2022-03-26,Control,2.372674064332573
2022-03-26,Irrigation,4.173575693466409
2022-03-26,Irrigation Stop,4.239390808901601
2022-03-27,Control,2.407447687410224
2022-03-27,Irrigation,3.732400973894699
2022-03-27,Irrigation Stop,4.181996397538775
2022-03-28,Control,2.330300476876156
2022-03-28,Irrigation,3.7675914281196445
2022-03-28,Irrigation Stop,4.094233398187544
2022-03-29,Control,2.276235342029722
2022-03-29,Irrigation,3.5425551684685597
2022-03-29,Irrigation Stop,3.650631914688531
2022-03-30,Control,1.6140451010672634
2022-03-30,Irrigation,2.2115207641288963
2022-03-30,Irrigation Stop,2.274522695291321
2022-03-31,Control,1.3990910933838148
2022-03-31,Irrigation,1.6944948265301336
2022-03-31,Irrigation Stop,1.9508278392580722
2022-04-01,Control,1.6214245833440466
2022-04-01,Irrigation,1.2437333904750467
2022-04-01,Irrigation Stop,1.6876527557369514
2022-04-02,Control,2.214484172282956
2022-04-02,Irrigation,1.9506501086417403
2022-04-02,Irrigation Stop,2.7140768490204996
2022-04-03,Control,2.3574748580098452
2022-04-03,Irrigation,2.1420429289012044
2022-04-03,Irrigation Stop,2.889744099466209
2022-04-04,Control,2.428566583728488
2022-04-04,Irrigation,3.144534536589646
2022-04-04,Irrigation Stop,3.785285086499926
2022-04-05,Control,2.17462710297906
2022-04-05,Irrigation,3.940391279576344
2022-04-05,Irrigation Stop,4.21087513016516
2022-04-06,Control,1.8778659611519457
2022-04-06,Irrigation,3.6791513244437266
2022-04-06,Irrigation Stop,3.40242720805658
2022-04-07,Control,0.7678144493037988
2022-04-07,Irrigation,0.9726270180740443
2022-04-07,Irrigation Stop,0.665076517719798
2022-04-08,Control,1.2608878339916034
2022-04-08,Irrigation,1.2496983823388264
2022-04-08,Irrigation Stop,1.2859994403901094
2022-04-09,Control,1.6587936826994034
2022-04-09,Irrigation,2.093467694596254
2022-04-09,Irrigation Stop,2.628297510713099
2022-04-10,Control,2.579401461942296
2022-04-10,Irrigation,4.304416801846583
2022-04-10,Irrigation Stop,5.1666645899199874
2022-04-11,Control,2.5316061972376285
2022-04-11,Irrigation,5.058943754104284
2022-04-11,Irrigation Stop,5.623035978459881
2022-04-12,Control,2.798483140223659
2022-04-12,Irrigation,4.873910162481215
2022-04-12,Irrigation Stop,5.854699999276477
2022-04-13,Control,2.5102554450065573
2022-04-13,Irrigation,4.858590563023789
2022-04-13,Irrigation Stop,5.405729627808095
2022-04-14,Control,2.564545255199269
2022-04-14,Irrigation,5.003861419255614
2022-04-14,Irrigation Stop,5.582910316080671
2022-04-15,Control,2.5669910898815766
2022-04-15,Irrigation,4.63536955518935
2022-04-15,Irrigation Stop,5.229021076055335
2022-04-16,Control,2.437618503032609
2022-04-16,Irrigation,4.589622829669912
2022-04-16,Irrigation Stop,5.279706266658699
2022-04-17,Control,2.6900789384753674
2022-04-17,Irrigation,4.754988483965164
2022-04-17,Irrigation Stop,5.387323453411217
2022-04-18,Control,2.6166205310182917
2022-04-18,Irrigation,4.757706129421917
2022-04-18,Irrigation Stop,5.465761122838279
2022-04-19,Control,2.553805699724178
2022-04-19,Irrigation,4.813386574277846
2022-04-19,Irrigation Stop,5.6003491450240945
2022-04-20,Control,2.3199439352199676
2022-04-20,Irrigation,4.372455900889457
2022-04-20,Irrigation Stop,5.190307025931997
2022-04-21,Control,2.030695014546261
2022-04-21,Irrigation,4.096125194390831
2022-04-21,Irrigation Stop,4.4702153053863185
2022-04-22,Control,2.0278797754881404
2022-04-22,Irrigation,4.091689052080889
2022-04-22,Irrigation Stop,4.766364816689767
2022-04-23,Control,1.6379150468597237
2022-04-23,Irrigation,3.461481739863742
2022-04-23,Irrigation Stop,3.6964258789862314
2022-04-24,Control,1.4510719335038211
2022-04-24,Irrigation,2.610027291404396
2022-04-24,Irrigation Stop,2.7924822718552345
2022-04-25,Control,1.6384831563797047
2022-04-25,Irrigation,3.1046431374823418
2022-04-25,Irrigation Stop,3.238518772405729
2022-04-26,Control,1.67321736084651
2022-04-26,Irrigation,3.0951568646216225
2022-04-26,Irrigation Stop,3.16143125041706
2022-04-27,Control,2.426172978271705
2022-04-27,Irrigation,4.401486706244581
2022-04-27,Irrigation Stop,4.805107958874088
2022-04-28,Control,2.380514694985558
2022-04-28,Irrigation,4.152786278719083
2022-04-28,Irrigation Stop,4.765227963609217
2022-04-29,Control,2.1145795823506446
2022-04-29,Irrigation,4.138654182468488
2022-04-29,Irrigation Stop,4.470007710712561
2022-04-30,Control,1.5764126659815147
2022-04-30,Irrigation,2.3112328674173535
2022-04-30,Irrigation Stop,2.4943169521467623
2022-05-01,Control,2.308824084846668
2022-05-01,Irrigation,3.7873766829830613
2022-05-01,Irrigation Stop,4.1985668078416944
2022-05-02,Control,2.3166425106529474
2022-05-02,Irrigation,3.8826968914994464
2022-05-02,Irrigation Stop,4.227960781763138
2022-05-03,Control,1.6347456289523514
2022-05-03,Irrigation,2.8200443645720834
2022-05-03,Irrigation Stop,2.855870626812182
2022-05-04,Control,1.6654496238256131
2022-05-04,Irrigation,2.97841316014481
2022-05-04,Irrigation Stop,2.9839045285033903
2022-05-05,Control,0.640356567562886
2022-05-05,Irrigation,0.7942693466171321
2022-05-05,Irrigation Stop,0.6157430779820094
2022-05-06,Control,1.856613954667631
2022-05-06,Irrigation,3.576027018060829
2022-05-06,Irrigation Stop,3.6514092983670885
2022-05-07,Control,1.8736652629370476
2022-05-07,Irrigation,3.886800267069983
2022-05-07,Irrigation Stop,3.9497616475321413
2022-05-08,Control,1.7423652522317818
2022-05-08,Irrigation,3.599433969111498
2022-05-08,Irrigation Stop,3.6781249188739857
2022-05-09,Control,1.9002611716974736
2022-05-09,Irrigation,3.657477273120987
2022-05-09,Irrigation Stop,3.7724012231825257
2022-05-10,Control,1.897282908322548
2022-05-10,Irrigation,3.701795905172348
2022-05-10,Irrigation Stop,4.040555049084272
2022-05-11,Control,2.0275745702105743
2022-05-11,Irrigation,3.277252601534558
2022-05-11,Irrigation Stop,3.769612431744239
2022-05-12,Control,1.8932926351254857
2022-05-12,Irrigation,3.8280071556762483
2022-05-12,Irrigation Stop,3.7781874401261253
2022-05-13,Control,1.8381713513880569
2022-05-13,Irrigation,4.344908760070555
2022-05-13,Irrigation Stop,3.8693029475418133
2022-05-14,Control,1.926108895060239
2022-05-14,Irrigation,4.69303391743657
2022-05-14,Irrigation Stop,3.733075229823961
2022-05-15,Control,1.8187119929119133
2022-05-15,Irrigation,4.518558127662625
2022-05-15,Irrigation Stop,4.760131824478025
2022-05-16,Control,1.5592172910244297
2022-05-16,Irrigation,3.9557913647536087
2022-05-16,Irrigation Stop,3.879311286431474
2022-05-17,Control,2.171890038532965
2022-05-17,Irrigation,6.419028511089224
2022-05-17,Irrigation Stop,6.5408993645511035
2022-05-18,Control,2.138221509623639
2022-05-18,Irrigation,6.272721319683728
2022-05-18,Irrigation Stop,6.230950599014715
2022-05-19,Control,1.8309464547099776
2022-05-19,Irrigation,5.721381126371794
2022-05-19,Irrigation Stop,5.35794876045836
2022-05-20,Control,2.008463581018713
2022-05-20,Irrigation,6.188201501166718
2022-05-20,Irrigation Stop,5.744201107609793
2022-05-21,Control,1.9657920214724407
2022-05-21,Irrigation,6.304359000900821
2022-05-21,Irrigation Stop,5.414723096001838
2022-05-22,Control,1.608467105129129
2022-05-22,Irrigation,5.678619476372827
2022-05-22,Irrigation Stop,4.510853483392634
2022-05-23,Control,1.5355202447890144
2022-05-23,Irrigation,5.32549477070632
2022-05-23,Irrigation Stop,3.981420086640996
2022-05-24,Control,1.4564841867562142
2022-05-24,Irrigation,4.739068570311476
2022-05-24,Irrigation Stop,3.717598082878457
2022-05-25,Control,1.5147143457824463
2022-05-25,Irrigation,6.091182513701414
2022-05-25,Irrigation Stop,4.660918199661114
2022-05-26,Control,1.7221712058094751
2022-05-26,Irrigation,6.525050030427387
2022-05-26,Irrigation Stop,4.94716416472718
2022-05-27,Control,1.6285734202501128
2022-05-27,Irrigation,6.484935784036028
2022-05-27,Irrigation Stop,4.431817917593568
2022-05-28,Control,1.3062638904605859
2022-05-28,Irrigation,5.813523465094864
2022-05-28,Irrigation Stop,3.6148960416584197
2022-05-29,Control,1.2827444561931425
2022-05-29,Irrigation,5.807440259165668
2022-05-29,Irrigation Stop,3.414215630474644
2022-05-30,Control,1.4361084017183812
2022-05-30,Irrigation,5.809670760572786
2022-05-30,Irrigation Stop,3.497702079214454
2022-05-31,Control,1.220392237159118
2022-05-31,Irrigation,3.914598318116291
2022-05-31,Irrigation Stop,2.101610066764591
2022-06-01,Control,1.3622993318032113
2022-06-01,Irrigation,2.3940728532179145
2022-06-01,Irrigation Stop,1.905166342386892
2022-06-02,Control,1.6216223265473086
2022-06-02,Irrigation,4.872236300229326
2022-06-02,Irrigation Stop,4.229810477508657
2022-06-03,Control,1.4702944663388429
2022-06-03,Irrigation,5.438429479343102
2022-06-03,Irrigation Stop,4.731534989942161
2022-06-04,Control,1.9065624654147788
2022-06-04,Irrigation,7.4867229830815525
2022-06-04,Irrigation Stop,6.622371812474242
2022-06-05,Control,1.2143993060655682
2022-06-05,Irrigation,5.6059289533977035
2022-06-05,Irrigation Stop,4.01147538091242
2022-06-06,Control,1.670821939851444
2022-06-06,Irrigation,6.219804014596864
2022-06-06,Irrigation Stop,3.3633244443622416
2022-06-07,Control,1.6178683487019496
2022-06-07,Irrigation,5.4558609232105635
2022-06-07,Irrigation Stop,3.4269473775812944
2022-06-08,Control,1.4903081090324386
2022-06-08,Irrigation,5.8449658693368285
2022-06-08,Irrigation Stop,3.045938633775812
2022-06-09,Control,1.6960271538628804
2022-06-09,Irrigation,6.153749245375228
2022-06-09,Irrigation Stop,3.1413644810261463
2022-06-10,Control,1.9452903184327297
2022-06-10,Irrigation,7.30590256871045
2022-06-10,Irrigation Stop,3.680226148978489
2022-06-11,Control,1.93708358087523
2022-06-11,Irrigation,7.076843388152358
2022-06-11,Irrigation Stop,3.382151399787385
2022-06-12,Control,1.9230132118220582
2022-06-12,Irrigation,6.833365870228108
2022-06-12,Irrigation Stop,3.023122613635061
2022-06-13,Control,1.7802828651584204
2022-06-13,Irrigation,6.368841897659637
2022-06-13,Irrigation Stop,2.812839020203886
2022-06-14,Control,1.9204106647986068
2022-06-14,Irrigation,6.94942934919799
2022-06-14,Irrigation Stop,2.6930570825358586
2022-06-15,Control,1.9412946258475305
2022-06-15,Irrigation,6.806970888649398
2022-06-15,Irrigation Stop,2.49018357061278
2022-06-16,Control,1.7973913773399386
2022-06-16,Irrigation,6.713580774922439
2022-06-16,Irrigation Stop,2.2379366316254794
2022-06-17,Control,1.8248402226100777
2022-06-17,Irrigation,6.562529385066305
2022-06-17,Irrigation Stop,2.2212304684401354
2022-06-18,Control,1.9676728840887545
2022-06-18,Irrigation,7.014906974055224
2022-06-18,Irrigation Stop,2.221543023037056
2022-06-19,Control,2.1457047319867533
2022-06-19,Irrigation,6.49948700039092
2022-06-19,Irrigation Stop,2.2340117383968354
2022-06-20,Control,1.9060154457199407
2022-06-20,Irrigation,5.927674210571305
2022-06-20,Irrigation Stop,1.6955960228551623
2022-06-21,Control,1.5507556222696293
2022-06-21,Irrigation,5.16466441592227
2022-06-21,Irrigation Stop,1.3713904584315744
2022-06-22,Control,1.398129144260667
2022-06-22,Irrigation,3.7397540826191955
2022-06-22,Irrigation Stop,1.3456895744271757
2022-06-23,Control,1.6684754067234486
2022-06-23,Irrigation,5.33674244863713
2022-06-23,Irrigation Stop,2.952244560562654
2022-06-24,Control,1.1448507859944725
2022-06-24,Irrigation,3.72448211622593
2022-06-24,Irrigation Stop,1.516163800288565
2022-06-25,Control,1.5956101063438692
2022-06-25,Irrigation,7.557855914808361
2022-06-25,Irrigation Stop,3.2179806740051657
2022-06-26,Control,1.3221566914297274
2022-06-26,Irrigation,7.019369803148501
2022-06-26,Irrigation Stop,2.5911593199874274
2022-06-27,Control,1.3017004171592057
2022-06-27,Irrigation,4.973767689471219
2022-06-27,Irrigation Stop,1.5062424627654636
2022-06-28,Control,1.1782262782086117
2022-06-28,Irrigation,1.2503516342003445
2022-06-28,Irrigation Stop,0.7510277918914037
2022-06-29,Control,2.1592045059479603
2022-06-29,Irrigation,7.664065109258481
2022-06-29,Irrigation Stop,6.737028980418435
2022-06-30,Control,1.5672999465316124
2022-06-30,Irrigation,6.657425025621445
2022-06-30,Irrigation Stop,5.857176693912427
2022-07-01,Control,1.865439612334586
2022-07-01,Irrigation,5.7243648754899015
2022-07-01,Irrigation Stop,4.882965059373561
2022-07-02,Control,2.1854301103107314
2022-07-02,Irrigation,7.8216787197434465
2022-07-02,Irrigation Stop,6.653092771655686
2022-07-03,Control,2.0529905856735704
2022-07-03,Irrigation,7.678241186097724
2022-07-03,Irrigation Stop,6.328065469266223
2022-07-04,Control,1.5977349828670557
2022-07-04,Irrigation,5.383333368529576
2022-07-04,Irrigation Stop,3.80091119453039
2022-07-05,Control,2.4399862595611306
2022-07-05,Irrigation,7.472042576928743
2022-07-05,Irrigation Stop,6.376211653378599
2022-07-06,Control,1.8131707332592597
2022-07-06,Irrigation,7.991201734585556
2022-07-06,Irrigation Stop,7.360342513456409
2022-07-07,Control,1.7417256103255228
2022-07-07,Irrigation,7.381575949759009
2022-07-07,Irrigation Stop,6.767411483808127
2022-07-08,Control,2.2828214901885446
2022-07-08,Irrigation,7.592560698051603
2022-07-08,Irrigation Stop,6.812632939895325
2022-07-09,Control,2.3202040509443753
2022-07-09,Irrigation,7.724411323120164
2022-07-09,Irrigation Stop,2.7188354644328196
2022-07-10,Control,2.2970380524173466
2022-07-10,Irrigation,7.885491037797761
2022-07-10,Irrigation Stop,4.8880084875111205
2022-07-11,Control,2.3532971761802375
2022-07-11,Irrigation,7.683419437248206
2022-07-11,Irrigation Stop,4.08341158191035
