date,Treatment,Total_Sap_Flow
2024-01-01,control,0.00959588271563255
2024-01-01,irrigation,0.014914030865307694
2024-01-01,irrigation_vpd,0.011706924320316458
2024-01-01,roof,0.015170151782888825
2024-01-01,roof_vpd,0.012961169464586367
2024-01-02,control,0.09558263779886138
2024-01-02,irrigation,0.1900073070324844
2024-01-02,irrigation_vpd,0.17032075224909773
2024-01-02,roof,0.10734691447917483
2024-01-02,roof_vpd,0.08885296649116203
2024-01-03,control,0.03627493241508248
2024-01-03,irrigation,0.04909801725104445
2024-01-03,irrigation_vpd,0.05454895891605656
2024-01-03,roof,0.040826996808361556
2024-01-03,roof_vpd,0.021986745787343685
2024-01-04,control,0.06738634987214105
2024-01-04,irrigation,0.09691980054466001
2024-01-04,irrigation_vpd,0.086000296127475645
2024-01-04,roof,0.06510805595665302
2024-01-04,roof_vpd,0.04961529107503065
2024-01-05,control,0.04719560924604929
2024-01-05,irrigation,0.07740795606593685
2024-01-05,irrigation_vpd,0.06932506472119217
2024-01-05,roof,0.047016460983912114
2024-01-05,roof_vpd,0.036608116363243716
2024-01-06,control,0.056222177607807414
2024-01-06,irrigation,0.10131293415348155
2024-01-06,irrigation_vpd,0.08628826246420776
2024-01-06,roof,0.05939602268218354
2024-01-06,roof_vpd,0.04912644103100452
2024-01-07,control,0.07222532205111143
2024-01-07,irrigation,0.10397713555347471
2024-01-07,irrigation_vpd,0.10020814022081391
2024-01-07,roof,0.06920147071836058
2024-01-07,roof_vpd,0.06051133627337412
2024-01-08,control,0.0518179641460122
2024-01-08,irrigation,0.09117599274924418
2024-01-08,irrigation_vpd,0.07180326589175175
2024-01-08,roof,0.04867830460570697
2024-01-08,roof_vpd,0.04473935973767033
2024-01-09,control,0.07973481720673797
2024-01-09,irrigation,0.1730203652046426
2024-01-09,irrigation_vpd,0.159154455962362
2024-01-09,roof,0.09114765191067724
2024-01-09,roof_vpd,0.07558338523322343
2024-01-10,control,0.05723288998210741
2024-01-10,irrigation,0.10580090656473662
2024-01-10,irrigation_vpd,0.09431337605489631
2024-01-10,roof_vpd,0.015742795697092797
2024-01-11,control,0.00835818656265821
2024-01-11,irrigation,0.012934789321666838
2024-01-16,control,0.006292113491953031
2024-01-16,irrigation,0.01497679162440892
2024-01-17,control,0.019051990423944364
2024-01-17,irrigation,0.04156097133501389
2024-01-17,irrigation_vpd,0.0376934687997688
2024-01-17,roof_vpd,0.01413474274561315
2024-01-18,control,0.005951062540291532
2024-01-18,irrigation,0.031228845136354058
2024-01-18,irrigation_vpd,0.027278398326161458
2024-01-18,roof_vpd,0.00991802744886018
2024-01-19,control,0.00834773573379711
2024-01-19,irrigation_vpd,0.054328708737661435
2024-01-19,roof_vpd,0.010177581526273493
2024-01-22,irrigation_vpd,0.03302376054471648
2024-01-23,control,0.0516765989389032
2024-01-23,irrigation,0.12745500456741507
2024-01-23,irrigation_vpd,0.10324970488669583
2024-01-23,roof,0.06701519591982762
2024-01-23,roof_vpd,0.021596724824118584
2024-01-24,control,0.10063832775240726
2024-01-24,irrigation,0.14281448791246862
2024-01-24,irrigation_vpd,0.12243330130064078
2024-01-24,roof,0.09527805888294813
2024-01-24,roof_vpd,0.0701537921927128
2024-01-25,control,0.09558661064938202
2024-01-25,irrigation,0.1690857506204752
2024-01-25,irrigation_vpd,0.12630184287385252
2024-01-25,roof,0.07855995680403555
2024-01-25,roof_vpd,0.08511842994470306
2024-01-26,control,0.06599620039306
2024-01-26,irrigation,0.12852546007883164
2024-01-26,irrigation_vpd,0.116288000305595
2024-01-26,roof,0.07572079727854757
2024-01-26,roof_vpd,0.06220001986423924
2024-01-27,control,0.031797099662190645
2024-01-27,irrigation,0.03380524832963559
2024-01-27,irrigation_vpd,0.051172326987353065
2024-01-27,roof,0.025352625635921975
2024-01-27,roof_vpd,0.0200905642082428
2024-01-28,control,0.075715401008475125
2024-01-28,irrigation,0.1255794583235839
2024-01-28,irrigation_vpd,0.11617629832132555
2024-01-28,roof,0.06772553124021453
2024-01-28,roof_vpd,0.0638867930730862
2024-01-29,control,0.10951636148668872
2024-01-29,irrigation,0.1837716769363997
2024-01-29,irrigation_vpd,0.15630252821025087
2024-01-29,roof,0.08866471792960373
2024-01-29,roof_vpd,0.09005464688653862
2024-01-30,control,0.09311717337528207
2024-01-30,irrigation,0.15376378652263148
2024-01-30,irrigation_vpd,0.13651835218969074
2024-01-30,roof,0.08214340201279087
2024-01-30,roof_vpd,0.07673428969051624
2024-01-31,control,0.08675127474663967
2024-01-31,irrigation,0.13631880951922218
2024-01-31,irrigation_vpd,0.13142155006939465
2024-01-31,roof,0.08312875596771932
2024-01-31,roof_vpd,0.07116626080521052
2024-02-01,control,0.06752474570683241
2024-02-01,irrigation,0.11560823046533897
2024-02-01,irrigation_vpd,0.10796137193349539
2024-02-01,roof,0.06649332413760094
2024-02-01,roof_vpd,0.059767037812577244
2024-02-02,control,0.07092045723334353
2024-02-02,irrigation,0.1160717351941385
2024-02-02,irrigation_vpd,0.10540752779079314
2024-02-02,roof,0.06871109402015364
2024-02-02,roof_vpd,0.0582420046553731
2024-02-03,control,0.07226238647700045
2024-02-03,irrigation,0.0997467635781602
2024-02-03,irrigation_vpd,0.10748487839768948
2024-02-03,roof,0.07202545428759166
2024-02-03,roof_vpd,0.05681462475265083
2024-02-04,control,0.07849607508144556
2024-02-04,irrigation,0.12063337577249093
2024-02-04,irrigation_vpd,0.11479869997236643
2024-02-04,roof,0.07394386304392182
2024-02-04,roof_vpd,0.06784373719801969
2024-02-05,control,0.10104685428358376
2024-02-05,irrigation,0.14909196169923164
2024-02-05,irrigation_vpd,0.1457701066016724
2024-02-05,roof,0.09078708020703684
2024-02-05,roof_vpd,0.07930001943792123
2024-02-06,control,0.12052900873669266
2024-02-06,irrigation,0.1918435944916121
2024-02-06,irrigation_vpd,0.17698436751131608
2024-02-06,roof,0.1076411201753075
2024-02-06,roof_vpd,0.09846178527966873
2024-02-07,control,0.0776401225584536
2024-02-07,irrigation,0.13365777140060536
2024-02-07,irrigation_vpd,0.11981961110360088
2024-02-07,roof,0.07844231791101841
2024-02-07,roof_vpd,0.0638698935608967
2024-02-08,control,0.15284741603616955
2024-02-08,irrigation,0.25442601188979724
2024-02-08,irrigation_vpd,0.18977124847338617
2024-02-08,roof,0.12480831581043249
2024-02-08,roof_vpd,0.11073538360795837
2024-02-09,control,0.17467083132459948
2024-02-09,irrigation,0.2848005354276428
2024-02-09,irrigation_vpd,0.21071847172579855
2024-02-09,roof,0.13730827348423588
2024-02-09,roof_vpd,0.13996440919578979
2024-02-10,control,0.3247408003927452
2024-02-10,irrigation,0.5111945357657675
2024-02-10,irrigation_vpd,0.39226947577956345
2024-02-10,roof,0.2487379563117645
2024-02-10,roof_vpd,0.25554372906042533
2024-02-11,control,0.17884491595097893
2024-02-11,irrigation,0.2956078194653205
2024-02-11,irrigation_vpd,0.22873130140832737
2024-02-11,roof,0.15875404081005443
2024-02-11,roof_vpd,0.14869827870881402
2024-02-12,control,0.17246348872263542
2024-02-12,irrigation,0.27369851781917903
2024-02-12,irrigation_vpd,0.22575999586376377
2024-02-12,roof,0.16313440653324024
2024-02-12,roof_vpd,0.14145207892579703
2024-02-13,control,0.15849650689190728
2024-02-13,irrigation,0.25252319229616355
2024-02-13,irrigation_vpd,0.21977285290003096
2024-02-13,roof,0.15674852971084297
2024-02-13,roof_vpd,0.12999046207181786
2024-02-14,control,0.20006370451037916
2024-02-14,irrigation,0.318489656106001
2024-02-14,irrigation_vpd,0.2497196105783342
2024-02-14,roof,0.18106973179193767
2024-02-14,roof_vpd,0.15925680051921284
2024-02-15,control,0.2603331655674626
2024-02-15,irrigation,0.4105025901131649
2024-02-15,irrigation_vpd,0.3133118762903979
2024-02-15,roof,0.21419683002574638
2024-02-15,roof_vpd,0.20450320196749824
2024-02-16,control,0.26733916391834606
2024-02-16,irrigation,0.42108986351135075
2024-02-16,irrigation_vpd,0.3207785817107303
2024-02-16,roof,0.22839965973684265
2024-02-16,roof_vpd,0.21117107531864246
2024-02-17,control,0.22683101700504754
2024-02-17,irrigation,0.33820377230440374
2024-02-17,irrigation_vpd,0.2791299359421462
2024-02-17,roof,0.2055880341606104
2024-02-17,roof_vpd,0.17547081329477043
2024-02-18,control,0.25335131200690114
2024-02-18,irrigation,0.39479097823888876
2024-02-18,irrigation_vpd,0.32499374397901676
2024-02-18,roof,0.22502574459389016
2024-02-18,roof_vpd,0.20136018752304816
2024-02-19,control,0.29867505840103364
2024-02-19,irrigation,0.4786412529433386
2024-02-19,irrigation_vpd,0.35683782068861775
2024-02-19,roof,0.24780193974181977
2024-02-19,roof_vpd,0.24083737637681754
2024-02-20,control,0.21562766188565616
2024-02-20,irrigation,0.34551094558581635
2024-02-20,irrigation_vpd,0.2911018892491626
2024-02-20,roof,0.21899962839831855
2024-02-20,roof_vpd,0.17440136852587004
2024-02-21,control,0.2802242180572828
2024-02-21,irrigation,0.46352894851460463
2024-02-21,irrigation_vpd,0.36402281556981164
2024-02-21,roof,0.24847176014708108
2024-02-21,roof_vpd,0.22467421528619694
2024-02-22,control,0.06250439134714562
2024-02-22,irrigation,0.12280636500588893
2024-02-22,irrigation_vpd,0.09097951629526962
2024-02-22,roof,0.07890459791942943
2024-02-22,roof_vpd,0.058962042224831535
2024-02-23,control,0.2984411963719566
2024-02-23,irrigation,0.5016964517475565
2024-02-23,irrigation_vpd,0.4265993870794641
2024-02-23,roof,0.27271700154929057
2024-02-23,roof_vpd,0.25508841222418555
2024-02-24,control,0.2801528364803973
2024-02-24,irrigation,0.4865553559211948
2024-02-24,irrigation_vpd,0.3802273510416583
2024-02-24,roof,0.268477977737066
2024-02-24,roof_vpd,0.22963340615431702
2024-02-25,control,0.3151330373364376
2024-02-25,irrigation,0.5601504677060506
2024-02-25,irrigation_vpd,0.40830262531836303
2024-02-25,roof,0.27445057426512887
2024-02-25,roof_vpd,0.2642578056720569
2024-02-26,control,0.3824948809381692
2024-02-26,irrigation,0.6599042864236916
2024-02-26,irrigation_vpd,0.45623502017449813
2024-02-26,roof,0.32235236861739947
2024-02-26,roof_vpd,0.312992162141007
2024-02-27,control,0.23411936598313685
2024-02-27,irrigation,0.400279616858109
2024-02-27,irrigation_vpd,0.29331643862837986
2024-02-27,roof,0.2089306192180608
2024-02-27,roof_vpd,0.185845252902024
2024-02-28,control,0.252388535707045
2024-02-28,irrigation,0.4151122214366129
2024-02-28,irrigation_vpd,0.34639523117221954
2024-02-28,roof,0.22755545753522807
2024-02-28,roof_vpd,0.20003936744465023
2024-02-29,control,0.3914534369794682
2024-02-29,irrigation,0.6453647548364715
2024-02-29,irrigation_vpd,0.5268760606805134
2024-02-29,roof,0.34927760058614404
2024-02-29,roof_vpd,0.3226530887861429
2024-03-01,control,0.031256369889937186
2024-03-01,irrigation,0.041992980572490346
2024-03-01,irrigation_vpd,0.030594406679228758
2024-03-01,roof,0.039591743102836155
2024-03-01,roof_vpd,0.02025969494263149
2024-03-02,control,0.4727338106671999
2024-03-02,irrigation,0.8302782668287622
2024-03-02,irrigation_vpd,0.6141508482102537
2024-03-02,roof,0.3646554649734205
2024-03-02,roof_vpd,0.37971320315240764
2024-03-03,control,0.4676215878706115
2024-03-03,irrigation,0.8460760153552664
2024-03-03,irrigation_vpd,0.5854448156552107
2024-03-03,roof,0.3959918556128751
2024-03-03,roof_vpd,0.3824402363678255
2024-03-04,control,0.24673333561150057
2024-03-04,irrigation,0.39704590761985115
2024-03-04,irrigation_vpd,0.32071685327187616
2024-03-04,roof,0.22259169868687498
2024-03-04,roof_vpd,0.19597359638903794
2024-03-05,control,0.23454485799058727
2024-03-05,irrigation,0.4038756242215995
2024-03-05,irrigation_vpd,0.32960581152761165
2024-03-05,roof,0.2159439175011378
2024-03-05,roof_vpd,0.191614779749397
2024-03-06,control,0.32647842859155035
2024-03-06,irrigation,0.5866332673229316
2024-03-06,irrigation_vpd,0.44234990780041367
2024-03-06,roof,0.29619627909402935
2024-03-06,roof_vpd,0.2568634030607486
2024-03-07,control,0.3937507036952378
2024-03-07,irrigation,0.6800559895759437
2024-03-07,irrigation_vpd,0.5254680095308731
2024-03-07,roof,0.3490164960154016
2024-03-07,roof_vpd,0.33032140624913103
2024-03-08,control,0.40444632946571807
2024-03-08,irrigation,0.759795485854028
2024-03-08,irrigation_vpd,0.5292662844477498
2024-03-08,roof,0.3534605255959243
2024-03-08,roof_vpd,0.35659785532795774
2024-03-09,control,0.5257665077226228
2024-03-09,irrigation,0.9580463562523613
2024-03-09,irrigation_vpd,0.6281400002920076
2024-03-09,roof,0.437280214700649
2024-03-09,roof_vpd,0.43940997208239146
2024-03-10,control,0.12569406959408524
2024-03-10,irrigation,0.2236475606904048
2024-03-10,irrigation_vpd,0.15445836314524822
2024-03-10,roof,0.1321956110122151
2024-03-10,roof_vpd,0.11428150590662048
2024-03-11,control,0.43431533438824677
2024-03-11,irrigation,0.6978635598378685
2024-03-11,irrigation_vpd,0.5793703493146617
2024-03-11,roof,0.3612325061027852
2024-03-11,roof_vpd,0.3572039682095747
2024-03-12,control,0.4142591432901178
2024-03-12,irrigation,0.7235027775429397
2024-03-12,irrigation_vpd,0.5237649635616266
2024-03-12,roof,0.3430637859489489
2024-03-12,roof_vpd,0.32032599764382713
2024-03-13,control,0.4116503801613078
2024-03-13,irrigation,0.6995128576462291
2024-03-13,irrigation_vpd,0.5369844608929681
2024-03-13,roof,0.35139440740973793
2024-03-13,roof_vpd,0.32645858272579664
2024-03-14,control,0.5069106607453201
2024-03-14,irrigation,0.8924803028739454
2024-03-14,irrigation_vpd,0.6397784768581236
2024-03-14,roof,0.4307024670063536
2024-03-14,roof_vpd,0.396301441291549
2024-03-15,control,0.41509846460060373
2024-03-15,irrigation,0.7214886079346878
2024-03-15,irrigation_vpd,0.5163231157986141
2024-03-15,roof,0.35497307678566753
2024-03-15,roof_vpd,0.31854887725212433
2024-03-16,control,0.45340708393833035
2024-03-16,irrigation,0.7853468501070755
2024-03-16,irrigation_vpd,0.6372625850629271
2024-03-16,roof,0.41209626903564406
2024-03-16,roof_vpd,0.39568951587429335
2024-03-17,control,0.2786796610487511
2024-03-17,irrigation,0.46780507318929143
2024-03-17,irrigation_vpd,0.3491854360162235
2024-03-17,roof,0.25191006028099877
2024-03-17,roof_vpd,0.21272387282560565
2024-03-18,control,0.13767911673291297
2024-03-18,irrigation,0.1910068336184738
2024-03-18,irrigation_vpd,0.1620098133054812
2024-03-18,roof,0.181820726720225
2024-03-18,roof_vpd,0.11444046260827792
2024-03-19,control,0.4939008986403099
2024-03-19,irrigation,0.8176525876252086
2024-03-19,irrigation_vpd,0.7139294779195545
2024-03-19,roof,0.5202026100123646
2024-03-19,roof_vpd,0.45622468665535404
2024-03-20,control,0.5318646771599582
2024-03-20,irrigation,0.9163031138975748
2024-03-20,irrigation_vpd,0.7557860799797058
2024-03-20,roof,0.5426455106734428
2024-03-20,roof_vpd,0.4676137417732271
2024-03-21,control,0.23732015650972355
2024-03-21,irrigation,0.40253724830104687
2024-03-21,irrigation_vpd,0.31050674365517744
2024-03-21,roof,0.21025129541458312
2024-03-21,roof_vpd,0.20260226357707384
2024-03-22,control,0.5425593504265023
2024-03-22,irrigation,0.9454457656603483
2024-03-22,irrigation_vpd,0.7808809104584166
2024-03-22,roof,0.47091529652901853
2024-03-22,roof_vpd,0.48591243337724643
2024-03-23,control,0.39611491966325185
2024-03-23,irrigation,0.7052737199208043
2024-03-23,irrigation_vpd,0.581250492619045
2024-03-23,roof,0.3059862911069997
2024-03-23,roof_vpd,0.35838561113749434
2024-03-24,control,0.35297401022215075
2024-03-24,irrigation,0.6452907843819193
2024-03-24,irrigation_vpd,0.5482497478755104
2024-03-24,roof,0.33464654926122617
2024-03-24,roof_vpd,0.3150767973339142
2024-03-25,control,0.46146885281978184
2024-03-25,irrigation,0.815666184653656
2024-03-25,irrigation_vpd,0.670482784009092
2024-03-25,roof,0.435616116207822
2024-03-25,roof_vpd,0.4288791364323069
2024-03-26,control,0.5681325313755855
2024-03-26,irrigation,1.000778048343104
2024-03-26,irrigation_vpd,0.7790653525016175
2024-03-26,roof,0.5323467927407626
2024-03-26,roof_vpd,0.5328547252675148
2024-03-27,control,0.10745241555571325
2024-03-27,irrigation,0.1701407000411452
2024-03-27,irrigation_vpd,0.12702115356448876
2024-03-27,roof,0.08758223485567214
2024-03-27,roof_vpd,0.10326712932418736
2024-03-28,control,0.16303766569238237
2024-03-28,irrigation,0.25422574861464864
2024-03-28,irrigation_vpd,0.22647202415882398
2024-03-28,roof,0.15518441531875782
2024-03-28,roof_vpd,0.14635023020419966
2024-03-29,control,0.5508150101768755
2024-03-29,irrigation,0.9992568017765119
2024-03-29,irrigation_vpd,0.8026131050714933
2024-03-29,roof,0.541385132878127
2024-03-29,roof_vpd,0.5085285150337293
2024-03-30,control,0.3384344261447333
2024-03-30,irrigation,0.5819113824292331
2024-03-30,irrigation_vpd,0.4767365651779537
2024-03-30,roof,0.34610787555711864
2024-03-30,roof_vpd,0.32512285097973864
2024-03-31,control,0.5429234832847804
2024-03-31,irrigation,0.9584741854847081
2024-03-31,irrigation_vpd,0.7946408755618894
2024-03-31,roof,0.4597352913025812
2024-03-31,roof_vpd,0.5018376221443825
2024-04-01,control,0.4491053363233797
2024-04-01,irrigation,0.8016541391008779
2024-04-01,irrigation_vpd,0.6756692943843158
2024-04-01,roof,0.40129754891010555
2024-04-01,roof_vpd,0.42233004251779943
2024-04-02,control,0.49813879182203236
2024-04-02,irrigation,0.8866058604078225
2024-04-02,irrigation_vpd,0.7682942412790227
2024-04-02,roof,0.5207828225469112
2024-04-02,roof_vpd,0.47232384788053605
2024-04-03,control,0.30265445461231627
2024-04-03,irrigation,0.5458570163681818
2024-04-03,irrigation_vpd,0.4537248515685535
2024-04-03,roof,0.29203224173398606
2024-04-03,roof_vpd,0.27963283284754575
2024-04-04,control,0.49102533942405924
2024-04-04,irrigation,0.8704843589156265
2024-04-04,irrigation_vpd,0.7244098723674841
2024-04-04,roof,0.510173912723765
2024-04-04,roof_vpd,0.454844690629085
2024-04-05,control,0.5991332914705978
2024-04-05,irrigation,1.0410326947713833
2024-04-05,irrigation_vpd,0.8613115757346355
2024-04-05,roof,0.5652747462632953
2024-04-05,roof_vpd,0.5527685240661212
2024-04-06,control,0.5884501099963353
2024-04-06,irrigation,1.004538431933394
2024-04-06,irrigation_vpd,0.8638840058676196
2024-04-06,roof,0.5755254165632142
2024-04-06,roof_vpd,0.5443100115682596
2024-04-07,control,0.58810904525227
2024-04-07,irrigation,0.9759129512567228
2024-04-07,irrigation_vpd,0.8371185256167757
2024-04-07,roof,0.5683173550134761
2024-04-07,roof_vpd,0.552013560229064
2024-04-08,control,0.616524486421884
2024-04-08,irrigation,0.9871721840059279
2024-04-08,irrigation_vpd,0.8555542740965281
2024-04-08,roof,0.5896126388511771
2024-04-08,roof_vpd,0.5830780898518468
2024-04-09,control,0.18113466732475583
2024-04-09,irrigation,0.2782509490603415
2024-04-09,irrigation_vpd,0.2467769517538244
2024-04-09,roof,0.18522901794092636
2024-04-09,roof_vpd,0.17469599944280603
2024-04-10,control,0.39107674412339344
2024-04-10,irrigation,0.6867552705060813
2024-04-10,irrigation_vpd,0.6391243709348955
2024-04-10,roof,0.47423961740651344
2024-04-10,roof_vpd,0.3601184133246054
2024-04-11,control,0.5059267274838966
2024-04-11,irrigation,0.852562783273806
2024-04-11,irrigation_vpd,0.7574955019447709
2024-04-11,roof,0.5635784606469216
2024-04-11,roof_vpd,0.4756158259737458
2024-04-12,control,0.5584193486190516
2024-04-12,irrigation,0.9225554135954354
2024-04-12,irrigation_vpd,0.8327407603718529
2024-04-12,roof,0.6164190486290267
2024-04-12,roof_vpd,0.5341697465236092
2024-04-13,control,0.6533106668361456
2024-04-13,irrigation,1.0394393062705445
2024-04-13,irrigation_vpd,0.9758793678727513
2024-04-13,roof,0.6807799858741937
2024-04-13,roof_vpd,0.6287141499946614
2024-04-14,control,0.6672707780685643
2024-04-14,irrigation,1.0338018661086077
2024-04-14,irrigation_vpd,0.9843085318811418
2024-04-14,roof,0.6963263296087511
2024-04-14,roof_vpd,0.6429966362882197
2024-04-15,control,0.570122369819942
2024-04-15,irrigation,0.8810172973041841
2024-04-15,irrigation_vpd,0.8161801041405394
2024-04-15,roof,0.5826986008588019
2024-04-15,roof_vpd,0.5505036120061069
2024-04-16,control,0.5527406615437782
2024-04-16,irrigation,0.8790755725581167
2024-04-16,irrigation_vpd,0.8226312919143137
2024-04-16,roof,0.5693563634683363
2024-04-16,roof_vpd,0.5304255164454738
2024-04-17,control,0.36109660414997324
2024-04-17,irrigation,0.6000178426770515
2024-04-17,irrigation_vpd,0.5738517830243761
2024-04-17,roof,0.40611145678779903
2024-04-17,roof_vpd,0.33569703549116037
2024-04-18,control,0.4030439368057009
2024-04-18,irrigation,0.6141219552839988
2024-04-18,irrigation_vpd,0.5946452261819
2024-04-18,roof,0.4145374674437492
2024-04-18,roof_vpd,0.37181846309380423
2024-04-19,control,0.34904036696858043
2024-04-19,irrigation,0.549529337382331
2024-04-19,irrigation_vpd,0.5036946589216064
2024-04-19,roof,0.3584741082117133
2024-04-19,roof_vpd,0.3237382058857704
2024-04-20,control,0.4451635269546293
2024-04-20,irrigation,0.6963760635171453
2024-04-20,irrigation_vpd,0.636781177004123
2024-04-20,roof,0.4444640291823569
2024-04-20,roof_vpd,0.4095615234145242
2024-04-21,control,0.23618639752792564
2024-04-21,irrigation,0.39240978705537366
2024-04-21,irrigation_vpd,0.3661789485526119
2024-04-21,roof,0.251227229231163
2024-04-21,roof_vpd,0.22324486542793015
2024-04-22,control,0.3544133900907711
2024-04-22,irrigation,0.605380590098127
2024-04-22,irrigation_vpd,0.5609198452133713
2024-04-22,roof,0.36205596138430834
2024-04-22,roof_vpd,0.3183177841482557
2024-04-23,control,0.4387213271441072
2024-04-23,irrigation,0.6877142588516447
2024-04-23,irrigation_vpd,0.6097160826147238
2024-04-23,roof,0.433886429124736
2024-04-23,roof_vpd,0.4190739185540237
2024-04-24,control,0.4355315977473917
2024-04-24,irrigation,0.7036721394886855
2024-04-24,irrigation_vpd,0.6324444435480857
2024-04-24,roof,0.456880512039113
2024-04-24,roof_vpd,0.4249832325326288
2024-04-25,control,0.45312591801661967
2024-04-25,irrigation,0.7412392489410055
2024-04-25,irrigation_vpd,0.6801658785062275
2024-04-25,roof,0.4774716638295003
2024-04-25,roof_vpd,0.4469413655979104
2024-04-26,control,0.4999429765307221
2024-04-26,irrigation,0.8048356133841551
2024-04-26,irrigation_vpd,0.721246930058421
2024-04-26,roof,0.5043393591728327
2024-04-26,roof_vpd,0.4917340469999137
2024-04-27,control,0.5555665647281335
2024-04-27,irrigation,0.8417787454024326
2024-04-27,irrigation_vpd,0.767684357830222
2024-04-27,roof,0.5518077429562677
2024-04-27,roof_vpd,0.545182930258387
2024-04-28,control,0.4711190875804227
2024-04-28,irrigation,0.69400680414696
2024-04-28,irrigation_vpd,0.6194808514863308
2024-04-28,roof,0.4542941434318646
2024-04-28,roof_vpd,0.47205692966456647
2024-04-29,control,0.5444154962285527
2024-04-29,irrigation,0.7979036762254813
2024-04-29,irrigation_vpd,0.7782811246601246
2024-04-29,roof,0.543745445441529
2024-04-29,roof_vpd,0.5389838633164686
2024-04-30,control,0.6154320534297113
2024-04-30,irrigation,0.8566762221053841
2024-04-30,irrigation_vpd,0.8287848556753714
2024-04-30,roof,0.5951822080030783
2024-04-30,roof_vpd,0.6306379803227521
2024-05-01,control,0.5122082179993657
2024-05-01,irrigation,0.7214025596214068
2024-05-01,irrigation_vpd,0.6993877125853296
2024-05-01,roof,0.5251186562779852
2024-05-01,roof_vpd,0.5263185720676328
2024-05-02,control,0.30928365969104904
2024-05-02,irrigation,0.45312001483901626
2024-05-02,irrigation_vpd,0.40929569908732044
2024-05-02,roof,0.31460672553359503
2024-05-02,roof_vpd,0.2761822356442346
2024-05-03,control,0.30548966858725235
2024-05-03,irrigation,0.434740038204259
2024-05-03,irrigation_vpd,0.415374006599285
2024-05-03,roof,0.32172362951946465
2024-05-03,roof_vpd,0.26307124121045544
2024-05-04,control,0.49652526882595094
2024-05-04,irrigation,0.7010624335384985
2024-05-04,irrigation_vpd,0.6787641922742587
2024-05-04,roof,0.48944146465765237
2024-05-04,roof_vpd,0.48984173018954646
2024-05-05,control,0.45865433250326093
2024-05-05,irrigation,0.6318572129399419
2024-05-05,irrigation_vpd,0.6089865394909671
2024-05-05,roof,0.4506906671780254
2024-05-05,roof_vpd,0.4657602929320054
2024-05-06,control,0.1318955623763475
2024-05-06,irrigation,0.18105403900544795
2024-05-06,irrigation_vpd,0.17367065898970954
2024-05-06,roof,0.1460894855499898
2024-05-06,roof_vpd,0.13232882495334844
2024-05-07,control,0.03096342399418406
2024-05-07,irrigation,0.03264352743107413
2024-05-07,irrigation_vpd,0.01950083841709609
2024-05-07,roof,0.017250435214195954
2024-05-07,roof_vpd,0.022082790973571804
2024-05-08,control,0.5940072094027585
2024-05-08,irrigation,0.8831105106415841
2024-05-08,irrigation_vpd,0.7882138124358437
2024-05-08,roof,0.5715756315943619
2024-05-08,roof_vpd,0.515128030804442
2024-05-09,control,0.6118117609165719
2024-05-09,irrigation,0.9716276067569272
2024-05-09,irrigation_vpd,0.8660295853008316
2024-05-09,roof,0.596570314770323
2024-05-09,roof_vpd,0.5467231485447235
2024-05-10,control,0.6224901084870554
2024-05-10,irrigation,1.00426587115602
2024-05-10,irrigation_vpd,0.9224433483471366
2024-05-10,roof,0.6091643577878108
2024-05-10,roof_vpd,0.5770034744486734
2024-05-11,control,0.6360782068109413
2024-05-11,irrigation,1.0105041370928987
2024-05-11,irrigation_vpd,0.9606198820052422
2024-05-11,roof,0.616464051884931
2024-05-11,roof_vpd,0.5974235393392665
2024-05-12,control,0.60828918855103
2024-05-12,irrigation,0.9446393805395217
2024-05-12,irrigation_vpd,0.9097202250253816
2024-05-12,roof,0.5834748054408662
2024-05-12,roof_vpd,0.5687492933388901
2024-05-13,control,0.5041713713579331
2024-05-13,irrigation,0.76827944343115
2024-05-13,irrigation_vpd,0.7275080840506681
2024-05-13,roof,0.4841819626646882
2024-05-13,roof_vpd,0.4576057928633805
2024-05-14,control,0.6185875331684805
2024-05-14,irrigation,0.9362279351418609
2024-05-14,irrigation_vpd,0.8922274988968382
2024-05-14,roof,0.5846715024970509
2024-05-14,roof_vpd,0.576154531524806
2024-05-15,control,0.5798121228919383
2024-05-15,irrigation,0.8784022596330768
2024-05-15,irrigation_vpd,0.8335516867538396
2024-05-15,roof,0.5305572081877664
2024-05-15,roof_vpd,0.5454835243427507
2024-05-16,control,0.14939841798585748
2024-05-16,irrigation,0.23463312307223536
2024-05-16,irrigation_vpd,0.20467138035233295
2024-05-16,roof,0.1614433419899553
2024-05-16,roof_vpd,0.12305357161400995
2024-05-17,control,0.729464427558688
2024-05-17,irrigation,1.0948463721087118
2024-05-17,irrigation_vpd,0.9616706665500903
2024-05-17,roof,0.6342475902828888
2024-05-17,roof_vpd,0.6280918122600806
2024-05-18,control,0.6492397694658699
2024-05-18,irrigation,1.0769032571359187
2024-05-18,irrigation_vpd,0.957184638355576
2024-05-18,roof,0.5980286589425425
2024-05-18,roof_vpd,0.5668219834033512
2024-05-19,control,0.6375488213189641
2024-05-19,irrigation,1.098971368843842
2024-05-19,irrigation_vpd,0.9993698433075784
2024-05-19,roof,0.5803661825600201
2024-05-19,roof_vpd,0.576938086140572
2024-05-20,control,0.6369183114082013
2024-05-20,irrigation,1.1119158363260708
2024-05-20,irrigation_vpd,1.006373647635482
2024-05-20,roof,0.5519704286583982
2024-05-20,roof_vpd,0.5798687389080676
2024-05-21,control,0.4783396685743862
2024-05-21,irrigation,0.8759139193888866
2024-05-21,irrigation_vpd,0.7394531608007016
2024-05-21,roof,0.45220185244795197
2024-05-21,roof_vpd,0.4032228884610713
2024-05-22,control,0.5782551040408236
2024-05-22,irrigation,1.0586819495011297
2024-05-22,irrigation_vpd,0.9273991859619953
2024-05-22,roof,0.5280418257082298
2024-05-22,roof_vpd,0.49452664259293205
2024-05-23,control,0.33902062180130743
2024-05-23,irrigation,0.6050535454136683
2024-05-23,irrigation_vpd,0.5021119009751458
2024-05-23,roof,0.30965369093103834
2024-05-23,roof_vpd,0.27766835515069566
2024-05-24,control,0.5361537244938298
2024-05-24,irrigation,0.9877110272474479
2024-05-24,irrigation_vpd,0.8580820170312833
2024-05-24,roof,0.4829604345712339
2024-05-24,roof_vpd,0.47074801925741516
2024-05-25,control,0.6065416397883057
2024-05-25,irrigation,1.1442459412526438
2024-05-25,irrigation_vpd,1.0220812978890006
2024-05-25,roof,0.5285189588717194
2024-05-25,roof_vpd,0.5379096664491153
2024-05-26,control,0.6280585075632603
2024-05-26,irrigation,1.2244970876702748
2024-05-26,irrigation_vpd,1.079955506555025
2024-05-26,roof,0.5238772970129764
2024-05-26,roof_vpd,0.5454332238863306
2024-05-27,control,0.3484034946025256
2024-05-27,irrigation,0.6440021266411105
2024-05-27,irrigation_vpd,0.5560347087414992
2024-05-27,roof,0.3163424468028671
2024-05-27,roof_vpd,0.29197710190477627
2024-05-28,control,0.6672278793564579
2024-05-28,irrigation,1.3028622913970527
2024-05-28,irrigation_vpd,1.0892708509507174
2024-05-28,roof,0.5499991776320234
2024-05-28,roof_vpd,0.5453154377480589
2024-05-29,control,0.558559498452425
2024-05-29,irrigation,1.0958712496417526
2024-05-29,irrigation_vpd,0.9391475685102192
2024-05-29,roof,0.46318158925070035
2024-05-29,roof_vpd,0.4669154839963071
2024-05-30,control,0.40713826129325037
2024-05-30,irrigation,0.7596714509787877
2024-05-30,irrigation_vpd,0.6188260147969075
2024-05-30,roof,0.36680121893244044
2024-05-30,roof_vpd,0.32012164678887006
2024-05-31,control,0.35865902017052453
2024-05-31,irrigation,0.684969511261091
2024-05-31,irrigation_vpd,0.6139277608898839
2024-05-31,roof,0.29133292594857824
2024-05-31,roof_vpd,0.30601868004942856
2024-06-01,control,0.6574832116982121
2024-06-01,irrigation,1.2671084034914837
2024-06-01,irrigation_vpd,1.0969568376786256
2024-06-01,roof,0.5468641492923136
2024-06-01,roof_vpd,0.5407098884573419
2024-06-02,control,0.253557089574873
2024-06-02,irrigation,0.4285695314055698
2024-06-02,irrigation_vpd,0.38190806131007426
2024-06-02,roof,0.21389867018786102
2024-06-02,roof_vpd,0.2117896621102054
2024-06-03,control,0.6159710186213061
2024-06-03,irrigation,1.1990333292450508
2024-06-03,irrigation_vpd,1.0171693856094814
2024-06-03,roof,0.5019460593577697
2024-06-03,roof_vpd,0.4939266498391108
2024-06-04,control,0.667577986011577
2024-06-04,irrigation,1.3643084429447032
2024-06-04,irrigation_vpd,1.2343607650425916
2024-06-04,roof,0.5333436122093573
2024-06-04,roof_vpd,0.5562530609042028
2024-06-05,control,0.6594002418253021
2024-06-05,irrigation,1.414365772374721
2024-06-05,irrigation_vpd,1.2818508188800213
2024-06-05,roof,0.4973909433868327
2024-06-05,roof_vpd,0.5378548095922994
2024-06-06,control,0.4759072946294804
2024-06-06,irrigation,1.0308480542556846
2024-06-06,irrigation_vpd,0.9301052805858099
2024-06-06,roof,0.3764662874694176
2024-06-06,roof_vpd,0.3771589243332386
2024-06-07,control,0.48545700261447766
2024-06-07,irrigation,1.061970340815777
2024-06-07,irrigation_vpd,0.945004477652525
2024-06-07,roof,0.37432023416604737
2024-06-07,roof_vpd,0.3850668418873343
2024-06-08,control,0.3716940340599733
2024-06-08,irrigation,0.7371848412920139
2024-06-08,irrigation_vpd,0.6956019219607965
2024-06-08,roof,0.2825264732627485
2024-06-08,roof_vpd,0.3014986764425182
2024-06-09,control,0.445185261622926
2024-06-09,irrigation,0.9406190018694799
2024-06-09,irrigation_vpd,0.8406201509492086
2024-06-09,roof,0.3536294890624964
2024-06-09,roof_vpd,0.3449961372281999
2024-06-10,control,0.5473741972044355
2024-06-10,irrigation,1.2015318859388002
2024-06-10,irrigation_vpd,1.077670593923868
2024-06-10,roof,0.4039694947420691
2024-06-10,roof_vpd,0.43442738165319505
2024-06-11,control,0.5396962006712183
2024-06-11,irrigation,1.2617937591466435
2024-06-11,irrigation_vpd,1.1219207478582147
2024-06-11,roof,0.38941191761064337
2024-06-11,roof_vpd,0.44011438424570715
2024-06-12,control,0.5556138058231768
2024-06-12,irrigation,1.3389844851619976
2024-06-12,irrigation_vpd,1.1757047473481663
2024-06-12,roof,0.39222520400479677
2024-06-12,roof_vpd,0.43704579814376776
2024-06-13,control,0.576176193907237
2024-06-13,irrigation,1.473137607483689
2024-06-13,irrigation_vpd,1.290287808965208
2024-06-13,roof,0.392231603135395
2024-06-13,roof_vpd,0.44770638971467724
2024-06-14,control,0.30885683300237615
2024-06-14,irrigation,0.7406731961895522
2024-06-14,irrigation_vpd,0.6461541030642809
2024-06-14,roof,0.22190258052918435
2024-06-14,roof_vpd,0.2481142594834812
2024-06-15,control,0.30369426852350156
2024-06-15,irrigation,0.6360084146943744
2024-06-15,irrigation_vpd,0.5203768459003228
2024-06-15,roof,0.2400077137442842
2024-06-15,roof_vpd,0.22025736610072455
2024-06-16,control,0.6118500118049846
2024-06-16,irrigation,1.3603906086964457
2024-06-16,irrigation_vpd,1.236264234369382
2024-06-16,roof,0.46098875757977054
2024-06-16,roof_vpd,0.45658646452626683
2024-06-17,control,0.6548667342479237
2024-06-17,irrigation,1.5243285129960837
2024-06-17,irrigation_vpd,1.3574484563001015
2024-06-17,roof,0.45296439785113785
2024-06-17,roof_vpd,0.4827442692772708
2024-06-18,control,0.6570778416544625
2024-06-18,irrigation,1.579486453329291
2024-06-18,irrigation_vpd,1.4281114729495323
2024-06-18,roof,0.4301418528948787
2024-06-18,roof_vpd,0.46844960539227526
2024-06-19,control,0.5752072795810292
2024-06-19,irrigation,1.4573321731930913
2024-06-19,irrigation_vpd,1.2916020866579794
2024-06-19,roof,0.36910877885521765
2024-06-19,roof_vpd,0.41083454700358985
2024-06-20,control,0.2803942245507375
2024-06-20,irrigation,0.6072356476985956
2024-06-20,irrigation_vpd,0.5035655891036694
2024-06-20,roof,0.18379757732430904
2024-06-20,roof_vpd,0.20550842908638475
2024-06-21,control,0.08194714528406874
2024-06-21,irrigation,0.1356471747262115
2024-06-21,irrigation_vpd,0.11911543818727785
2024-06-21,roof,0.07225862960429577
2024-06-21,roof_vpd,0.05433953914511296
2024-06-22,control,0.3404208967420751
2024-06-22,irrigation,0.5699015296646655
2024-06-22,irrigation_vpd,0.4785962762884287
2024-06-22,roof,0.28142146107820143
2024-06-22,roof_vpd,0.25563697801989793
2024-06-23,control,0.5735431619746398
2024-06-23,irrigation,1.1424991612231645
2024-06-23,irrigation_vpd,0.9962834857881285
2024-06-23,roof,0.4388162828684709
2024-06-23,roof_vpd,0.4507988253329424
2024-06-24,control,0.7235577973898745
2024-06-24,irrigation,1.4870072836955308
2024-06-24,irrigation_vpd,1.3364623102414024
2024-06-24,roof,0.5262201028233816
2024-06-24,roof_vpd,0.5121272861460382
2024-06-25,control,0.6605283535062934
2024-06-25,irrigation,1.375690808762489
2024-06-25,irrigation_vpd,1.278939950663988
2024-06-25,roof,0.465155738117202
2024-06-25,roof_vpd,0.46810135293541033
2024-06-26,control,0.5316774436328644
2024-06-26,irrigation,1.124157651863337
2024-06-26,irrigation_vpd,0.9731154757101168
2024-06-26,roof,0.358542629362678
2024-06-26,roof_vpd,0.3601082417555042
2024-06-27,control,0.6590330751954988
2024-06-27,irrigation,1.4502921982358448
2024-06-27,irrigation_vpd,1.340517094768898
2024-06-27,roof,0.40426152020884315
2024-06-27,roof_vpd,0.44885286819941117
2024-06-28,control,0.6131182126798759
2024-06-28,irrigation,1.432308856257033
2024-06-28,irrigation_vpd,1.3127714851800625
2024-06-28,roof,0.35806903461057593
2024-06-28,roof_vpd,0.4099088808441424
2024-06-29,control,0.4456455237465445
2024-06-29,irrigation,1.0245420558873723
2024-06-29,irrigation_vpd,0.9216734386968691
2024-06-29,roof,0.259981594811918
2024-06-29,roof_vpd,0.30023366108945104
2024-06-30,control,0.4607318936384274
2024-06-30,irrigation,1.0334642892710713
2024-06-30,irrigation_vpd,0.8863219852644483
2024-06-30,roof,0.27837677559328844
2024-06-30,roof_vpd,0.3063043465621481
2024-07-01,control,0.4453170707092882
2024-07-01,irrigation,1.0029023118406541
2024-07-01,irrigation_vpd,0.9232556901194658
2024-07-01,roof,0.28961962166268357
2024-07-01,roof_vpd,0.30152862029532324
2024-07-02,control,0.5225938623586064
2024-07-02,irrigation,1.26344933291777
2024-07-02,irrigation_vpd,1.1501320541257671
2024-07-02,roof,0.31640237135613025
2024-07-02,roof_vpd,0.3559114294663995
2024-07-03,control,0.3711767180975407
2024-07-03,irrigation,0.9072709169031672
2024-07-03,irrigation_vpd,0.8016357654447367
2024-07-03,roof,0.2275606251914224
2024-07-03,roof_vpd,0.26168637622656005
2024-07-04,control,0.44128180338008127
2024-07-04,irrigation,1.182841133046015
2024-07-04,irrigation_vpd,1.1543884559894182
2024-07-04,roof,0.2545630998777742
2024-07-04,roof_vpd,0.31366557325409955
2024-07-05,control,0.4002638127780653
2024-07-05,irrigation,1.093905943779058
2024-07-05,irrigation_vpd,1.0892441553749583
2024-07-05,roof,0.22057077003394265
2024-07-05,roof_vpd,0.28308553171378803
2024-07-06,control,0.2505010128227112
2024-07-06,irrigation,0.585613166510706
2024-07-06,irrigation_vpd,0.5438407211800718
2024-07-06,roof,0.15591648604119018
2024-07-06,roof_vpd,0.17471193135317833
2024-07-07,control,0.42107832450431426
2024-07-07,irrigation,0.9172264123227246
2024-07-07,irrigation_vpd,0.8123165802758868
2024-07-07,roof,0.29891958187805245
2024-07-07,roof_vpd,0.26390051305715767
2024-07-08,control,0.5988472436346215
2024-07-08,irrigation,1.2232337224612855
2024-07-08,irrigation_vpd,1.1633942745104477
2024-07-08,roof,0.38822259500921413
2024-07-08,roof_vpd,0.39394473232997296
2024-07-09,control,0.6135294168026598
2024-07-09,irrigation,1.2495776345079899
2024-07-09,irrigation_vpd,1.2038938429961525
2024-07-09,roof,0.3617835224834486
2024-07-09,roof_vpd,0.3998703258980213
2024-07-10,control,0.5147458713819328
2024-07-10,irrigation,1.0287836535340051
2024-07-10,irrigation_vpd,0.9600338793501746
2024-07-10,roof,0.2987084358458914
2024-07-10,roof_vpd,0.3290586283742251
2024-07-11,control,0.4493966925974673
2024-07-11,irrigation,0.9095236401906398
2024-07-11,irrigation_vpd,0.9105857042680383
2024-07-11,roof,0.2514488108328815
2024-07-11,roof_vpd,0.27840674693623846
2024-07-12,control,0.12429077560159264
2024-07-12,irrigation,0.18331435087680503
2024-07-12,irrigation_vpd,0.13923316584730186
2024-07-12,roof,0.08894811289855109
2024-07-12,roof_vpd,0.08089714405044082
2024-07-13,control,0.6457105093714925
2024-07-13,irrigation,1.1839283612669023
2024-07-13,irrigation_vpd,1.1093062581459836
2024-07-13,roof,0.4475474765366215
2024-07-13,roof_vpd,0.44089768676901786
2024-07-14,control,0.6034450823230513
2024-07-14,irrigation,1.122342967161343
2024-07-14,irrigation_vpd,1.0653156520983178
2024-07-14,roof,0.4076979242554401
2024-07-14,roof_vpd,0.39690301216454205
2024-07-15,control,0.6209553104920396
2024-07-15,irrigation,1.1212180568431698
2024-07-15,irrigation_vpd,1.0981195120785137
2024-07-15,roof,0.377859153995196
2024-07-15,roof_vpd,0.39224043122151964
2024-07-16,control,0.623879912868189
2024-07-16,irrigation,1.1119601146742137
2024-07-16,irrigation_vpd,1.036051074348413
2024-07-16,roof,0.4458999888339965
2024-07-16,roof_vpd,0.40954054685293706
2024-07-17,control,0.7097157614651849
2024-07-17,irrigation,1.2358645517832008
2024-07-17,irrigation_vpd,1.1642727029667157
2024-07-17,roof,0.49978491477229436
2024-07-17,roof_vpd,0.4689519539160271
2024-07-18,control,0.7384245034609574
2024-07-18,irrigation,1.228407332158696
2024-07-18,irrigation_vpd,1.1874679097445375
2024-07-18,roof,0.48302207897177857
2024-07-18,roof_vpd,0.47861073221803696
2024-07-19,control,0.7044443679742926
2024-07-19,irrigation,1.1276096311186485
2024-07-19,irrigation_vpd,1.109268668873355
2024-07-19,roof,0.43991927039781414
2024-07-19,roof_vpd,0.45189917307297695
2024-07-20,control,0.6906184506471184
2024-07-20,irrigation,1.0583311668720474
2024-07-20,irrigation_vpd,1.0920926846399197
2024-07-20,roof,0.38322658411451077
2024-07-20,roof_vpd,0.4328384110745371
2024-07-21,control,0.3704427202855744
2024-07-21,irrigation,0.5793707691027665
2024-07-21,irrigation_vpd,0.5457230040219533
2024-07-21,roof,0.23615914524561846
2024-07-21,roof_vpd,0.22390457233557945
2024-07-22,control,0.6539068045572181
2024-07-22,irrigation,1.0001411292783784
2024-07-22,irrigation_vpd,0.9867083308723485
2024-07-22,roof,0.37262245632366753
2024-07-22,roof_vpd,0.38331331107502215
2024-07-23,control,0.5871100543727837
2024-07-23,irrigation,0.8735009363734618
2024-07-23,irrigation_vpd,0.9179509519556579
2024-07-23,roof,0.3149069103852578
2024-07-23,roof_vpd,0.34021019259950297
2024-07-24,control,0.5747864111387874
2024-07-24,irrigation,0.8763888496969349
2024-07-24,irrigation_vpd,0.9638674179997803
2024-07-24,roof,0.29466625417101017
2024-07-24,roof_vpd,0.33656514580450103
2024-07-25,control,0.4926903428956806
2024-07-25,irrigation,0.988843095717383
2024-07-25,irrigation_vpd,0.9764461513998578
2024-07-25,roof,0.24212932619785438
2024-07-25,roof_vpd,0.283146528979208
2024-07-26,control,0.43837449798162936
2024-07-26,irrigation,1.0699478372480908
2024-07-26,irrigation_vpd,1.0640346447402909
2024-07-26,roof,0.20982212317127805
2024-07-26,roof_vpd,0.2572193167587445
2024-07-27,control,0.3892431238459042
2024-07-27,irrigation,1.1282204348149711
2024-07-27,irrigation_vpd,1.0670054554021486
2024-07-27,roof,0.19161224370068813
2024-07-27,roof_vpd,0.22930769721051264
2024-07-28,control,0.3737714435874732
2024-07-28,irrigation,1.2114952854803336
2024-07-28,irrigation_vpd,1.146157135333855
2024-07-28,roof,0.18719042858162666
2024-07-28,roof_vpd,0.22868135160697287
2024-07-29,control,0.34490939573641793
2024-07-29,irrigation,1.2621337859552717
2024-07-29,irrigation_vpd,1.1822938225436284
2024-07-29,roof,0.17204622635560674
2024-07-29,roof_vpd,0.21277381470798173
2024-07-30,control,0.33066229282613285
2024-07-30,irrigation,1.3267005811778783
2024-07-30,irrigation_vpd,1.2083040401389327
2024-07-30,roof,0.16661442404676421
2024-07-30,roof_vpd,0.20622159627239336
2024-07-31,control,0.2731925740684642
2024-07-31,irrigation,1.0914255194300924
2024-07-31,irrigation_vpd,0.9941314704234508
2024-07-31,roof,0.1457005203752932
2024-07-31,roof_vpd,0.17346007935669194
2024-08-01,control,0.2135621313401516
2024-08-01,irrigation,0.7978417397990367
2024-08-01,irrigation_vpd,0.7067795032706348
2024-08-01,roof,0.1280240617279086
2024-08-01,roof_vpd,0.1287562718991972
2024-08-02,control,0.27818239960553326
2024-08-02,irrigation,1.1083202718062535
2024-08-02,irrigation_vpd,0.9777640116180911
2024-08-02,roof,0.15615721355154186
2024-08-02,roof_vpd,0.16436010348350658
2024-08-03,control,0.3112709073077054
2024-08-03,irrigation,1.2771544945919198
2024-08-03,irrigation_vpd,1.16556464465737
2024-08-03,roof,0.1747885200097453
2024-08-03,roof_vpd,0.19450084330893963
2024-08-04,control,0.306380738023259
2024-08-04,irrigation,1.3563607158539224
2024-08-04,irrigation_vpd,1.2695876042593237
2024-08-04,roof,0.17344318085859092
2024-08-04,roof_vpd,0.19697057657097145
2024-08-05,control,0.2727061435512699
2024-08-05,irrigation,1.356015017027528
2024-08-05,irrigation_vpd,1.2206992226049167
2024-08-05,roof,0.14485052687922936
2024-08-05,roof_vpd,0.1708884554265886
2024-08-06,control,0.2612787815817679
2024-08-06,irrigation,1.4093319535649074
2024-08-06,irrigation_vpd,1.2990381075853819
2024-08-06,roof,0.13511860459321737
2024-08-06,roof_vpd,0.1658272704745514
2024-08-07,control,0.23871234549652548
2024-08-07,irrigation,1.2216528332615086
2024-08-07,irrigation_vpd,1.0879218568030422
2024-08-07,roof,0.13513396368552652
2024-08-07,roof_vpd,0.15207162170413016
2024-08-08,control,0.23015469286383683
2024-08-08,irrigation,1.3052733852301093
2024-08-08,irrigation_vpd,1.1903200426338016
2024-08-08,roof,0.12350065232489546
2024-08-08,roof_vpd,0.14746297443940473
2024-08-09,control,0.2201568716935118
2024-08-09,irrigation,1.3307176648871772
2024-08-09,irrigation_vpd,1.240370557535544
2024-08-09,roof,0.1355718809441962
2024-08-09,roof_vpd,0.14469077367390437
2024-08-10,control,0.21369625493451339
2024-08-10,irrigation,1.3442072704017722
2024-08-10,irrigation_vpd,1.2337316448204951
2024-08-10,roof,0.12619082561224018
2024-08-10,roof_vpd,0.13725619880225176
2024-08-11,control,0.2132661441979036
2024-08-11,irrigation,1.4022678273587956
2024-08-11,irrigation_vpd,1.2798885401084539
2024-08-11,roof,0.12852042987994075
2024-08-11,roof_vpd,0.13640084747430184
2024-08-12,control,0.19403135497189217
2024-08-12,irrigation,1.139348311413286
2024-08-12,irrigation_vpd,1.0881234342484345
2024-08-12,roof,0.11888986477154276
2024-08-12,roof_vpd,0.12669745632749316
2024-08-13,control,0.19451859414637152
2024-08-13,irrigation,1.2402194281403565
2024-08-13,irrigation_vpd,1.1462662842064868
2024-08-13,roof,0.12175967681468952
2024-08-13,roof_vpd,0.12264716741746688
2024-08-14,control,0.16362632345455405
2024-08-14,irrigation,0.9711225143648973
2024-08-14,irrigation_vpd,0.8858949834909177
2024-08-14,roof,0.12242053646241659
2024-08-14,roof_vpd,0.10825942246468273
2024-08-15,control,0.18117042172104453
2024-08-15,irrigation,1.1615964074348921
2024-08-15,irrigation_vpd,1.0432145219891704
2024-08-15,roof,0.1078889782442151
2024-08-15,roof_vpd,0.11577546594842422
2024-08-16,control,0.18925550949700204
2024-08-16,irrigation,1.3095572815724061
2024-08-16,irrigation_vpd,1.177463811214392
2024-08-16,roof,0.12269999189967355
2024-08-16,roof_vpd,0.11992816354578599
2024-08-17,control,0.07749079230061354
2024-08-17,irrigation,0.11921992028990203
2024-08-17,irrigation_vpd,0.09834340444157537
2024-08-17,roof,0.04114166315704415
2024-08-17,roof_vpd,0.04575462694334631
2024-08-18,control,0.2303002174233867
2024-08-18,irrigation,0.6545116858375929
2024-08-18,irrigation_vpd,0.4912773161741691
2024-08-18,roof,0.17610897466367387
2024-08-18,roof_vpd,0.12609549982796886
2024-08-19,control,0.4817387326847695
2024-08-19,irrigation,1.2437112747093064
2024-08-19,irrigation_vpd,1.1178275730680989
2024-08-19,roof,0.35494810744427935
2024-08-19,roof_vpd,0.2953041309183181
2024-08-20,control,0.5030148533233119
2024-08-20,irrigation,1.2821260148911324
2024-08-20,irrigation_vpd,1.1532971315141758
2024-08-20,roof,0.34728105865620684
2024-08-20,roof_vpd,0.3069905238826944
2024-08-21,control,0.4947303750632471
2024-08-21,irrigation,1.2776947858555967
2024-08-21,irrigation_vpd,1.1402599086571068
2024-08-21,roof,0.3321197882349253
2024-08-21,roof_vpd,0.3010045431626502
2024-08-22,control,0.45815746966490994
2024-08-22,irrigation,1.2501693762701052
2024-08-22,irrigation_vpd,1.1340902906348878
2024-08-22,roof,0.28776470068423077
2024-08-22,roof_vpd,0.2842226338128128
2024-08-23,control,0.4507058636111034
2024-08-23,irrigation,1.3332423308333405
2024-08-23,irrigation_vpd,1.2286485916470495
2024-08-23,roof,0.25966691281812887
2024-08-23,roof_vpd,0.2702744219351241
2024-08-24,control,0.4398323208480461
2024-08-24,irrigation,1.3889984016279222
2024-08-24,irrigation_vpd,1.3067529713555224
2024-08-24,roof,0.23002101731184005
2024-08-24,roof_vpd,0.25206685533879764
2024-08-25,control,0.3167052616835456
2024-08-25,irrigation,0.867310780006754
2024-08-25,irrigation_vpd,0.7167070351351642
2024-08-25,roof,0.1917582059347893
2024-08-25,roof_vpd,0.16807242706208284
2024-08-26,control,0.3698449978846502
2024-08-26,irrigation,1.1484879063083209
2024-08-26,irrigation_vpd,0.9779400542460057
2024-08-26,roof,0.20447239389703073
2024-08-26,roof_vpd,0.2068870345048558
2024-08-27,control,0.3703298611210795
2024-08-27,irrigation,1.292578465977015
2024-08-27,irrigation_vpd,1.1779242515859032
2024-08-27,roof,0.1881844542659518
2024-08-27,roof_vpd,0.21111563530525046
2024-08-28,control,0.3369883585194594
2024-08-28,irrigation,1.345384355071388
2024-08-28,irrigation_vpd,1.2368071352388084
2024-08-28,roof,0.16488735386860434
2024-08-28,roof_vpd,0.19069854438454772
2024-08-29,control,0.2935657362739661
2024-08-29,irrigation,1.2862527230864018
2024-08-29,irrigation_vpd,1.1708685235828262
2024-08-29,roof,0.14507208053275591
2024-08-29,roof_vpd,0.16739310833253562
2024-08-30,control,0.27556474796024555
2024-08-30,irrigation,1.318400568960235
2024-08-30,irrigation_vpd,1.2090362722717445
2024-08-30,roof,0.13724477807369834
2024-08-30,roof_vpd,0.1595636351406119
2024-08-31,control,0.2510324073981219
2024-08-31,irrigation,1.288142572354234
2024-08-31,irrigation_vpd,1.1933715002141816
2024-08-31,roof,0.12935911056744592
2024-08-31,roof_vpd,0.14965962551335354
2024-09-01,control,0.22082545345240023
2024-09-01,irrigation,1.2337274393668227
2024-09-01,irrigation_vpd,1.1523819562268516
2024-09-01,roof,0.11464398998682729
2024-09-01,roof_vpd,0.13206506013444486
2024-09-02,control,0.18153919865609056
2024-09-02,irrigation,0.982703617477271
2024-09-02,irrigation_vpd,0.8012715299251187
2024-09-02,roof,0.11588262032902981
2024-09-02,roof_vpd,0.10610118369670068
2024-09-03,control,0.19210935130065132
2024-09-03,irrigation,1.1701071669377672
2024-09-03,irrigation_vpd,0.99494018844409
2024-09-03,roof,0.10921305267939663
2024-09-03,roof_vpd,0.11901721147011257
2024-09-04,control,0.15240385768153247
2024-09-04,irrigation,0.8051508108518246
2024-09-04,irrigation_vpd,0.7000221608481316
2024-09-04,roof,0.10283364147995995
2024-09-04,roof_vpd,0.0931799297099726
2024-09-05,control,0.14224160122953083
2024-09-05,irrigation,0.49052217427537465
2024-09-05,irrigation_vpd,0.44414654061474856
2024-09-05,roof,0.09939563942838613
2024-09-05,roof_vpd,0.08734362322073577
2024-09-06,control,0.38561556369581473
2024-09-06,irrigation,1.202998937547296
2024-09-06,irrigation_vpd,1.09794287274578
2024-09-06,roof,0.24164842893551694
2024-09-06,roof_vpd,0.20833860851868446
2024-09-07,control,0.3726685182889264
2024-09-07,irrigation,1.3014124681223351
2024-09-07,irrigation_vpd,1.1819283096294115
2024-09-07,roof,0.22751897318429193
2024-09-07,roof_vpd,0.20675807691225923
2024-09-08,control,0.1135869999339934
2024-09-08,irrigation,0.2887698953290663
2024-09-08,irrigation_vpd,0.23773232556260648
2024-09-08,roof,0.07438620416467814
2024-09-08,roof_vpd,0.06742201598455903
2024-09-09,control,0.09460559146296435
2024-09-09,irrigation,0.14758785522515117
2024-09-09,irrigation_vpd,0.14737085076757697
2024-09-09,roof,0.0677147128681719
2024-09-09,roof_vpd,0.05643281031094657
2024-09-10,control,0.48098783168044956
2024-09-10,irrigation,1.1141419291955394
2024-09-10,irrigation_vpd,0.9950318780019208
2024-09-10,roof,0.35607112391808027
2024-09-10,roof_vpd,0.30274596133451137
2024-09-11,control,0.2774826432698597
2024-09-11,irrigation,0.6462430696383028
2024-09-11,irrigation_vpd,0.5947394209519111
2024-09-11,roof,0.2203894735106316
2024-09-11,roof_vpd,0.20461550073577567
2024-09-12,control,0.3849440102757949
2024-09-12,irrigation,1.006187054257251
2024-09-12,irrigation_vpd,0.8345457755901501
2024-09-12,roof,0.29170120794463594
2024-09-12,roof_vpd,0.25048547783895436
2024-09-13,control,0.2563584616290664
2024-09-13,irrigation,0.7589817817343558
2024-09-13,irrigation_vpd,0.5993997486519623
2024-09-13,roof,0.19183256021083428
2024-09-13,roof_vpd,0.15955096603925983
2024-09-14,control,0.3407049133575507
2024-09-14,irrigation,0.9263816957521354
2024-09-14,irrigation_vpd,0.7504338130032068
2024-09-14,roof,0.24163928436885185
2024-09-14,roof_vpd,0.21656622643926848
2024-09-15,control,0.37386816664136874
2024-09-15,irrigation,0.9512373655053018
2024-09-15,irrigation_vpd,0.817423821762911
2024-09-15,roof,0.2594161427514237
2024-09-15,roof_vpd,0.23604140379072713
2024-09-16,control,0.26403153050498557
2024-09-16,irrigation,0.6888936029619472
2024-09-16,irrigation_vpd,0.57966491581012
2024-09-16,roof,0.1771989424348196
2024-09-16,roof_vpd,0.17585513218925736
2024-09-17,control,0.39076836049659613
2024-09-17,irrigation,0.9879554069941787
2024-09-17,irrigation_vpd,0.8580938366197794
2024-09-17,roof,0.2499044265087314
2024-09-17,roof_vpd,0.2477447259676774
2024-09-18,control,0.3721768115905977
2024-09-18,irrigation,0.9445704452501196
2024-09-18,irrigation_vpd,0.8362630347541272
2024-09-18,roof,0.2293866311524938
2024-09-18,roof_vpd,0.22903861420846802
2024-09-19,control,0.3379619689202488
2024-09-19,irrigation,0.8635688278146975
2024-09-19,irrigation_vpd,0.7638683551268681
2024-09-19,roof,0.1971637727979258
2024-09-19,roof_vpd,0.2091861826212289
2024-09-20,control,0.3877090083062644
2024-09-20,irrigation,1.0482538317767145
2024-09-20,irrigation_vpd,0.9083637679499158
2024-09-20,roof,0.21396374199058785
2024-09-20,roof_vpd,0.22851940789403216
2024-09-21,control,0.4188352614932384
2024-09-21,irrigation,1.1788069278523265
2024-09-21,irrigation_vpd,1.0254042768453369
2024-09-21,roof,0.21759941202615485
2024-09-21,roof_vpd,0.23031542119869716
2024-09-22,control,0.33443590479734037
2024-09-22,irrigation,1.0119290671136747
2024-09-22,irrigation_vpd,0.8515311371811807
2024-09-22,roof,0.17330048457372046
2024-09-22,roof_vpd,0.18063025959674167
2024-09-23,control,0.06538485462477654
2024-09-23,irrigation,0.09611885475963666
2024-09-23,irrigation_vpd,0.08972731030259844
2024-09-23,roof,0.04098906819995953
2024-09-23,roof_vpd,0.03570182706358578
2024-09-24,control,0.31004145114869813
2024-09-24,irrigation,0.7960888522505414
2024-09-24,irrigation_vpd,0.6700366044055196
2024-09-24,roof,0.16383328396346256
2024-09-24,roof_vpd,0.15829251730498636
2024-09-25,control,0.31873095160279563
2024-09-25,irrigation,0.8500690177593605
2024-09-25,irrigation_vpd,0.7678023641734213
2024-09-25,roof,0.16556441394098742
2024-09-25,roof_vpd,0.16841341668297508
2024-09-26,control,0.049458163936027096
2024-09-26,irrigation,0.05218689172559531
2024-09-26,irrigation_vpd,0.053628640381235874
2024-09-26,roof,0.03826526773802813
2024-09-26,roof_vpd,0.03278896533059823
2024-09-27,control,0.28457549415975
2024-09-27,irrigation,0.5158172924273026
2024-09-27,irrigation_vpd,0.4811701074751777
2024-09-27,roof,0.19760134155693634
2024-09-27,roof_vpd,0.18268587822584115
2024-09-28,control,0.2785897251350684
2024-09-28,irrigation,0.5047404223699906
2024-09-28,irrigation_vpd,0.4682401174752986
2024-09-28,roof,0.20798752050642672
2024-09-28,roof_vpd,0.18730197752155484
2024-09-29,control,0.4457045832846491
2024-09-29,irrigation,0.7827189692858085
2024-09-29,irrigation_vpd,0.7218601967673841
2024-09-29,roof,0.3211141804667547
2024-09-29,roof_vpd,0.3064031560133828
2024-09-30,control,0.48476043880740516
2024-09-30,irrigation,0.9825213293755278
2024-09-30,irrigation_vpd,0.880541950502555
2024-09-30,roof,0.36293181032908944
2024-09-30,roof_vpd,0.35454422083803544
2024-10-01,control,0.04347770371691931
2024-10-01,irrigation,0.09079211698116799
2024-10-01,irrigation_vpd,0.07318032817333843
2024-10-01,roof,0.03089387007274452
2024-10-01,roof_vpd,0.025221301076371563
2024-10-02,control,0.4337567321942542
2024-10-02,irrigation,0.7397065971750176
2024-10-02,irrigation_vpd,0.552443337052899
2024-10-02,roof,0.33765681672696124
2024-10-02,roof_vpd,0.2862375032318597
2024-10-03,control,0.1947183731264747
2024-10-03,irrigation,0.3279235278633477
2024-10-03,irrigation_vpd,0.3218718063775016
2024-10-03,roof,0.1456900979783325
2024-10-03,roof_vpd,0.13702851360011706
2024-10-04,control,0.38796074300028205
2024-10-04,irrigation,0.6884553394431123
2024-10-04,irrigation_vpd,0.5480515014447972
2024-10-04,roof,0.33508444838839446
2024-10-04,roof_vpd,0.23679750887599052
2024-10-05,control,0.4441471088433444
2024-10-05,irrigation,0.727439671269069
2024-10-05,irrigation_vpd,0.6814579774637737
2024-10-05,roof,0.38051197076238574
2024-10-05,roof_vpd,0.30022598425996616
2024-10-06,control,0.2500523319366695
2024-10-06,irrigation,0.38451075169566284
2024-10-06,irrigation_vpd,0.3990643180225191
2024-10-06,roof,0.20099651841078386
2024-10-06,roof_vpd,0.17712081553255699
2024-10-07,control,0.4571169503940449
2024-10-07,irrigation,0.8225052232041449
2024-10-07,irrigation_vpd,0.7219309599209
2024-10-07,roof,0.38790523369682184
2024-10-07,roof_vpd,0.3309640213912528
2024-10-08,control,0.05832184639941032
2024-10-08,irrigation,0.10720524753031116
2024-10-08,irrigation_vpd,0.08271889265557597
2024-10-08,roof,0.04098021580669905
2024-10-08,roof_vpd,0.03348666441959441
2024-10-09,control,0.4039128553795097
2024-10-09,irrigation,0.6605524145722631
2024-10-09,irrigation_vpd,0.5854103635672758
2024-10-09,roof,0.32190878773991843
2024-10-09,roof_vpd,0.28547823455957844
2024-10-10,control,0.4359604316028004
2024-10-10,irrigation,0.7209874276478714
2024-10-10,irrigation_vpd,0.5848135282283995
2024-10-10,roof,0.4040012448958487
2024-10-10,roof_vpd,0.28443705811670456
2024-10-11,control,0.45953586295151294
2024-10-11,irrigation,0.7106192572877192
2024-10-11,irrigation_vpd,0.6314302758979177
2024-10-11,roof,0.40580652058514577
2024-10-11,roof_vpd,0.32861127944201735
2024-10-12,control,0.36304516731629183
2024-10-12,irrigation,0.5120083990179156
2024-10-12,irrigation_vpd,0.5479808194018542
2024-10-12,roof,0.2922134817973408
2024-10-12,roof_vpd,0.25776903446981664
2024-10-13,control,0.036879078465338416
2024-10-13,irrigation,0.04733262155944317
2024-10-13,irrigation_vpd,0.05088430455693723
2024-10-13,roof,0.025384376424041722
2024-10-13,roof_vpd,0.01849302515238981
2024-10-14,control,0.0338967325249475
2024-10-14,irrigation,0.03450996138883149
2024-10-14,irrigation_vpd,0.049420831476352754
2024-10-14,roof,0.025141635276478093
2024-10-14,roof_vpd,0.011404746100602282
2024-10-15,control,0.2301006970766716
2024-10-15,irrigation,0.29352671123196716
2024-10-15,irrigation_vpd,0.2955321488360828
2024-10-15,roof,0.20716792095952793
2024-10-15,roof_vpd,0.17802522359068568
2024-10-16,control,0.5690386860923458
2024-10-16,irrigation,0.8681180772557469
2024-10-16,irrigation_vpd,0.770158280748835
2024-10-16,roof,0.5015966187084054
2024-10-16,roof_vpd,0.4163316526146915
2024-10-17,control,0.5551382592120593
2024-10-17,irrigation,0.9096720624568375
2024-10-17,irrigation_vpd,0.719446306090358
2024-10-17,roof,0.45181696789554726
2024-10-17,roof_vpd,0.4071746444591413
2024-10-18,control,0.1393071037298951
2024-10-18,irrigation,0.1867000658481032
2024-10-18,irrigation_vpd,0.15909250897345292
2024-10-18,roof,0.11281955720043918
2024-10-18,roof_vpd,0.09081318305474702
2024-10-19,control,0.18648946432314153
2024-10-19,irrigation,0.23793683653152203
2024-10-19,irrigation_vpd,0.25366604686074057
2024-10-19,roof,0.16764574465057336
2024-10-19,roof_vpd,0.12351266978554074
2024-10-20,control,0.3701915310933177
2024-10-20,irrigation,0.5039385921233568
2024-10-20,irrigation_vpd,0.5241465022200986
2024-10-20,roof,0.3756727134206597
2024-10-20,roof_vpd,0.27742179299247516
2024-10-21,control,0.42151928416130435
2024-10-21,irrigation,0.587709457169895
2024-10-21,irrigation_vpd,0.5985999237718049
2024-10-21,roof,0.4344261149485801
2024-10-21,roof_vpd,0.3258203083049664
2024-10-22,control,0.31982347134961836
2024-10-22,irrigation,0.400762186346085
2024-10-22,irrigation_vpd,0.42855049100545567
2024-10-22,roof,0.301573891589619
2024-10-22,roof_vpd,0.2261866734718069
2024-10-23,control,0.2657655809289043
2024-10-23,irrigation,0.3402850427142142
2024-10-23,irrigation_vpd,0.3310793164142773
2024-10-23,roof,0.2280351249547816
2024-10-23,roof_vpd,0.17681938326820246
2024-10-24,control,0.42258729185261584
2024-10-24,irrigation,0.6077438839712357
2024-10-24,irrigation_vpd,0.5945179203824955
2024-10-24,roof,0.41697389320834743
2024-10-24,roof_vpd,0.3152968360573263
2024-10-25,control,0.41798997006080574
2024-10-25,irrigation,0.5902366250566821
2024-10-25,irrigation_vpd,0.5519093578325288
2024-10-25,roof,0.40744400019889093
2024-10-25,roof_vpd,0.3301607400897274
2024-10-26,control,0.4167520249833937
2024-10-26,irrigation,0.6478628993795086
2024-10-26,irrigation_vpd,0.5498737094682649
2024-10-26,roof,0.3765082950501886
2024-10-26,roof_vpd,0.30360967494860724
2024-10-27,control,0.3302787733883622
2024-10-27,irrigation,0.5083824746401592
2024-10-27,irrigation_vpd,0.43474651093958955
2024-10-27,roof,0.3098510569584204
2024-10-27,roof_vpd,0.23939387279705593
2024-10-28,control,0.2724342392010643
2024-10-28,irrigation,0.3631966235762124
2024-10-28,irrigation_vpd,0.3996670506779183
2024-10-28,roof,0.2694111837917411
2024-10-28,roof_vpd,0.2083644537287163
2024-10-29,control,0.24863956046271524
2024-10-29,irrigation,0.32160551244142027
2024-10-29,irrigation_vpd,0.3701135827739657
2024-10-29,roof,0.23888838917647745
2024-10-29,roof_vpd,0.1867521975645392
2024-10-30,control,0.2494509375417798
2024-10-30,irrigation,0.320361975496064
2024-10-30,irrigation_vpd,0.3656827558915126
2024-10-30,roof,0.2423231697881966
2024-10-30,roof_vpd,0.18393486293037314
2024-10-31,control,0.2546679632162801
2024-10-31,irrigation,0.35034402464407594
2024-10-31,irrigation_vpd,0.3904787326610751
2024-10-31,roof,0.2437900646470008
2024-10-31,roof_vpd,0.1910156352750223
2024-11-01,control,0.2267123750554063
2024-11-01,irrigation,0.31879607150474426
2024-11-01,irrigation_vpd,0.3560519202131643
2024-11-01,roof,0.2226466183612703
2024-11-01,roof_vpd,0.17624350609025755
2024-11-02,control,0.20208689408240096
2024-11-02,irrigation,0.2739338483264548
2024-11-02,irrigation_vpd,0.30632243301982304
2024-11-02,roof,0.19309653010762678
2024-11-02,roof_vpd,0.15186067137386358
2024-11-03,control,0.19267753524758435
2024-11-03,irrigation,0.2659072069920059
2024-11-03,irrigation_vpd,0.29074551475449584
2024-11-03,roof,0.18736016612304945
2024-11-03,roof_vpd,0.12872957520547762
2024-11-04,control,0.21314762222030256
2024-11-04,irrigation,0.29739647030733896
2024-11-04,irrigation_vpd,0.3350922303534682
2024-11-04,roof,0.19368262289627003
2024-11-04,roof_vpd,0.14942168620295432
2024-11-05,control,0.18905952668311565
2024-11-05,irrigation,0.2727762930435895
2024-11-05,irrigation_vpd,0.3007083484121615
2024-11-05,roof,0.17395097844217564
2024-11-05,roof_vpd,0.1365373806950396
2024-11-06,control,0.1879185974686382
2024-11-06,irrigation,0.26846630141380246
2024-11-06,irrigation_vpd,0.2873598035587093
2024-11-06,roof,0.17151154396788093
2024-11-06,roof_vpd,0.13751052096814018
2024-11-07,control,0.16987803275041427
2024-11-07,irrigation,0.23188547120169503
2024-11-07,irrigation_vpd,0.26845075928269274
2024-11-07,roof,0.151445609251886
2024-11-07,roof_vpd,0.11845656704114114
2024-11-08,control,0.1638878324997302
2024-11-08,irrigation,0.21878954199425332
2024-11-08,irrigation_vpd,0.25318206348247485
2024-11-08,roof,0.13403239268820827
2024-11-08,roof_vpd,0.09533908900913236
2024-11-09,control,0.18706427440223145
2024-11-09,irrigation,0.27593131883122207
2024-11-09,irrigation_vpd,0.292918972283487
2024-11-09,roof,0.15186545217589267
2024-11-09,roof_vpd,0.11117771423343957
2024-11-10,control,0.1395217262873976
2024-11-10,irrigation,0.185944214491782
2024-11-10,irrigation_vpd,0.21679964102242183
2024-11-10,roof,0.11422883573834919
2024-11-10,roof_vpd,0.07946767740056652
2024-11-11,control,0.06768699696839368
2024-11-11,irrigation,0.08438095622180243
2024-11-11,irrigation_vpd,0.1010320045188343
2024-11-11,roof,0.06642260626704026
2024-11-11,roof_vpd,0.035279866798618456
2024-11-12,control,0.15208775653000886
2024-11-12,irrigation,0.26476839880894115
2024-11-12,irrigation_vpd,0.2395527622187788
2024-11-12,roof,0.1771903407385962
2024-11-12,roof_vpd,0.1167698628379168
2024-11-13,control,0.13094378512573054
2024-11-13,irrigation,0.20595014359519684
2024-11-13,irrigation_vpd,0.23279239924300207
2024-11-13,roof,0.13324827105205908
2024-11-13,roof_vpd,0.10803635459333708
2024-11-14,control,0.10022278892156708
2024-11-14,irrigation,0.15197788143504656
2024-11-14,irrigation_vpd,0.15704858516474896
2024-11-14,roof,0.09413475361112322
2024-11-14,roof_vpd,0.056806097163478085
2024-11-15,control,0.08893516543222804
2024-11-15,irrigation,0.1292087445094439
2024-11-15,irrigation_vpd,0.15381294784481295
2024-11-15,roof,0.09470302766318926
2024-11-15,roof_vpd,0.05120033127463476
2024-11-16,control,0.11084630014663704
2024-11-16,irrigation,0.16100710145756061
2024-11-16,irrigation_vpd,0.18612240020190762
2024-11-16,roof,0.12486894822240177
2024-11-16,roof_vpd,0.06576305469082479
2024-11-17,control,0.09491465448178596
2024-11-17,irrigation,0.14746790841261942
2024-11-17,irrigation_vpd,0.16025339596462568
2024-11-17,roof,0.09957756234750467
2024-11-17,roof_vpd,0.06572196118880645
2024-11-18,control,0.15067514675477606
2024-11-18,irrigation,0.22113248258243784
2024-11-18,irrigation_vpd,0.22452131342973375
2024-11-18,roof,0.14066491661906647
2024-11-18,roof_vpd,0.10295250387090325
2024-11-19,control,0.03778806943003294
2024-11-19,irrigation,0.06815739966770937
2024-11-19,irrigation_vpd,0.0534646993400418
2024-11-19,roof,0.039269329694157425
2024-11-19,roof_vpd,0.015348946978934812
2024-11-20,control,0.14975025098542383
2024-11-20,irrigation,0.2383301502021353
2024-11-20,irrigation_vpd,0.23391337768494327
2024-11-20,roof,0.1485178777963026
2024-11-20,roof_vpd,0.09494010844802814
2024-11-21,control,0.022003913495308454
2024-11-21,irrigation,0.03213792317899962
2024-11-21,irrigation_vpd,0.04179959882385239
2024-11-21,roof,0.025593241076399147
2024-11-21,roof_vpd,0.009381707584179493
2024-11-22,control,0.025886260167411367
2024-11-22,irrigation,0.028303402463977386
2024-11-22,irrigation_vpd,0.04460992640092187
2024-11-22,roof,0.028150821456148105
2024-11-22,roof_vpd,0.00884541931879191
2024-11-23,control,0.025254574637579782
2024-11-23,irrigation,0.046167902568346755
2024-11-23,irrigation_vpd,0.04239761930912605
2024-11-23,roof,0.029455882535334876
2024-11-23,roof_vpd,0.007918563143401471
2024-11-24,control,0.043050430133595316
2024-11-24,irrigation,0.05537825383645581
2024-11-24,irrigation_vpd,0.06774508068013313
2024-11-24,roof,0.04627477320408217
2024-11-24,roof_vpd,0.016505741672308238
2024-11-25,control,0.13470516503175498
2024-11-25,irrigation,0.1939437594399797
2024-11-25,irrigation_vpd,0.16069258104731757
2024-11-25,roof,0.12400767864961418
2024-11-25,roof_vpd,0.08342345330892528
2024-11-26,control,0.036462335862054496
2024-11-26,irrigation,0.05954548221604965
2024-11-26,irrigation_vpd,0.05170930921638546
2024-11-26,roof,0.031138343740544274
2024-11-26,roof_vpd,0.020125109778644353
2024-11-27,control,0.026010694107219026
2024-11-27,irrigation,0.038237288341357104
2024-11-27,irrigation_vpd,0.05214184244610204
2024-11-27,roof,0.03015350648826836
2024-11-27,roof_vpd,0.006360526679836047
2024-11-28,control,0.026150093385345644
2024-11-28,irrigation,0.04533047448088028
2024-11-28,irrigation_vpd,0.05257472599600899
2024-11-28,roof,0.03350533025204503
2024-11-28,roof_vpd,0.0046778131968074075
2024-11-29,control,0.028175242274760735
2024-11-29,irrigation,0.03453484495575406
2024-11-29,irrigation_vpd,0.05680454638251771
2024-11-29,roof,0.02476439802723435
2024-11-29,roof_vpd,0.009173418736749265
2024-11-30,control,0.021314959424120414
2024-11-30,irrigation,0.025461441526810437
2024-11-30,irrigation_vpd,0.043981440853325296
2024-11-30,roof,0.01707034114280694
2024-11-30,roof_vpd,0.010089105867025319
2024-12-01,control,0.01898842029610681
2024-12-01,irrigation,0.05931995954796876
2024-12-02,control,0.12602619930294576
2024-12-02,irrigation,0.1917710947713876
2024-12-02,irrigation_vpd,0.2111741781639512
2024-12-02,roof_vpd,0.07633054153830458
2024-12-03,control,0.08104908161553483
2024-12-03,irrigation,0.11295253994718149
2024-12-03,irrigation_vpd,0.11424009317333127
2024-12-03,roof,0.09242628151952746
2024-12-03,roof_vpd,0.049394871759862284
2024-12-04,control,0.0675496166378733
2024-12-04,irrigation,0.09177628336053714
2024-12-04,irrigation_vpd,0.10006233688572087
2024-12-04,roof,0.0728353548929399
2024-12-04,roof_vpd,0.03834364782390509
2024-12-05,control,0.065951488739626
2024-12-05,irrigation,0.12186501805390501
2024-12-05,irrigation_vpd,0.09601854836194018
2024-12-05,roof,0.06395484875180499
2024-12-05,roof_vpd,0.03197122375112621
2024-12-06,control,0.09250371052848469
2024-12-06,irrigation,0.13535205183570076
2024-12-06,irrigation_vpd,0.12307450472407053
2024-12-06,roof,0.09540316563839432
2024-12-06,roof_vpd,0.0591653800899741
2024-12-07,control,0.10860823335197257
2024-12-07,irrigation,0.1597366806722949
2024-12-07,irrigation_vpd,0.17110652553407543
2024-12-07,roof,0.11182416394950176
2024-12-07,roof_vpd,0.07486757844979433
2024-12-08,control,0.04924568507119181
2024-12-08,irrigation,0.05872371739116583
2024-12-08,irrigation_vpd,0.059768339093319356
2024-12-08,roof,0.048127161076125226
2024-12-08,roof_vpd,0.023407237085160695
2024-12-09,control,0.030308653909586796
2024-12-09,irrigation,0.02953059418172923
2024-12-09,irrigation_vpd,0.05408872128371774
2024-12-09,roof,0.025566692115880967
2024-12-09,roof_vpd,0.00949113058870986
2024-12-10,control,0.041490438996681735
2024-12-10,irrigation,0.04607435377490514
2024-12-10,irrigation_vpd,0.05765176707616056
2024-12-10,roof,0.05176925653085711
2024-12-10,roof_vpd,0.016035177559084256
2024-12-11,control,0.01664527278630882
2024-12-11,irrigation,0.04748685091144167
2024-12-11,irrigation_vpd,0.04429074457127699
2024-12-11,roof_vpd,0.01302223602498304
2024-12-12,control,0.009236638396701767
2024-12-13,irrigation_vpd,0.03976460127860776
2024-12-14,control,0.02456763955859991
2024-12-14,irrigation_vpd,0.0459073858238524
2024-12-15,control,0.06912171488302932
2024-12-15,irrigation,0.10620456731998136
2024-12-15,irrigation_vpd,0.10215398266603384
2024-12-15,roof,0.07922853480388423
2024-12-15,roof_vpd,0.05565528083964477
2024-12-16,control,0.027641855819057846
2024-12-16,irrigation,0.03559803609609803
2024-12-16,irrigation_vpd,0.05536941778525173
2024-12-16,roof,0.021495184521936973
2024-12-16,roof_vpd,0.021212182081628353
2024-12-17,control,0.06593272352632489
2024-12-17,irrigation,0.09642235856587827
2024-12-17,irrigation_vpd,0.11111942043082647
2024-12-17,roof,0.0733789437001183
2024-12-17,roof_vpd,0.04162204831623258
2024-12-18,control,0.13955887550451196
2024-12-18,irrigation,0.16650451392397148
2024-12-18,irrigation_vpd,0.18124121921158995
2024-12-18,roof,0.13054530983011542
2024-12-18,roof_vpd,0.06713604174927286
2024-12-19,control,0.05860511288680763
2024-12-19,irrigation,0.07458469567739497
2024-12-19,irrigation_vpd,0.061347878269018344
2024-12-19,roof,0.058294586160041004
2024-12-19,roof_vpd,0.020252086624698178
2024-12-20,control,0.08477521478062243
2024-12-20,irrigation,0.11469036858035916
2024-12-20,irrigation_vpd,0.11893276080545911
2024-12-20,roof,0.09818787273335941
2024-12-20,roof_vpd,0.05256651653320324
2024-12-21,control,0.024305965929331926
2024-12-21,irrigation,0.0291825671036905
2024-12-21,irrigation_vpd,0.04052292420787989
2024-12-21,roof,0.027504471114408846
2024-12-21,roof_vpd,0.013631678902279341
2024-12-22,control,0.03742507739177876
2024-12-22,irrigation,0.07080351397302094
2024-12-22,irrigation_vpd,0.06643754555515297
2024-12-22,roof,0.038728007785770055
2024-12-22,roof_vpd,0.018230555690688446
2024-12-23,control,0.02120772251859811
2024-12-23,irrigation,0.028747206649027274
2024-12-23,irrigation_vpd,0.047465993317744655
2024-12-23,roof,0.021555962640814712
2024-12-23,roof_vpd,0.006432297064742807
2024-12-24,control,0.021720772534706157
2024-12-24,irrigation,0.03078213986413383
2024-12-24,irrigation_vpd,0.05635186235129202
2024-12-24,roof,0.027345086804818196
2024-12-24,roof_vpd,0.010608581772933124
2024-12-25,control,0.014910618712544618
NA,control,0.01931080757111026
NA,irrigation,0.03331747457375699
NA,irrigation_vpd,0.032221578483470494
NA,roof,0.031122472911433087
NA,roof_vpd,0.02313490924219612
