scen,nse10,rmse10,nse40,rmse40,nse60,rmse60,nse80,rmse80
1,0.0,0.0,0.0,0.0,0.0,0.0,0.0,0.0
2,-0.4841411374650222,0.11098709808565407,0.012470631513157526,0.08009882679061962,-0.07138274177793558,0.08649344310792711,-0.5302712246036791,0.11008289411182755
3,-0.6671539385223164,0.11763125923952313,-0.1271803395097335,0.08557518516142959,-0.5401490901129058,0.103703220686171,-0.5729024474970168,0.1116057388642837
4,-0.17420162858499655,0.09872024715391431,-1.3649480221681847,0.12395439928198518,-0.5159710624431273,0.10288600833750687,-0.22453240606559066,0.09847381747276902
5,-8.878642121963594,0.28634098920027884,-4.0407480446771356,0.18096668882351,-2.916631721202309,0.16537399999881255,-2.4122005379754596,0.16438148762569968
6,-2.6475137459469607,0.17399363584276417,-4.518437913880442,0.18934734738177963,-3.331587125174792,0.1739139382263349,-2.7814946165929233,0.17304831549704655
7,-8.535818630361844,0.28132860059759346,-6.892245971102149,0.22643911611671683,-5.285731104552857,0.20950228390982115,-4.720598250594696,0.21284152273805432
8,-8.878642121963594,0.28634098920027884,-2.53931685989883,0.15163898450997607,-1.7057343991333185,0.13745275346660757,-1.369903281042287,0.13699380992823254
9,-0.8269270624004312,0.12313896510081145,-0.002709602873015804,0.08071211578268445,-0.022472038507874936,0.08449608415324511,-0.4765673009929785,0.10813399697291562
10,0.3358846006422874,0.07424319790149829,-0.5212685250216378,0.09941549628345729,0.10644245880181691,0.07899000199142246,0.19994622005689855,0.07959672948748227
11,0.31636841449557274,0.07532618192158258,0.14730864053305126,0.07442983839595022,0.6162286673869427,0.05176630033413712,0.5270952750107388,0.061195918771614725
12,0.28053376929698304,0.0772751936386281,0.3724059101492805,0.06385436163191938,0.6787419933064078,0.04736285164996457,0.5622346055512764,0.05887844702856808
13,-2.773530845768811,0.17697374733630586,-1.0084435864742272,0.11423020700010689,-1.3881112248615977,0.12913326669204298,-1.3661080072820946,0.13688407183411194
14,0.14321173578619018,0.08432797068671645,-1.3119686367342283,0.12255812668674186,-0.3354411861805533,0.09656577840415743,0.039143455811465055,0.0872298064931717
15,-2.605207306286804,0.17298164231407934,-5.0622016052359236,0.1984569591250116,-3.772963322435242,0.18255969903544841,-3.1070568836165444,0.18034370675698105
16,0.0,0.0,0.0,0.0,0.0,0.0,0.0,0.0
17,-0.09376999228123095,0.09527915501032892,-1.4646316192008135,0.12653980266556716,-0.9577026511315405,0.11691876708378551,-1.198501369416432,0.13194684284389965
18,-0.2810415109919078,0.10311372977952503,-0.5274881781542147,0.09961851737288256,0.1934184059223807,0.07504729034426419,-0.34165368908430094,0.10307559429162835
19,-8.878642121963594,0.28634098920027884,-3.7192934477879955,0.175101407220382,-2.650718778965413,0.15966144388955258,-2.1712051784782362,0.15847027218750798
20,-0.7954214313507297,0.12207257262634515,-0.7750437022922614,0.10738797918726416,0.030786336928531943,0.08226604645479745,0.09528992770613853,0.08464286316742647
21,0.0,0.0,0.0,0.0,0.0,0.0,0.0,0.0
22,0.0,0.0,0.0,0.0,0.0,0.0,0.0,0.0
23,-8.878642121963594,0.28634098920027884,-5.954660148055233,0.21256370002140842,-4.501876722132257,0.196004611859493,-3.7688004808825317,0.19433016041808632
24,0.0,0.0,0.0,0.0,0.0,0.0,0.0,0.0
25,-8.878642121963594,0.28634098920027884,-3.752648000623636,0.1757190998802914,-2.688260564591914,0.1604802750816176,-2.1945120820587465,0.1590515480239024
26,-1.9347148325578396,0.15606943146449434,-3.815074902439803,0.17686938617583617,-2.618235970196495,0.158949551186276,-2.30626704626298,0.1618097165522706
27,-2.3058726522773574,0.1656448563856048,-4.242643432237214,0.18455520813951087,-2.9894533747431007,0.1669043129876101,-2.709476770560107,0.17139255807022832
28,-1.080153569237957,0.13139613598411456,-2.5244318792961464,0.15131978145453157,-1.402071262936225,0.12951014999664104,-1.0534462902926456,0.12751970719927744
29,-1.6251533603669004,0.14760879492374226,-2.6523965771771705,0.15404234045906953,-1.315137616376501,0.1271449947758935,-0.8725955980968034,0.12177485803600943
30,-0.09794882722207121,0.09546099227645331,-0.03520350254597249,0.08200947115351905,0.50180417141285,0.05898083355622664,0.24288306224458078,0.07743140040940952
31,-4.448223703098157,0.21264851804415122,-4.745286221516983,0.1931999366503522,-3.424134312564397,0.1757620115008973,-5.252032113211595,0.22250830883686662
32,-0.24188371408159526,0.10152555229173678,-0.6397929771725133,0.10321567474535999,-0.0718285422083218,0.08651143611940222,-0.15864819038796396,0.095788070839426
33,0.3979161433043391,0.07069087970553724,0.11418081291986704,0.07586189490075243,0.48571642156898587,0.05992557241122745,0.48452895276083774,0.06389071839024446
34,0.0,0.0,0.0,0.0,0.0,0.0,0.0,0.0
35,-0.8677088455394235,0.12450577117149993,-2.293131989665096,0.14627015237021404,-1.2496979203553495,0.12533517334021735,-0.848461428241033,0.12098759090303428
36,-1.4322564717164625,0.1420821690832287,-2.2334416572510936,0.1449384656650368,-1.1806593014272906,0.12339704839611186,-0.8304619590742721,0.1203970890567072
37,-0.535555090168542,0.11289315121249574,-1.1981945544416481,0.1195044861352164,-0.21215046949270033,0.09200027586455035,0.03906869009688596,0.08723320016936179
38,0.0828966079194765,0.08724570264942993,0.11780507504395721,0.07570654423739585,0.531036754512973,0.05722427062456549,0.30841556539921533,0.07400451860682881
39,-0.3854524450310173,0.10723355563407407,-0.32221753578049905,0.09268353747797135,-0.8195970844996756,0.1127193507748585,-1.2199887879375146,0.1325900771750635
40,-0.5057273813558865,0.11179131603359098,-0.9669334085110759,0.11304359837289449,-0.2119399663196957,0.09199228709115059,0.01852626790322931,0.08816068851130333
41,0.0,0.0,0.0,0.0,0.0,0.0,0.0,0.0
42,-3.554016957542906,0.1944160953433718,-5.107017277843057,0.1991891687793915,-3.5921185107652986,0.179067762224299,-2.8505264592540445,0.17462068554421345
43,-2.621332745263291,0.17336806846256336,-3.235428673477653,0.16588221704674436,-1.9736434322054408,0.14409712244353903,-1.4221464482127346,0.1384955540027221
44,-0.4313694009378686,0.10899604993748654,-0.023671425064564655,0.08155140266218218,0.0917274564348618,0.07963774525456284,-0.6571710751938717,0.1145563862387474
45,-1.9403152707349527,0.1562182773745064,-0.41825778037118777,0.09599060575064049,0.1116696828964352,0.07875862121896732,0.05340113579174921,0.08658020751402752
46,-2.7044059124918607,0.17534532006475856,-3.7837519348760402,0.1762931632312921,-2.6345115235476193,0.15930664359871044,-4.043095626088478,0.19984083446159132
47,-0.025237567908683145,0.0922459166127646,0.12021042551301642,0.07560326486973115,0.4524462539101447,0.061833558375010006,0.09970431483149,0.08443611004337767
48,0.3930195629634814,0.0709777522424864,-0.4655213656040045,0.09757694618738814,0.28820040854011775,0.07050009947418558,0.5413008991628693,0.06026977598777846
49,0.1270552284350026,0.08511934614107335,-0.04296272148088254,0.0823162424833758,0.4811255781501327,0.06019244627634759,0.4214579004382959,0.06768666501608386
50,-1.0924530953128784,0.1317840228036858,-1.5083280997676942,0.12765661275045634,-0.6282680337743245,0.10662862551275377,-0.3214094845217219,0.10229498493089277
51,-0.01725186563527492,0.09188595687051086,0.22045517262230063,0.07116585837619697,0.5977996637801699,0.052994655978943345,0.515441732214137,0.061945339419453446
52,-0.24197063232241,0.10152910506721209,0.07985041414291505,0.07731795565578609,-0.07390287442474364,0.0865951093520484,-0.6570572516500932,0.11455245199262516
53,-8.878642121963594,0.28634098920027884,-6.926774791751719,0.2269339145920855,-5.343870190485357,0.21046893644523612,-4.455099653879668,0.20784375368718286
54,-8.878642121963594,0.28634098920027884,-3.787275537241478,0.17635807803765086,-2.7112929687801195,0.16098057784961556,-2.256885522993343,0.16059679715691277
55,-0.766267339555248,0.1210774076853478,-0.11358246357001733,0.08505744568809928,0.17501274724848548,0.07589872521998306,0.006034658506597346,0.08871994287522537
56,0.15839522441750675,0.08357742574268798,-0.09420249195313812,0.08431405848270013,0.5276165876824501,0.057432560940951415,0.5904783134950073,0.05694742422673596
57,0.0,0.0,0.0,0.0,0.0,0.0,0.0,0.0
58,0.3156721578026457,0.07536453080166113,0.4009924316033594,0.06238314990999394,0.6152211362724969,0.05183420792227172,0.4739877370621999,0.06454068454010937
59,0.4239478030829634,0.06914580123198538,-0.4720018325006605,0.09779244855968723,0.07113233372736294,0.08053557899061939,0.07073296947068375,0.08578392186559508
60,-0.037439604670711724,0.09279323305429066,0.15914410637097154,0.07391148554039988,0.5236131264338703,0.05767541866633531,0.39299470316700413,0.06933170385266543
61,0.0,0.0,0.0,0.0,0.0,0.0,0.0,0.0
62,-0.13312621788425116,0.09697818211870317,-0.3817200766720923,0.09474606436519516,0.34288435193871203,0.0677379060242228,0.3778129743176597,0.07019337237460517
63,0.056640198441585965,0.08848579921752127,-0.8710324433299079,0.11025335249521345,0.08669323045074062,0.07985814188148428,0.36024437779772644,0.07117749318970977
64,-4.0806104507235474,0.2053491187308506,-6.49289863653688,0.2206358467307309,-4.977047020554952,0.20429333528462365,-4.1537142609593545,0.20202066713363953
65,-0.05456673887110308,0.09355606125123059,0.08984581528060476,0.07689686422176804,0.2470402727499429,0.07250980491246017,-0.053263043227617546,0.0913280228711965
66,0.0,0.0,0.0,0.0,0.0,0.0,0.0,0.0
67,0.0,0.0,0.0,0.0,0.0,0.0,0.0,0.0
68,-1.1233608957983718,0.13275375138197087,-2.935096497169242,0.15989277439437835,-1.8395553967654998,0.14081082254976193,-1.557268486178891,0.1423061916107069
69,-0.0445029143541702,0.09310858419208086,-0.23998082778241647,0.08975499562495617,0.3270844087059813,0.06854742704743712,0.3053232210855178,0.07416978563323842
70,-0.4816899588870771,0.11089540814760553,-0.745057844291124,0.10647706184462327,-0.04355952019979359,0.08536296171822295,0.1405585735873739,0.08249806735163132
71,0.0,0.0,0.0,0.0,0.0,0.0,0.0,0.0
72,-2.6270944632401574,0.1735059321965514,-2.68082321170477,0.1546406350244726,-3.881118005425547,0.18461650124701928,-4.893803331474021,0.21603964393437622
73,-0.2758054218265995,0.10290278208008398,0.21145040754411093,0.07157570769707285,0.027062337954963822,0.0824239398938712,-0.051611768791122836,0.09125640411234043
74,-2.49130173015917,0.17022705534093044,-2.727163941304661,0.15561103556183686,-3.662046852003228,0.18042602426372736,-4.164246725126302,0.20222699303030364
75,-2.0843384146953747,0.15999849820397805,-0.6676752473412177,0.10408949135574448,-1.0044437883151813,0.11830628127267026,-0.942868857910367,0.12403874868997303
76,-0.530706965779491,0.11271479462584101,-0.38297042095899747,0.0947889234124298,-0.8090113654799498,0.11239099350567998,-1.5599613473508125,0.14238109770497576
77,-0.7295882300189089,0.11981363805007256,-2.005443904261794,0.1397350832953833,-0.9329604929687942,0.11617758685901358,-0.5763113176932415,0.11172661208451799
78,0.22194933331089217,0.08035979762638046,-0.1634616826818318,0.0869415117266396,0.33722054742761176,0.06802920262115794,0.29542227438343327,0.07469647156598522
79,0.0,0.0,0.0,0.0,0.0,0.0,0.0,0.0
80,-1.2162292094556486,0.13562577473787837,-2.4806305634338317,0.15037654750938143,-1.6344426200376665,0.1356298353268349,-1.6210175688201436,0.1440690189764048
81,-8.560323019306148,0.28168983661848385,-6.669380916922753,0.22321907246915296,-5.117215378898124,0.2066749058296073,-4.44310656134391,0.20761515466167557
82,-1.0816856405974034,0.1314445149130781,-2.485999403736132,0.15049248003401933,-1.3623243403638847,0.12843418227181497,-0.9233948005724755,0.12341554111555127
83,0.26211526875828084,0.0782580742400492,-1.248076839176012,0.12085280103347303,-0.6229687004029378,0.10645496824912852,-0.7011589082364269,0.11606681704124547
84,-8.843953598751092,0.28583780865695685,-5.316719134896778,0.20258016868342227,-3.983826248281063,0.18654873529771726,-3.2964237778815404,0.18445447185911953
85,-8.35215409888812,0.27860616476732425,-3.852712466414496,0.17755930013401497,-2.781805672872586,0.16250265728077948,-2.627758489788341,0.16949419022913503
86,0.0,0.0,0.0,0.0,0.0,0.0,0.0,0.0
87,-2.966772078001217,0.18144855692672143,-4.094299299015986,0.18192541463448536,-2.759671239818402,0.16202640558835313,-2.09496757642564,0.15655382561199738
88,-8.878642121963594,0.28634098920027884,-5.075379883538536,0.19867254922137317,-3.785410036036092,0.1827975794343572,-3.1173357919610414,0.180569242715866
89,0.05931040668224774,0.08836047961881707,-0.8845671372307493,0.11065140984711097,0.07960580989045596,0.08016739965416586,0.3137480902185418,0.07371865720737844
90,-0.5310815666807591,0.11272858579608541,-1.3952515003662542,0.12474602199822538,-0.4671311869914163,0.10121510665761325,-0.2350490046261562,0.09889577265289967
91,-0.2224026873417393,0.10072610554070772,-1.6469261010468248,0.13113603647846878,-0.835184040310206,0.11320110714913331,-0.7625361060023899,0.11814208852026263
92,-1.6937782490827042,0.14952569018723708,-0.4282567992427768,0.09632838852523531,-0.19779671791001263,0.09145394032378018,-0.6427668989058388,0.11405743602979573
93,-6.86378177067498,0.2554763020185381,-5.888721130731161,0.21155361307378037,-4.391319484268422,0.1940253148266132,-5.042148835610605,0.21874157879702824
94,-0.6452871650886334,0.116857273631283,-0.0131710806301788,0.08113206640914145,-0.1657258396648713,0.09022129867415382,-0.7757474492706511,0.11858403741467684
95,-0.39362848202084044,0.1075495014567257,-0.4359004716749435,0.09658580727117723,0.2855277196999899,0.07063233352340814,0.015795250231478652,0.08828325987231016
96,0.0,0.0,0.0,0.0,0.0,0.0,0.0,0.0
97,-3.975974786641986,0.20322352510219632,-2.66382178353721,0.15428308530766668,-3.464710687026086,0.17656618094854165,-3.6321290568373614,0.19152521489732652
98,-0.308408711420429,0.10420933110834456,-0.9901818973263474,0.11370970445123,-0.14113675174497242,0.08926469159720918,-0.00977815241469182,0.08942287279849533
99,-0.17003607910298957,0.09854498362883495,-1.767410787871337,0.13408739690831745,-0.9532983210309591,0.1167871743730815,-0.8745234171877867,0.1218375249318095
100,0.0,0.0,0.0,0.0,0.0,0.0,0.0,0.0
101,0.0,0.0,0.0,0.0,0.0,0.0,0.0,0.0
102,0.05566178413882672,0.08853167425630369,0.35674503623753295,0.06464615780733772,0.6597241247019447,0.04874459231930504,0.5495646017786145,0.059724412910949154
103,-2.2253524851285484,0.16361513938628655,-1.4421960936523641,0.12596254045968852,-2.0147999795790983,0.1450908798730676,-2.3953717763008826,0.16397562693027196
104,-8.878642121963594,0.28634098920027884,-6.85425139288118,0.22589340084382073,-5.282559018300834,0.20944941470758208,-4.399047573021499,0.2067731814702481
105,-1.83872489665641,0.15349581818763328,-0.5771918671376017,0.10122631084075903,-0.9946701804370306,0.11801749987806151,-0.9963041552906355,0.12573291611838522
106,-8.878642121963594,0.28634098920027884,-5.813052392519002,0.2103885058296794,-4.402666261511889,0.19422938406029633,-3.63771923734613,0.19164074899398778
107,-1.8317731253498688,0.15330775454077614,-2.6101208536256,0.1531482418030156,-1.4952532097264855,0.1319982501669645,-1.0784247204267152,0.12829294732255986
108,0.27300939267117963,0.07767822528826202,-1.0412002984341786,0.11515795832635399,-0.36936524727772757,0.09778461124112499,-0.3571142718420286,0.10366779033803672
109,0.0,0.0,0.0,0.0,0.0,0.0,0.0,0.0
110,0.31966386097053867,0.07514440764324139,0.17261016546098584,0.07331726153898048,0.6146031364078455,0.051875817122278844,0.5989506506447841,0.05635527078823149
111,-3.7291378693052275,0.19811888831830146,-6.2636245433110975,0.2172340197949076,-4.783175756558572,0.20095279827992998,-3.967264370652102,0.19833267539809224
112,0.002132328563298702,0.09100628183808254,-0.6277936430770394,0.10283733630418711,0.17524408558828009,0.07588808292454265,0.30551410373596566,0.07415959478017559
113,-8.878642121963594,0.28634098920027884,-2.8652556247956245,0.15846751782757568,-1.9715606754326171,0.14404665038219786,-1.5957022676930377,0.14337157993564123
114,0.0,0.0,0.0,0.0,0.0,0.0,0.0,0.0
115,-8.878642121963594,0.28634098920027884,-7.241311368211468,0.23139251492034696,-5.6090206910532086,0.2148223278385857,-4.679586969263255,0.2120772141804317
116,-0.33918046049227946,0.10542763074530023,0.21163515106595954,0.07156732273116537,0.133205940772539,0.07779807043072703,-0.3263497849121759,0.10248602960369407
117,0.0,0.0,0.0,0.0,0.0,0.0,0.0,0.0
118,-3.2025630842476778,0.18676350486098395,-5.6793995914060345,0.2083146713121714,-4.279223312377461,0.19199763499415684,-3.556962990990262,0.18996490886813006
119,-0.158808561998667,0.09807103133950103,-0.015203740601298144,0.08121341065383215,-0.3190344982222546,0.09597076125731357,-0.775162424252692,0.11856450188232819
120,-8.878642121963594,0.28634098920027884,-8.103413534735147,0.24319423786186609,-6.340888398651213,0.22640456193121217,-5.311564998865412,0.22356517936529718
121,0.0,0.0,0.0,0.0,0.0,0.0,0.0,0.0
122,-8.878642121963594,0.28634098920027884,-5.318704310058829,0.20261199893570794,-3.9845756736928504,0.18656276057674503,-3.294854893403415,0.18442079103573528
123,0.0,0.0,0.0,0.0,0.0,0.0,0.0,0.0
124,-0.16763547637384635,0.09844383767751327,-0.03304496297736681,0.08192392610734617,-0.44770137729599147,0.10054265662733713,-0.9450559130944007,0.12410854323283357
125,-8.314608261280954,0.2780463460502394,-2.230259679210349,0.14486713230225556,-1.4467865360207646,0.1307100267657637,-1.357667565184081,0.13663970549914461
126,-0.23056586617153974,0.10106186929982093,-1.0710078516529364,0.11599573407154397,-0.1511212738444272,0.08965435751904914,0.011231295298889998,0.08848771671586
127,0.36096091267583885,0.07282803734691505,0.27891731159013256,0.06844530759545703,0.6584501824576565,0.048835753325944316,0.5979666551329778,0.05642436373260789
128,0.0782220984435732,0.08746776730718736,0.4418411507898159,0.06021851648379691,0.4405452058128698,0.0625019205505059,0.18863207869833754,0.0801575712013159
129,0.0,0.0,0.0,0.0,0.0,0.0,0.0,0.0
130,-2.2960083517514653,0.16539754024133235,-3.5479408654935503,0.17189314179454293,-2.1079493454544735,0.147315291179984,-1.5786926545818893,0.14290105150351556
131,0.46794499814139423,0.06645278090782718,0.27198323105991273,0.06877361235156035,0.6453269838511835,0.04976510636850077,0.642561108851843,0.05320305060127701
132,-0.1900244407241798,0.09938316773057844,-0.7600093447580913,0.10693223195962155,0.05532646484223491,0.08121789644238851,0.18849841891876284,0.0801641732629823
133,0.41237798602266085,0.06983673441496668,0.0777831406335795,0.07740476093679081,0.5519260350669004,0.055935267284959435,0.5573444564014687,0.059206390684579405
134,0.2707706889079008,0.07779773499233618,-0.087403242866537,0.08405169131155794,0.49823542853552083,0.059191706283143145,0.541884662187275,0.06023141263829291
135,-8.878642121963594,0.28634098920027884,-6.593453847770111,0.2221113868297117,-5.054262075314788,0.20560869229074144,-4.206942299405449,0.2030612313593915
136,-8.815728364873879,0.2854277279721325,-3.0813904360563686,0.16283779621705705,-2.142111901088875,0.14812272270541676,-1.7367982453111215,0.1472166816433709
137,-8.878642121963594,0.28634098920027884,-3.849864771525284,0.17750719433580223,-2.7552723592043327,0.1619315909929922,-2.2816853176571295,0.16120707567685533
138,-2.1777820590428596,0.16240408507247833,-4.5581896185066295,0.19002809922661193,-3.2992159007117587,0.17326286452547282,-2.766055030278467,0.17269468188845347
139,-0.5349704168388818,0.11287165673819811,-0.946172372758088,0.11244542662448237,-0.24405011528851484,0.09320298045229213,-0.06599932459324354,0.09187854258746879
140,0.041169284840129494,0.08920842331962281,-0.6328096654646196,0.10299566030625917,0.3038364285549242,0.06972146589017818,0.405744542252335,0.06859970093861716
141,-8.878642121963594,0.28634098920027884,-3.216007375507,0.16550145870173444,-2.2582070146739976,0.15083433042716612,-1.8219605735652884,0.1494896426662222
142,0.13127503464172918,0.08491336388081333,-0.6282640383546643,0.10285219405452646,-0.23934191107212044,0.093026446310505,-0.4057705866362995,0.10550981437345008
143,0.41284630999065663,0.06980889956964371,0.47226778458419916,0.058554186033644845,0.6683344840060721,0.048123922887406474,0.524503756938121,0.0613633665106805
144,-0.7076841510423331,0.11905254085053364,-1.3517532975205495,0.12360812701066234,-0.4443899304675487,0.10042760103785882,-0.17938529296348937,0.09664146097487206
145,-2.7526802702777586,0.17648413746904162,-5.091396786965352,0.19893426326647737,-3.7776540225259874,0.18264938362433963,-3.1673799859877407,0.18166329356676375
146,-0.29852174089735395,0.10381485637202749,-1.0746907463609898,0.11609882646685593,-0.5256070805521909,0.10321247927607363,-0.7134610283684002,0.11648573609848961
147,0.0,0.0,0.0,0.0,0.0,0.0,0.0,0.0
148,-3.428418421619021,0.19171637960807983,-5.834789549445973,0.2107238625651924,-4.418696291919217,0.19451731567728808,-3.663619983647596,0.19217514178671713
149,-0.40001879482222247,0.10779579697671071,-1.2587850381332344,0.12114028641180821,-0.5597552349385171,0.10436120584453473,-0.2872189320893399,0.10096290597050021
150,0.08289711751774742,0.08724567840992446,0.32959963987478136,0.06599609885656076,0.1394812616454112,0.07751594188957574,-0.15980171538140753,0.0958357412397443
151,-2.1982510351516957,0.16292629039529066,-3.968143920671946,0.17965869018229338,-2.675259738126392,0.1601971852624174,-2.1730146514440682,0.1585154768912031
152,0.45118193259158335,0.06749150223938857,-0.3050088700396989,0.09207842386242487,0.31473459982847163,0.06917358192216756,0.475390658254218,0.0644545592210568
153,-1.383431498660915,0.1406488650592257,-2.4948072211607975,0.15068247921693848,-1.6284075988883564,0.1354743948114911,-1.2439666226363197,0.13330419889006143
154,-0.6529996132343658,0.11713084348862088,-2.242522462205315,0.14514184573131883,-1.2408998471175932,0.1250898541243114,-0.9355300949775929,0.12380426240411659
155,0.5050782929416238,0.06409189992309597,0.36221977302190655,0.0643704685443131,0.5264217265617228,0.05750515090946792,0.5451282317198438,0.06001780724667872
156,0.059442719009541345,0.08835426524591675,0.4705609499719332,0.05864879995763965,0.33407317574267203,0.06819053803574703,0.3063013693081369,0.07411754939720594
157,0.0,0.0,0.0,0.0,0.0,0.0,0.0,0.0
158,0.18970308165505467,0.0820081450012658,-0.32069068841033377,0.09263000827839248,0.2974067734427276,0.070042694031347,0.2985261649975909,0.07453175901861131
159,0.51749267388032,0.0632829696193314,-0.10084240470486683,0.08456949166430278,0.45631605720347357,0.061614668456908134,0.5868143684479248,0.05720160809398065
160,-1.1011417184594299,0.13205734686018658,-2.3854036057942976,0.1483051973618408,-1.1234032013126765,0.12176629627872806,-0.6018948237915305,0.11262962338188703
161,-3.274431924460818,0.18835367455341945,-5.16517591910339,0.2001353852996142,-3.790743198480447,0.1828994116399557,-3.1279085311124897,0.18080093228249386
162,-0.06811081210739545,0.09415492687888657,-0.38995448533162613,0.09502796621441913,0.43098791649762436,0.06303352680709687,0.3445457910042209,0.07204549194594997
163,0.2180635228376745,0.08056021775597852,0.008183426305772623,0.08027250679475742,0.5015852845195582,0.0589937890176592,0.513733591749543,0.06205442666620687
164,-0.8556742309037355,0.12410399535532149,-2.767606905896713,0.15645301508891482,-1.806216890688443,0.1399817697051567,-1.6454687879193681,0.14473946194555082
165,0.24964700278619212,0.07891647998294656,-0.5317867447716453,0.09975858915770303,-0.01804326563453329,0.08431289084707506,-0.16362766497781678,0.0959936823869194
166,-0.011619350215669844,0.09163121785602825,0.1679247190395815,0.07352456353907123,0.40432273596734725,0.06449356360719065,0.038678454331334655,0.08725091114356036
167,-2.364892784204914,0.16711695358895254,-3.4804385776652245,0.17061272084069168,-2.2700681966276,0.15110862978115838,-1.731852483650107,0.14708360134384282
168,-2.0184845122374444,0.15828121330924255,-2.203287678276905,0.14426105919170934,-1.0529728568658072,0.119729857685632,-0.6340684520074771,0.11375506831056996
169,-0.7668586942053026,0.12109767463318535,-0.4940488460218839,0.09852207343389245,-1.008530265899616,0.11842681591018026,-2.0486021368228196,0.1553767409150751
170,0.3120328259882845,0.07556466356395981,0.015609636017176465,0.07997142263112736,0.6071525480644467,0.05237485490811621,0.5619396080351393,0.05889828193410929
171,-2.640956096822908,0.17383715905008557,-3.145189709547557,0.16410558083725055,-1.851483040527102,0.14110625282801112,-2.705707639729702,0.1713054615340418
172,-1.7168097406150462,0.1501635433489551,-1.1685561428967652,0.11869610834493458,-1.7579235768456694,0.1387720411864209,-1.7246981945654665,0.14689088075382653
173,0.448109602386603,0.06768015017508247,0.5478716073880443,0.054197847077844315,0.6525327980417033,0.04925697884844395,0.5169195199640717,0.061850807995807534
174,0.20441049855626847,0.08126048621563578,-0.4500703882662749,0.09706120683494127,0.0723980627549553,0.08048068905660703,-0.06901074765888882,0.09200822842509508
175,0.2838262757826676,0.07709817293880752,-0.2846794745068417,0.09135841107895318,0.3532243762747761,0.06720284890055153,0.4945687499177783,0.0632654611443378
176,0.01278857738456074,0.09051904860127871,-0.9509963171475146,0.11258469865919449,-0.010061840267250766,0.0839817353769124,0.2611169663456936,0.07649331458357168
177,-0.1395468045120294,0.09725254576234839,-0.5682053172776096,0.10093751440324143,0.16669320399102505,0.07628046370380014,0.33103818828754117,0.0727840631108675
178,0.0,0.0,0.0,0.0,0.0,0.0,0.0,0.0
179,-0.11576563534456907,0.09623241515570045,-1.4006795685819848,0.124887290405038,-0.529746950527856,0.1033524225066637,-0.35637782680185337,0.10363965859122916
180,-0.948060165030185,0.12715577162226677,-2.19470981763023,0.1440677763961869,-1.086631956512499,0.12070737060736678,-0.7922320297538203,0.11913318429296617
181,-2.144169816687806,0.1615429062824523,-3.548883629005563,0.17191095713003793,-2.2481528464478147,0.15060142848941058,-1.6362891112855955,0.14448812349313397
182,-1.0882428818058427,0.13165137508692884,-0.18219981736178026,0.08763883361529805,-0.5242742820376918,0.10316738526137129,-0.5753858262413976,0.11169380853702168
183,-0.7981586927418631,0.12216559181217726,-1.0966640731797574,0.11671201623889772,-0.1427305168884465,0.08932700547601262,0.07793572186726916,0.08545081938296546
184,-0.46292756719137684,0.11019104625292865,-0.8493579708595476,0.1096128921171272,0.2177064758450984,0.0739087283739344,0.40599169653718825,0.06858543394866969
185,-0.27152230556838997,0.10272990496691492,0.21651671048892873,0.0713454060450309,0.24852334135451115,0.07243836017502472,0.27365135069186974,0.07584172450201725
186,-8.374076602771916,0.2789325157632031,-3.023952340157269,0.16168791437837857,-2.076578499057052,0.14656992407333866,-1.9799301024747002,0.15361678496150566
187,0.5235194352707931,0.06288650952796175,0.46891531154709076,0.05873987733161329,0.6402553084180187,0.0501196534771541,0.6211214471354767,0.054775410862525485
188,0.15507121812958613,0.08374231199650492,-0.9908562972886246,0.11372896885241111,-0.407546255142917,0.09913846731230481,-0.4738063036230351,0.10803285109960442
189,-0.17039454467005277,0.09856007815405601,0.18746576111698288,0.07265608291915295,0.34944324900503376,0.06739900056311093,-0.18211436729569463,0.09675320958456086
190,-0.22791267294184703,0.10095286198800475,-0.8576190641881576,0.10985744005077125,0.01122666685192486,0.0830920043442991,0.1706120343337697,0.08104281125073934
191,0.29187348715089856,0.07666379649518802,-0.4610328442181999,0.09742740484082604,0.24132427636359344,0.0727845089561142,0.3756592547098685,0.07031475568564999
192,-8.878642121963594,0.28634098920027884,-8.309812685244822,0.24593572321269952,-6.521213931486593,0.22916845322314525,-5.46236815211266,0.22622025137600257
193,0.0,0.0,0.0,0.0,0.0,0.0,0.0,0.0
194,-0.04232803832241716,0.09301159779454216,0.055724949580173155,0.07832499979415235,-0.24468413456979743,0.09322672746974708,-0.5537542149074852,0.11092432452522452
195,0.5488178730779147,0.06119428127773641,0.4201468085203719,0.06137763791970862,0.6942818361741487,0.0462031391793009,0.6724575880796373,0.05092949902794934
196,-0.14520807846655015,0.0974938220235755,-1.324053909831374,0.12287803108798138,-0.5387834150943056,0.10365723283085693,-0.3545576078523174,0.10357009456603819
197,0.3202115784847731,0.07511415333740916,-0.24731963275382252,0.09002021047708073,0.1852485045585045,0.07542641142467742,0.04669989096877614,0.08688613009957677
198,-0.48296542779501705,0.11094312839365932,-0.9012356912672779,0.11113967545081768,-0.09089456774631399,0.08727749084119955,0.10327302167417496,0.08426859456359155
199,0.0,0.0,0.0,0.0,0.0,0.0,0.0,0.0
200,0.0,0.0,0.0,0.0,0.0,0.0,0.0,0.0
201,-0.5092398335833608,0.1119216294407112,-1.5319939807340313,0.12825741406630858,-0.37621474705611346,0.09802886317318102,0.03446507175302638,0.08744190839016276
202,0.0,0.0,0.0,0.0,0.0,0.0,0.0,0.0
203,0.0474379056751022,0.08891633276811678,0.08132828676310466,0.07725583966417106,0.5628666700104572,0.05524816057002436,0.4957671446330838,0.06319041435131581
204,-0.8142020845531328,0.1227093697691061,-0.2759733286072179,0.09104832136019109,0.10693259254768539,0.07896833524120885,-0.6265146882543511,0.11349183752183031
205,-1.4033820566199622,0.14123629033576324,-3.66067014109207,0.1740104492918328,-2.6182664922650343,0.1589502216039746,-2.1300873401812312,0.157439557652639
206,0.0,0.0,0.0,0.0,0.0,0.0,0.0,0.0
207,-1.3820902610859576,0.1406092855518442,-1.7753408445498238,0.13427937419104838,-1.0003203743484002,0.11818453255743994,-2.4012437039889765,0.164117354723195
208,-0.8855772320187454,0.12509992736800943,-2.8360859533293676,0.15786843720752677,-1.7244060803320687,0.13792620376833598,-1.6079179180973995,0.14370854488977014
209,0.472456814732628,0.0661704218559867,-0.03235491987855599,0.08189656017203897,0.4481844084552554,0.062073730481773434,0.5433463332289623,0.06013524815639376
210,-0.7231938498239812,0.11959195425202641,-0.12188370312197838,0.08537388890564074,-0.34822940205374553,0.0970270348550227,-1.361235335335119,0.13674305229425907
211,0.39532716607076457,0.0708427030382772,0.5144697526003814,0.056164162891945854,0.38526850020732406,0.06551693865467753,0.2352245585038052,0.07782203794136831
212,-1.001603027122123,0.1288913787504083,-0.8177974775459456,0.10867355974175677,-0.06358313695752615,0.08617803437115079,0.11085332127685532,0.0839116649198605
213,-3.4366499504387864,0.1918944777555539,-4.187032360150045,0.18357376859247032,-2.7625050817739796,0.16208745756700368,-2.1430482582215555,0.15776518006803925
214,0.5911750527653956,0.05825102737990868,0.20515056097716644,0.07186105369862265,0.6276301466491248,0.05099153895580134,0.6838737293203215,0.050034080951532486
215,-0.2508607476622853,0.10189183344316952,-1.4213951278764458,0.12542496169298706,-0.5726695690160721,0.10479235593069151,-0.18338607734852963,0.09680523879532657
216,-8.878642121963594,0.28634098920027884,-3.6110024530059555,0.17308077117929685,-2.57579792457671,0.1580146474629999,-2.0947963342840548,0.15654949455156714
217,-1.87163471633597,0.15438300580825115,-3.7121586030947,0.17496899397753563,-2.4771996414660977,0.15582088823607795,-2.0788673284566554,0.15614609242367208
218,0.16361785097793313,0.08331769993245842,-1.0684814870472383,0.11592496250459716,-0.33250461382594176,0.0964595481708746,-0.21117311930266425,0.09793518423427185
219,0.0,0.0,0.0,0.0,0.0,0.0,0.0,0.0
220,-3.558536428392224,0.194512542062138,-5.654851056102189,0.20793151356701664,-4.2103393929259925,0.19074091835762289,-3.8280997145697375,0.1955346590184441
221,-0.05242441231451589,0.09346098451419659,-0.8902692472648057,0.11081868167333853,-0.3135600847198503,0.09577139956756468,-0.10799702805787681,0.09367095125164808
222,-3.8918671055007064,0.20149868671400523,-5.966901662480577,0.212750693886235,-4.434969307553374,0.19480917650515625,-3.7803233580376734,0.19456479924743603
223,0.009236927073778989,0.09068173076035725,0.24179483086977882,0.07018503412621176,-0.17151072412432744,0.09044488207135638,-0.775179969511826,0.11856508781174542
224,0.0,0.0,0.0,0.0,0.0,0.0,0.0,0.0
225,-1.3989290587218108,0.14110538803264377,-1.8277476352439033,0.135541244498156,-0.987650501620678,0.11780965220808381,-2.9845463020821645,0.17763358131364043
226,-1.1688189888117932,0.13416725928791565,-3.1835391957235037,0.16486294976644006,-2.0602466840234053,0.1461803780045258,-1.6992616240335225,0.1462036190338521
227,-0.9424289524771592,0.12697185548856668,-2.019513995038504,0.14006178871153802,-0.8877673411105249,0.11481142221947963,-0.5654063891812844,0.1113394787822875
228,-0.3372189056499695,0.10535039027279584,-0.24663215676291594,0.08999539916908125,0.336635544795008,0.06805921900487176,0.3333920875398181,0.07265589635494953
229,-8.878642121963594,0.28634098920027884,-4.377209316780271,0.1869087427364917,-3.1944528986827123,0.17113881617855745,-2.660995506365284,0.17026886096685523
230,-0.7129074531946615,0.11923447514042618,-2.3648419265980256,0.14785413618904789,-1.239717318620782,0.12505684465330585,-0.9119082649045571,0.12304646975682486
231,0.5351127219626857,0.06211675008127006,0.48464553070597804,0.057863429245105465,0.580944075466167,0.0540937207942119,0.5589857332003528,0.059096526118787254
232,0.3527029877027401,0.07329708378056568,-0.2824998621369095,0.09128087794372437,0.34997865956955865,0.06737126004339689,0.491868433878937,0.06343423698566032
233,0.048647876683566404,0.08885984281752438,0.37131515407473203,0.06390982685823206,0.3754989454133485,0.06603549697259736,-0.013658709745411501,0.08959453319445469
234,-3.550008967479978,0.19433052371415488,-5.50325836571355,0.20554960620462034,-4.0498355850567265,0.18778006357657748,-3.446632632144535,0.18765116208847477
235,-1.5998756687915208,0.1468964108130597,-3.1629507017819742,0.1644567785717864,-1.9798077538587968,0.14424640079022577,-1.6608622671636724,0.1451599568249951
236,0.0,0.0,0.0,0.0,0.0,0.0,0.0,0.0
237,-0.33265094514650717,0.10517029705807257,-0.994890012664905,0.1138441248672484,-0.337586343161308,0.09664330545488334,-0.2698634809773135,0.1002799594765997
238,-2.3911528777439517,0.16776778828590963,-3.3406554196780167,0.1679301981559389,-1.8690183741249897,0.1415394577263363,-1.2918036283425547,0.13471759905378333
239,0.0,0.0,0.0,0.0,0.0,0.0,0.0,0.0
240,0.05795863549900149,0.08842394384324276,-0.3601027644876533,0.09400198112739011,0.09129470563905184,0.07965671488752514,-0.09998923884386635,0.09333184499871161
241,-2.0270559413132934,0.15850578534515514,-3.35845649879753,0.16827418770304833,-2.1324569701699825,0.14789497541500368,-1.617115712714913,0.14396174271199136
242,0.2766851213528484,0.0774816024558784,-0.41737591769403903,0.09596075796957815,0.1218510984331379,0.07830598264213533,0.10077835159219595,0.08438572962342374
243,-0.38259976820914465,0.10712310063174761,-0.730076898115182,0.10601903537643155,-0.024144542782312595,0.08456516297051085,0.16600804928556634,0.08126743683965003
244,-3.4578331328503777,0.19235204091925598,-4.966816080561523,0.19688946128196883,-3.4664818369024584,0.17660119936105756,-2.7284295874084523,0.1718298479234019
245,-4.756624650063585,0.2185842426845129,-7.204009592150552,0.23086825729026486,-5.552693725507631,0.21390493154140597,-4.6719393154940585,0.2119343834200924
246,0.0,0.0,0.0,0.0,0.0,0.0,0.0,0.0
247,0.0,0.0,0.0,0.0,0.0,0.0,0.0,0.0
248,-0.06106307376693909,0.09384378053796996,0.30342886381162437,0.06727192917884446,0.37329996824521805,0.06615165606128193,0.01924908687764082,0.08812821899463592
249,-1.4862997898438812,0.14365198827863754,-0.7756253781036062,0.10740557308461121,-1.293412858377212,0.12654703792744465,-1.530466739165108,0.14155849916262148
250,0.0,0.0,0.0,0.0,0.0,0.0,0.0,0.0
251,0.278558782341771,0.0773811839546938,0.5104011958059869,0.0563989890254303,0.39981005964371374,0.06473739484549211,0.2079606520709515,0.07919705122751111
252,0.37368968123890656,0.07209907256335978,-0.5993627550292289,0.10193530672455171,-0.010111819140435907,0.08398381310147066,0.0757285581063386,0.08555303092340337
253,0.3942986365767751,0.07090292804507706,-0.12039919399043009,0.08531738560184828,0.47713509439742674,0.0604234626053289,0.5245511946920605,0.061360305484510665
254,0.0,0.0,0.0,0.0,0.0,0.0,0.0,0.0
255,0.0,0.0,0.0,0.0,0.0,0.0,0.0,0.0
256,-0.4968818397626489,0.1114624678933894,-1.960213874240596,0.1386796349689913,-1.0823043980925497,0.12058213546030501,-0.8540086217129932,0.12116899550199184
257,0.0,0.0,0.0,0.0,0.0,0.0,0.0,0.0
258,-0.8498313522334799,0.12390846095938185,-1.5405715154772084,0.12847447664421607,-0.7176174112076199,0.10951511901961591,-2.223022759656915,0.15975973042172215
259,-2.2387968315463294,0.16395578604718158,-4.352663875703039,0.18648166200570276,-3.057807073699103,0.16832807622257145,-2.631082755392899,0.1695718297261869
260,0.01938474458815842,0.09021613502335764,-0.3102738151255311,0.09226397810713818,0.31980504531606213,0.06891719068163749,0.41473934986888694,0.0680785497495744
261,-8.878642121963594,0.28634098920027884,-4.266629550770788,0.18497691441982386,-3.116471767104936,0.16954048966260868,-2.5628759787868707,0.1679716488729395
262,0.10319556945584762,0.08627476149503373,-0.23172480172521714,0.08945569375209521,0.20820443976095815,0.07435623540650678,0.19539008990220696,0.0798230506586916
263,-8.878642121963594,0.28634098920027884,-6.79222771861253,0.22499971232622623,-5.211961747349243,0.20826929596097038,-4.373745392734245,0.20628809995706968
264,0.0,0.0,0.0,0.0,0.0,0.0,0.0,0.0
265,-1.148987886395438,0.13355245584234124,-2.2980986590928314,0.14638041241852115,-1.0803076216218983,0.12052430690260518,-0.6977977847273391,0.11595209883595509
266,0.0,0.0,0.0,0.0,0.0,0.0,0.0,0.0
267,-2.521797993053591,0.17096889925657158,-4.102730651493183,0.1820759008021271,-2.7674728064059364,0.16219442622620997,-2.184914618757268,0.15881244427131036
268,0.23967022529263737,0.07943938873762406,0.2375629933644633,0.07038062655289823,0.48270426646414455,0.060100808014030095,0.21198415514262026,0.07899563744036038
269,-0.08650228778346536,0.09496207972327925,0.3092664732835547,0.06698945014233107,0.17862761138470484,0.07573225914107785,-0.0864123342479508,0.09275407028763204
270,0.0,0.0,0.0,0.0,0.0,0.0,0.0,0.0
271,0.2434537002823275,0.07924149317715094,-1.181229951621753,0.11904245404972025,-0.4896990886360961,0.10199059809959263,-0.4781880805383689,0.1081933282685664
272,-8.878642121963594,0.28634098920027884,-6.31633716202615,0.21802083592970106,-4.807682310168655,0.20137812293026272,-4.054312871903161,0.20006296178116878
273,-8.878642121963594,0.28634098920027884,-3.7887472665779836,0.17638518441684972,-2.7244052512980383,0.16126470546983118,-2.220832059339061,0.15970542655696907
274,0.005991078748132872,0.0908301509398415,0.3183392284311797,0.06654804411650816,0.622919974256513,0.05131302602889128,0.48068801535088246,0.06412831156672309
275,0.07450809008057213,0.08764380182185402,-0.14783852463096125,0.08635580626375151,0.4886130708051808,0.05975657180123413,0.3952304297495063,0.0692039045335482
276,-5.397536804948007,0.23043120521600927,-7.907891881334887,0.24056841871675558,-6.178273138188047,0.22388286316834624,-5.171561077340731,0.22107169880917021
277,-4.597909129308799,0.21554989564424548,-6.985746570809245,0.22777649551631982,-5.39507196676554,0.21131658355707197,-4.539559716238113,0.20944657218900228
278,0.0,0.0,0.0,0.0,0.0,0.0,0.0,0.0
279,-0.8151412046462156,0.12274112585798931,-2.8765862578382206,0.15869961416619294,-1.9922560159344354,0.1445473842329037,-2.003352940860351,0.15421933235881605
280,0.03659970087977138,0.08942074486915674,0.317680022272103,0.06658021428205241,0.1795614051942569,0.07568919802375174,-0.19830176212975115,0.09741340676197782
281,-2.1144832705166645,0.16077847165445136,-3.958689093573697,0.17948765540384395,-2.6870986726111754,0.16045499549132675,-2.1936335080864042,0.15902967486205158
282,-0.29814981763740955,0.10379998795521574,-1.1976907272984332,0.119490790110417,-0.5097699361194363,0.10267536351145433,-0.26845989978918383,0.10022452439190206
283,-1.3229098889896047,0.13885166000297244,-2.281338989302254,0.14600801422188955,-1.20285421742917,0.12402343085470312,-0.8161789700293853,0.11992644338408494
284,0.0,0.0,0.0,0.0,0.0,0.0,0.0,0.0
285,-1.5793958130192194,0.14631669746319795,-1.1565239472203066,0.11836635866977119,-0.3533647325849958,0.09721164450988123,-1.6349103486921082,0.1444503353626782
286,-0.07882980488027114,0.0946261919064837,-1.5885635882558709,0.12968225804714276,-0.6777633644081213,0.10823711703511715,-0.39078188545547254,0.10494582008002268
287,0.16425353485395255,0.08328603152229558,-0.06491807929557436,0.08317814774550597,0.39147074897276013,0.06518558869581906,0.2786243105946139,0.07558165268300798
288,-0.6306016666931176,0.11633458253721793,-2.2382030853937023,0.14504514150632902,-1.3804250857873037,0.12892529142185002,-1.1587882389384498,0.13074968599581047
289,-1.403696923618372,0.14124554171347348,-2.6655807572355963,0.15432011594686548,-1.5599110375124332,0.13369750385479962,-1.088517104957933,0.12860405162990263
290,0.09910136894385835,0.08647147324764305,-0.48665465976444366,0.09827797360323795,0.38810885362244396,0.0653654036217337,0.49465031178730834,0.0632603563378246
291,0.18791103417737942,0.08209877926166816,-0.9093369969879586,0.11137621092825396,-0.12843762667409164,0.08876661153810844,0.058354830679531955,0.08635336669756812
292,-2.197884375558618,0.16291695088457978,-3.288521405962973,0.16691867784821354,-1.9324594758876597,0.1430957951268045,-1.4349461216100265,0.13886100715291472
293,-0.19491334421935913,0.09958710333881766,-0.8615978834664577,0.10997502850103387,-0.3916803246455167,0.09857813698403069,-0.49991091582811764,0.10898541085851127
294,0.0,0.0,0.0,0.0,0.0,0.0,0.0,0.0
295,-0.7626013679765804,0.12095169146980704,-0.7660487621959324,0.10711554215594002,-0.35530780386269645,0.09728140449392593,-0.5164693441784731,0.10958533776339646
296,-0.10294512194842742,0.0956779467789488,-1.4642329086441581,0.12652956689738912,-0.6696553819019109,0.10797526619944715,-0.496311435487123,0.10885456092701482
297,0.0,0.0,0.0,0.0,0.0,0.0,0.0,0.0
298,-8.46686060858048,0.2803095447456019,-4.913158503519173,0.19600218155912974,-3.5782485943531723,0.17879713189129573,-3.3167734995906963,0.18489078391701055
299,-7.914469209263812,0.2720086026454408,-5.2400866051237305,0.20134759825536747,-3.7854254829629683,0.1827978744622172,-3.995325825173495,0.19889210457200907
300,-2.2958287843638856,0.16539303472957836,-4.742959923857371,0.19316081883728062,-3.504168894553181,0.17734469269822678,-2.873776236861599,0.17514707876526775
301,-8.878642121963594,0.28634098920027884,-2.554884684836844,0.15197211362150803,-1.6982983336562225,0.1372637454663144,-1.39149478204408,0.13761645039160572
302,-0.07676498637736717,0.09453559397807987,-1.4347139061386418,0.12576943591614864,-0.6791983186239228,0.10828339355880331,-0.6877156304895962,0.11560730286366737
303,0.2305992785602392,0.07991185082034494,-0.13250365913544004,0.08577701953745068,0.4881932007241605,0.059781098091739655,0.5103232987858262,0.062271647129596895
304,-0.029196624382096248,0.09242385337263384,-0.11183722786788408,0.0849907674207654,0.29515840538095117,0.07015467630085023,0.08330852966069091,0.0852014975097329
305,-0.5828920290930997,0.11462003608647288,-2.385502521334849,0.1483073639545603,-1.4130017989641495,0.129804481103667,-1.132604607363794,0.12995434494081604
306,-1.8400375426191133,0.15353130284829317,-2.8472485844567617,0.15809796113344313,-1.6709892453640198,0.13656736570963487,-1.208963855099391,0.13226043224123485
307,0.16567974322696244,0.08321493702180939,-0.28765155774647533,0.09146402806248494,0.3226061992955085,0.06877513815511177,0.3738593208989025,0.07041603917622347
308,-1.4678303216537376,0.1431174345812301,-3.400250582135972,0.1690790696497278,-2.3268265587365673,0.15241437955742113,-2.017279300427785,0.15457647152441706
309,0.07887291960686815,0.0874368835521913,-0.1888273549229602,0.08788414658133394,0.309430512191184,0.06944077438540466,0.2644113709795727,0.07632259645906839
310,-8.878642121963594,0.28634098920027884,-7.242438806019438,0.2314083419978853,-5.591388357481796,0.2145355721379501,-4.744728424888108,0.21328994598362674
311,-6.592339967687492,0.2510283191194158,-5.74437929133521,0.20932550038825617,-4.310336999914419,0.19256258348809963,-4.9070593813269285,0.21628246029931325
312,0.04133184811822599,0.08920086065593717,-0.3367269534091706,0.0931906836007878,0.2992752972389947,0.06994949389298143,0.42850506285471457,0.06727315975370951
313,0.20827403888197782,0.08106293757540638,-0.7320657971079112,0.10607995769327613,-0.04625024179179027,0.08547294111714128,0.15466101447359004,0.08181841877039771
314,0.2789122499936503,0.0773622253092997,-0.2867586994078406,0.09143231195842766,0.15834793905653777,0.07666147273424448,0.4036747840452062,0.0687190615399817
315,0.328796003151257,0.07463837263108831,-0.17888427005860996,0.08751585325659778,0.41498730553651186,0.06391363345338831,0.45062470395174914,0.06595841275542354
316,0.30761356586593225,0.07580697551883842,-0.34711373634091536,0.09355204324449581,0.13337628874179286,0.07779042536535001,0.02747878880639132,0.08775768818240069
317,-3.1860307337132987,0.18639579089086725,-4.067944567558943,0.18145422003823317,-2.7478386413817075,0.1617712364368744,-2.098223291664695,0.1566361464589529
318,-0.7056993262857745,0.11898333392721498,-2.3692179855599766,0.14795024890440223,-1.3861360739086548,0.12907985409299988,-1.1744417827365274,0.13122286791838955
319,-0.13237544471669604,0.09694604947540822,-1.3180445794084403,0.12271906475824995,-0.6524258573058406,0.10741671177661682,-0.7067696781592077,0.1162580655245539
320,0.143382882420926,0.08431954785355816,0.13715185367792848,0.07487180965334629,0.602957369863903,0.0526537651606719,0.4562038680406353,0.06562263876833749
321,-8.878642121963594,0.28634098920027884,-6.105364698928991,0.21485443953590233,-4.592056719165878,0.1976044162731827,-3.9891092093450125,0.1987683067688011
322,-0.6016989318447943,0.11529894614034926,-0.2774163773957854,0.09109979188866815,0.24222320593857072,0.07274137620646895,0.16022612752786336,0.08154865680176825
323,-0.11008499024208063,0.0959871307714621,0.0635761856934538,0.07799870097638578,0.22628144110273962,0.07350254382410422,-0.18244760477516198,0.09676684596555231
324,-0.6095132370987886,0.11557986189094782,-1.7400584561368695,0.13342310983576894,-0.6874724963377414,0.10854984661752007,-0.3926224769103006,0.10501524092706323
325,-8.463101338172315,0.28025388405445806,-5.542991993131446,0.2061765837850537,-4.161820303638469,0.1898507439674393,-3.7624175174118717,0.19420006295826742
326,0.024131173714646903,0.08999753557711081,-0.2156624783183938,0.08887050563031595,0.4748574951151451,0.060554921889056104,0.47174814589951186,0.0646779353489788
327,-8.878642121963594,0.28634098920027884,-8.771881925997873,0.2519650187972309,-6.916635212699058,0.23511545586879487,-5.799627260641939,0.23204819044284572
328,-0.16306879971411492,0.09825113986630721,-0.3775872359777763,0.09460426153524895,0.1601533976796552,0.07657920392640205,0.1606649396684905,0.08152734796034694
329,-0.8696573745661182,0.12457070095630102,0.03826330162049851,0.07904588007381232,-0.16497438530209485,0.09019221459810595,-0.5354408812138456,0.11026868174471197
330,0.060575975075795374,0.08830102118105938,0.46991262019944846,0.05868469845215003,0.6557613930654305,0.04902760182693184,0.6248859594462126,0.05450260910110576
331,-0.6116171257774186,0.11565537781237785,-1.391141397887428,0.12463894784097805,-0.24945595618378635,0.09340526102020853,0.029385405017305022,0.0876716220293913
332,-1.386973392205848,0.1407533317433487,-0.5717050808080684,0.10105008275011368,-0.7971085101865756,0.1120206305594992,-1.3461089535248365,0.13630435164982002
333,-3.8284376320085043,0.20018807702333358,-5.250791347625861,0.20152022811981365,-3.856566601902917,0.1841516171583094,-3.6439956137485394,0.19177038198145677
334,-4.972175409385428,0.2226389639064201,-3.0296762978744667,0.16180287174099772,-2.038225425088437,0.1456534780086536,-1.7263430480044977,0.14693521181355726
335,-0.04264872771853567,0.09302590496950482,-0.39098618241260596,0.09506322704148833,0.3417194578556013,0.06779792022913816,0.484364985807643,0.06390087912918557
336,-8.878642121963594,0.28634098920027884,-8.658130484370195,0.25049420268697853,-6.819118866925861,0.23366290420434638,-5.713175926339537,0.23056832635213617
337,-0.7882067739811676,0.12182705970452205,-2.681305220132455,0.15465075988581517,-1.7210340942563032,0.13784082199658185,-1.588619411573975,0.1431758383124007
338,-0.9944775540302453,0.1286617550796247,-1.437133446286059,0.1258319132023644,-0.4604110222566098,0.10098303372657992,-2.1924424482794995,0.15900001718263473
339,0.00650680632565892,0.09080658490822772,-1.0939363756012916,0.11663607210025928,-0.35609578303577405,0.09730968020433424,-0.22987990155813098,0.0986885993134101
340,0.0,0.0,0.0,0.0,0.0,0.0,0.0,0.0
341,0.4425659456403409,0.06801921933588546,-0.04454501372789865,0.08237866033718566,0.6040179852247572,0.052583391436823154,0.6053436202035377,0.05590429779641982
342,-0.7531167528940439,0.12062583002497974,-0.08274594637410715,0.08387150346769894,-0.06688178766127417,0.08631156937734276,-0.687491784973806,0.1155996359812856
343,0.0,0.0,0.0,0.0,0.0,0.0,0.0,0.0
344,-0.11360075701057593,0.09613901174884189,-0.9399691955385383,0.11226608084313204,-0.01524663895015399,0.08419700488983478,0.2336860283518979,0.07790027750597611
345,-8.878642121963594,0.28634098920027884,-7.249146261139758,0.2315024795133442,-5.617147121476869,0.21495435968363655,-4.683503134356602,0.2121503168788594
346,-0.15567249408331651,0.09793823728206835,-0.27865201633606884,0.09114384144220719,0.1709159232865849,0.07608694548638467,0.01716768702062077,0.08822168454329106
347,0.033959551240548946,0.08954318754672849,0.25407864368276156,0.06961417260215486,0.5073138673604,0.05865378350984964,0.249743224750135,0.07707980297750817
348,-5.772608359809379,0.23708980308591143,-1.1041654183401275,0.11692061318322013,-0.49882146414859196,0.1023023981582992,-1.576376505486262,0.14283686112887853
349,0.08172082697936545,0.08730161181802969,0.13666196003019027,0.07489306137608387,0.5835971742204087,0.053922211633431374,0.4193774238356386,0.06780825871693041
350,-0.26718645390163775,0.10255460249875914,0.34328521319241045,0.06531900228775493,0.28442106582181925,0.07068701395225399,-0.09669498500596707,0.09319198484468486
351,0.11509639451952525,0.08570040554972322,0.0758622223204598,0.0774853335672042,0.5526788038230108,0.05588826162907998,0.4219186083647728,0.06765970933412212
352,-0.21666173733164795,0.1004892997451589,0.05287474979379736,0.07844311881731528,0.46948121022610834,0.060864106056986104,-0.06058265590435297,0.09164481380585006
353,0.15586496517648607,0.08370296795204056,-0.609043335554212,0.10224333698080224,-0.03640928935495791,0.08507001532302869,0.12450106540569006,0.0832651835656973
354,-3.643170627944879,0.19630990664313686,-6.1074262489392925,0.21488560620132457,-4.645417474795058,0.19854497237662955,-3.8694327689404027,0.19636985519802164
355,0.0,0.0,0.0,0.0,0.0,0.0,0.0,0.0
356,0.0,0.0,0.0,0.0,0.0,0.0,0.0,0.0
357,-0.004662441503911596,0.09131560024100316,-1.7575842773699915,0.133849126727599,-1.0315567941434187,0.11910372559810176,-1.1217307967405175,0.1296226133038049
358,-0.7731467851409968,0.12131297110595343,0.03563381252091358,0.07915386618016398,0.2768596723054667,0.07105950099989881,0.33578095549879705,0.07252559403120278
359,-0.2211570870473616,0.10067477366551628,-1.0777437769019795,0.11618421821974802,-0.3698380291230605,0.09780149015614116,-0.1315962562183819,0.09466324415142946
360,-1.1655172735326866,0.13406509520349214,-0.9206220098597331,0.11170486696545018,-1.5319834486517823,0.13296621114781867,-1.8892746693380063,0.15126207297775732
361,-0.3360658475036733,0.10530495966942997,-2.0262124646036366,0.14021705871241677,-1.1335310852440874,0.12205634196750532,-0.9373738081206104,0.12386321400976683
362,-0.3543578020865146,0.1060233693649668,-0.7571327345531706,0.10684480965644699,0.13086573123730671,0.07790302100342537,-0.2175524773732609,0.09819276223276915
363,-0.46015663091267767,0.11008664016531026,-0.18338750352971434,0.08768284533795037,0.1332789600441301,0.0777947934827506,-0.38650858096250795,0.10478446822924631
364,0.0,0.0,0.0,0.0,0.0,0.0,0.0,0.0
365,0.0,0.0,0.0,0.0,0.0,0.0,0.0,0.0
366,0.0,0.0,0.0,0.0,0.0,0.0,0.0,0.0
367,0.07715799849018212,0.08751823911887699,-1.0605552457599141,0.11570264213143112,-0.30090679399264175,0.09530900890992422,-0.17266791334774534,0.09636584943409035
368,-0.8001341588136563,0.12223267925458317,0.03667174396458406,0.07911125871142853,-0.19798429052533884,0.09146110079724944,-0.5024085216111835,0.10907611270218337
369,-1.7697328741573273,0.1516190732124931,-1.2309963528503491,0.1203928166485558,-2.052041645233462,0.14598427931797875,-2.617101626600198,0.16924505500170614
370,-0.9038793892537436,0.1257055958515575,-2.5613677932394325,0.1521106276631494,-1.5744835514618774,0.13407750609836325,-1.4381187158542796,0.1389514416432023
371,-8.878642121963594,0.28634098920027884,-7.1558646461846,0.2301898393242723,-5.53696421143008,0.21364804159935577,-4.620419588142491,0.21096965963826378
372,-1.5405791978595125,0.14521158428316422,-3.8711687338613077,0.17789663435097083,-2.7916008451953718,0.16271296848096312,-2.271001595494614,0.16094445213400088
373,-1.5517736822480899,0.1455311535518815,-3.061523345186007,0.1624409878415961,-1.8289030151617678,0.14054645369478763,-1.3382568855987844,0.13607606556868185
374,-8.363952779460634,0.27878185418517953,-3.198624113330256,0.16515991198999017,-2.2456996885224605,0.15054454710358509,-2.0864268440462004,0.15633766695947662
375,0.16227991084265525,0.0833843139496709,-1.1432806556061044,0.11800235291963444,-0.46706845819270093,0.10121294285318462,-0.4806561427779996,0.10828361329505544
376,0.44074709281942426,0.06813009899351591,0.3060746007620856,0.06714405052648656,0.6813576032720454,0.0471696487845674,0.6148214621031705,0.05522893555585773
377,0.0,0.0,0.0,0.0,0.0,0.0,0.0,0.0
378,0.43246961969565056,0.06863244205437137,-0.27667640139714655,0.09107340212806198,0.24472864892424562,0.07262102397024653,0.2590065734952054,0.07660247654269295
379,0.3596658492027329,0.07290179589786028,0.1421826291107422,0.07465322316407051,0.6013802521197802,0.05275823616849212,0.5482375452872139,0.05981232715955844
380,-1.4123343113362257,0.14149908834135128,-3.0226683186770753,0.16166211544960046,-1.8306495808082537,0.1405898337133432,-1.3610282866475236,0.13673705689647409
381,-1.3830117678717713,0.1406364801305128,-1.769575449719592,0.1341398280719369,-0.7235271134207728,0.10970335826186717,-0.4560259421651187,0.10737920625126195
382,-1.8892404682324853,0.15485553729040072,-3.1683877782416356,0.16456413899654937,-2.0051324517040783,0.14485806236882384,-1.5369175018893495,0.14173881749093276
383,0.0,0.0,0.0,0.0,0.0,0.0,0.0,0.0
384,-0.08492982408064864,0.0948933368901702,-0.2738395782066394,0.09097216158678999,0.4332606165506121,0.06290751926190252,0.39635788724903587,0.06913936684537281
385,0.23078285746570926,0.07990231677334184,-1.0555590476697598,0.11556228574987519,-0.38617177640734157,0.09838284758206059,-0.39383258207108285,0.10506085698345813
386,-0.2877603340458885,0.10338378225944507,0.13859177613408047,0.07480931046603714,-0.04604417728120347,0.08546452352907204,-0.39104432549943446,0.10495572123230087
387,0.5366835436348134,0.06201171719952626,0.5931479512433245,0.051412580034330434,0.5846659457727006,0.053852966722577965,0.4336999832003262,0.06696670338027177
388,-1.5140966549187698,0.14445277188685696,-3.2128191625525613,0.16543886942704347,-2.077140814975804,0.14658331798412452,-1.59108233563372,0.14324393395019938
389,-0.5752201274731286,0.11434193065702145,-1.7413083863263088,0.1334535381206348,-0.7779017131868551,0.11142040603821933,-0.4365601104086583,0.10665900658612402
390,0.4104357350922604,0.06995205392465481,0.37621316227215196,0.06366038316557468,0.6860677059954983,0.046819725092910894,0.6317973200877871,0.0539981779101527
391,-2.523331463975391,0.1710061170786813,-3.4921110931721664,0.1708348178768166,-2.174015882131266,0.14887281840320427,-1.5913753262538726,0.14325203248533663
392,0.0,0.0,0.0,0.0,0.0,0.0,0.0,0.0
393,0.0,0.0,0.0,0.0,0.0,0.0,0.0,0.0
394,-1.5263625097959514,0.1448047235243533,-2.805471976359457,0.15723723891601363,-1.5468202294614595,0.1333552162486214,-1.1325443130544306,0.12995250785323936
395,0.0,0.0,0.0,0.0,0.0,0.0,0.0,0.0
396,0.02780701235093941,0.08982787725725344,-0.616167583448771,0.10246943480029713,0.03279545464612599,0.08218073610398599,0.2295968366376746,0.07810784604313392
397,0.2430532942314566,0.07926245988884867,0.2931660896785274,0.06776568508572806,0.671840362155259,0.0478688996344314,0.5502961952839643,0.05967589124829948
398,-3.652556146376578,0.1965082129580126,-4.827963899052317,0.1945850952945907,-3.3611979535958607,0.17450736560782532,-2.6585689081174624,0.1702124224097517
399,0.4818315014836534,0.06557984687474931,0.0151403478943819,0.07999048273592381,0.4771146744166188,0.06042464248361783,0.5017039208700139,0.06281731477051783
400,-0.7081969516551887,0.11907041465739873,-0.10152973934954312,0.08459588893551583,0.3636063998034388,0.06666129777848692,0.34830874034403914,0.07183838841870271
