DRAIN,BYPAR,ALB,RSSA,ths,ksat,CINTRL,FRINTLAI,GLMAX,CVPD,R5,T1,T2,PSICR,FXYLEM,MXKPL,VXYLEM_mm,DISPERSIVITY_mm,MAXROOTDEPTH,BETAROOT
0.08875000000000001,0.75625,0.16525,175.25875000000002,0.588125,0.25375000000000003,0.173375,0.115175,0.01698625,2.0575,262.1875,9.4375,31.68125,-3.92875,0.31475000000000003,10.098749999999999,5.82625,33.29875,-4.128125,0.88175
0.90625,0.93875,0.25175000000000003,1468.14625,1.743125,-0.28125,0.073625,0.158825,0.017638749999999998,1.0975,266.5625,5.4375,29.69375,-1.16125,0.57125,28.44125,48.89124999999999,40.47625,-2.418125,0.8672500000000001
0.5237499999999999,0.86875,0.22924999999999998,973.4762499999999,1.461875,0.07874999999999999,0.068375,0.021125,0.00103625,2.7325,287.5625,6.1375,27.18125,-2.25625,0.43025,5.16875,91.95625,67.20625,-3.610625,0.89275
0.75125,0.31625,0.23074999999999998,632.4537499999999,1.0118749999999999,0.20375,0.493625,0.08862500000000001,0.0053862499999999995,1.4875,204.4375,8.587499999999999,30.06875,-1.6637500000000003,0.5667500000000001,18.87125,23.39875,36.26875,-3.520625,0.93725
0.62125,0.98625,0.19674999999999998,1007.20375,1.3756249999999999,0.09124999999999994,0.714125,0.053525,0.02155375,2.6275,146.6875,5.4625,20.24375,-2.46625,0.37625,25.25125,73.14625,19.93375,-0.9781249999999995,0.88275
0.97375,0.02875,0.28774999999999995,505.03875,0.569375,0.33875,0.3011249999999999,0.159275,0.02532375,1.6675,333.9375,13.987499999999999,33.85625,-1.40125,0.29375,2.34125,96.16375,50.37625,-2.024375,0.99825
0.60875,0.28375,0.11525,831.07125,0.723125,0.14874999999999994,0.736875,0.026975000000000002,0.0029212500000000002,2.5575,102.0625,5.7375,22.53125,-3.77125,0.24275000000000002,27.78875,5.57875,35.52625,-3.351875,0.89425
0.7737499999999999,0.5812499999999999,0.21725,205.23875,1.986875,0.09624999999999995,0.519875,0.040475000000000004,0.02082875,2.2075,294.5625,14.712499999999999,21.40625,-3.59125,0.71675,23.65625,26.36875,54.58375,-0.8881250000000005,0.93625
0.59375,0.65125,0.19574999999999998,1265.78125,1.8781249999999998,-0.016250000000000042,0.581125,0.18852500000000003,0.00944625,1.3475000000000001,269.1875,12.7625,25.53125,-1.4612500000000002,0.5502500000000001,17.78375,64.73124999999999,77.84875,-4.758125,0.90225
0.09375,0.67625,0.16475,1014.69875,1.506875,0.12624999999999997,0.39912499999999995,0.173675,0.010388749999999999,1.4275,211.4375,14.9125,32.09375,-3.37375,0.30575,29.166249999999998,24.88375,70.67125,-1.0343750000000003,0.96175
0.026250000000000002,0.49374999999999997,0.21975,1445.6612499999999,1.671875,0.35875,0.535625,0.09312500000000001,0.013288749999999998,2.3875,261.3125,14.2875,31.08125,-3.5012499999999998,0.59225,15.536249999999999,18.69625,43.94125,-4.915625,0.84875
0.22625,0.64625,0.23124999999999998,564.99875,1.371875,-0.04375000000000001,0.29062499999999997,0.075575,0.01807375,2.2024999999999997,341.8125,7.8125,25.75625,-3.12625,0.21425000000000002,2.84875,79.58125,72.65125,-4.150625,0.8622500000000001
0.95125,0.80875,0.29674999999999996,1336.9837499999999,1.911875,0.36375,0.619625,0.100775,0.00139875,1.6025,88.0625,13.612499999999999,23.88125,-2.47375,0.61775,4.22625,3.1037500000000002,31.318749999999998,-1.3943750000000001,0.96325
0.95625,0.24625,0.18924999999999997,1475.6412500000001,1.338125,0.028749999999999942,0.080625,0.04452500000000001,0.02822375,2.4225,155.4375,14.4875,23.95625,-2.17375,0.33425000000000005,4.37125,67.20625,78.83875,-0.5843750000000005,0.9902500000000001
0.23625000000000002,0.36624999999999996,0.23625,422.59375,1.2181250000000001,-0.24625000000000002,0.34312499999999996,0.11292500000000001,0.021988749999999998,2.1574999999999998,377.6875,6.0875,22.75625,-3.41125,0.7272500000000002,14.883750000000001,76.85875,28.10125,-4.083125,0.92825
0.47375,0.99625,0.20725,857.30375,1.4056250000000001,-0.44625,0.148875,0.051275,0.01959625,1.6324999999999998,382.9375,11.7625,30.81875,-1.70125,0.44225000000000003,12.491249999999999,37.75375,6.32125,-1.439375,0.82125
0.67625,0.09875,0.19774999999999998,748.6262499999999,1.484375,-0.49625,0.39562499999999995,0.11697500000000001,0.025251249999999996,1.6575,205.3125,11.8125,24.25625,-3.14125,0.43625,25.75875,48.39625,49.138749999999995,-3.205625,0.99975
0.76625,0.47875,0.13925,212.73375000000001,1.285625,-0.18625000000000003,0.645875,0.186275,0.009663749999999999,2.3975,396.0625,12.0625,27.74375,-1.6712500000000001,0.7152500000000002,22.85875,78.34375,26.86375,-1.0231249999999998,0.92025
0.07875,0.6437499999999999,0.10275000000000001,864.79875,1.638125,-0.38875,0.721125,0.053075,0.02401875,2.6375,245.5625,7.5875,26.76875,-3.98125,0.7662500000000001,8.213750000000001,64.23625000000001,94.18375,-4.173125,0.92275
0.78625,0.7737499999999999,0.27675,1224.5587500000001,1.9268750000000001,-0.27375,0.3903749999999999,0.13992500000000002,0.027933749999999997,2.5125,158.9375,7.512499999999999,31.30625,-2.7212500000000004,0.30275,22.93125,11.518749999999999,38.99125,-1.450625,0.9087500000000001
0.83375,0.85875,0.28825,579.98875,0.595625,-0.27875,0.124375,0.12147500000000001,0.009011249999999998,1.2675,189.5625,9.4125,32.54375,-3.02125,0.5787500000000001,23.00375,42.20875,96.41125,-4.308125,0.91725
0.8362499999999999,0.60625,0.22325,388.86625,0.610625,-0.19125000000000003,0.38862499999999994,0.172775,0.00263125,2.6975,200.0625,13.3875,32.01875,-3.71125,0.42575,27.93375,88.49125000000001,66.21624999999999,-3.7906250000000004,0.97075
0.65625,0.24125,0.11775000000000001,430.08875,0.9293750000000001,-0.24375000000000002,0.052625000000000005,0.180875,0.027716249999999998,1.6225,97.6875,11.912500000000001,31.86875,-2.5562500000000004,0.33725000000000005,26.99125,32.55625,47.90125,-1.428125,0.8147500000000001
0.16625,0.73875,0.29974999999999996,1378.20625,0.749375,-0.003750000000000031,0.44462499999999994,0.11112500000000002,0.025541249999999998,1.2425,200.9375,7.1625,32.99375,-1.36375,0.7332500000000002,29.673750000000002,93.68875,86.26375,-2.733125,0.92875
0.32375,0.13625,0.20074999999999998,1149.6087499999999,1.4168749999999999,-0.12375000000000003,0.36237499999999995,0.174125,0.01575375,2.6174999999999997,369.8125,10.1625,28.456249999999997,-2.19625,0.78725,17.85625,19.19125,38.74375,-1.6643750000000002,0.91325
0.20375000000000001,0.88375,0.28374999999999995,193.99625,0.955625,-0.11875000000000002,0.637125,0.187175,0.023438749999999998,2.4025,160.6875,9.3625,22.79375,-3.34375,0.20825000000000002,11.11375,59.78125,95.42125,-4.386875,0.95575
0.32625,0.22625,0.25275000000000003,846.06125,0.6856249999999999,-0.37375,0.101625,0.044975,0.02314875,2.3525,96.8125,14.1875,24.81875,-1.1837499999999999,0.5367500000000001,29.81875,74.38374999999999,97.89625,-2.519375,0.98525
0.22375,0.25375,0.29525,201.49125,1.056875,0.42374999999999996,0.705375,0.196625,0.02757125,1.3025,197.43749999999997,13.6625,26.01875,-1.59625,0.7617500000000001,13.94125,89.97625,10.28125,-4.420625,0.91625
0.43374999999999997,0.88125,0.29474999999999996,246.46125,0.846875,-0.25375000000000003,0.575875,0.05487500000000001,0.02032125,1.2125,95.0625,10.1875,32.43125,-1.01125,0.38375000000000004,21.77125,22.16125,16.96375,-3.239375,0.88825
0.20875000000000002,0.83375,0.23725,85.31875000000001,1.994375,0.17874999999999996,0.120875,0.19842500000000002,0.013506249999999997,2.5625,94.1875,9.1625,20.80625,-3.57625,0.49925,6.836250000000001,60.028749999999995,1.3712499999999999,-2.226875,0.8642500000000001
0.26125,0.35125,0.24975,1262.0337499999998,0.520625,-0.37625,0.4306249999999999,0.06657500000000001,0.00234125,1.7374999999999998,248.1875,6.1625,22.45625,-2.7737499999999997,0.24875000000000003,26.048750000000002,43.693749999999994,47.15875,-4.015625,0.81625
0.70125,0.11625,0.18424999999999997,771.1112499999999,1.735625,-0.19625000000000004,0.33962499999999995,0.11562500000000002,0.02546875,2.2375,305.9375,10.1375,25.86875,-2.27875,0.55325,25.97625,88.73875,80.07625,-1.484375,0.95775
0.53125,0.30624999999999997,0.29125,816.08125,1.3231249999999999,0.48124999999999996,0.08937500000000001,0.132275,0.02749875,2.6775,171.1875,8.9375,22.68125,-1.7087499999999998,0.31925000000000003,1.76125,55.82125,19.43875,-1.3606250000000002,0.82425
0.89125,0.59625,0.12875,553.7562499999999,0.696875,-0.49125,0.710625,0.150725,0.00161625,1.2974999999999999,240.31249999999997,11.287500000000001,24.96875,-1.0562500000000004,0.50075,28.22375,94.92625,30.823749999999997,-0.8431250000000006,0.8492500000000001
0.45875,0.39875,0.28174999999999994,2.8737500000000002,1.248125,0.09875,0.6178750000000001,0.192575,0.00777875,2.9825,336.5625,6.5125,26.05625,-2.42125,0.45575000000000004,6.98125,91.70875,8.05375,-2.901875,0.93275
0.84875,0.37875,0.26425,448.82624999999996,0.854375,0.13624999999999998,0.47262499999999996,0.19887500000000002,0.01676875,1.6475,108.1875,10.6875,26.99375,-1.0187499999999998,0.26375000000000004,12.78125,93.93625,24.141250000000003,-0.6968749999999995,0.8442500000000001
0.73375,0.03125,0.22675,692.4137499999999,1.083125,0.10624999999999996,0.41837499999999994,0.041825,0.02133625,1.4475,298.9375,14.9625,27.78125,-2.99125,0.36275,8.86625,36.51624999999999,83.29375,-4.375625,0.8592500000000001
0.47625,0.12875,0.23925,47.84375,1.9343750000000002,0.22375,0.37637499999999996,0.064775,0.01096875,2.8725,137.9375,5.1125,26.43125,-3.20125,0.56375,3.35625,79.33375,98.39125,-3.374375,0.8662500000000001
0.50375,0.14125000000000001,0.17124999999999999,508.78625,1.608125,-0.28375,0.31162499999999993,0.17502500000000001,0.0039362500000000005,1.4675,271.8125,6.7875,29.956249999999997,-2.7887500000000003,0.5727500000000001,12.99875,70.67125,24.63625,-4.184375,0.8077500000000001
0.5862499999999999,0.33875,0.21075,366.38124999999997,0.880625,-0.08125000000000004,0.41487499999999994,0.049925000000000004,0.00763375,2.2275,399.5625,13.5125,26.73125,-1.96375,0.25325000000000003,6.25625,9.53875,26.616249999999997,-1.3156250000000003,0.83725
0.39375,0.68375,0.20625,980.9712499999999,1.146875,-0.38125,0.33262499999999995,0.112475,0.01908875,1.6724999999999999,258.6875,10.8875,31.00625,-3.89125,0.34475,8.286249999999999,65.72125,38.496249999999996,-1.6306249999999998,0.82575
0.33625,0.34375,0.16075,1314.49875,0.5543750000000001,0.31125,0.119125,0.028325000000000003,0.021626249999999996,2.7225,333.0625,5.1875,25.19375,-1.72375,0.54725,8.79375,15.973749999999999,16.221249999999998,-2.125625,0.9097500000000001
0.11375,0.15125,0.18125,662.4337499999999,0.621875,-0.10375000000000001,0.32037499999999997,0.05397500000000001,0.027063749999999998,1.3525,390.8125,13.4375,25.11875,-1.55125,0.52475,11.331249999999999,66.46375,38.248749999999994,-3.8918749999999998,0.81525
0.05625,0.23125,0.17975,1220.81125,1.758125,-0.33375,0.589875,0.126425,0.01386875,1.7875,100.3125,12.4375,32.73125,-2.29375,0.52775,15.46375,87.50125,77.60125,-4.848125,0.84025
0.72875,0.49124999999999996,0.29174999999999995,546.2612499999999,1.998125,-0.29874999999999996,0.39212499999999995,0.05937500000000001,0.02293125,1.0575,237.6875,14.3875,25.98125,-1.9562499999999998,0.5082500000000001,5.24125,86.01625,96.90625,-3.745625,0.98925
0.17375000000000002,0.13125,0.22575,1389.44875,0.9406249999999999,0.36875,0.563625,0.08052500000000001,0.013651249999999997,1.4925,378.5625,9.8625,31.53125,-3.96625,0.7542500000000001,20.75625,9.29125,88.49125000000001,-4.218125,0.92925
0.29874999999999996,0.19625,0.14775,253.95625,1.776875,-0.14375000000000004,0.707125,0.163325,0.021481249999999997,1.0425,88.9375,5.2375,23.91875,-1.9937500000000004,0.29075,4.66125,45.17875,81.31375,-4.555625,0.87275
0.16375,0.56875,0.21225,535.01875,1.2293749999999999,-0.011250000000000038,0.210125,0.086825,0.00371875,1.4325,81.0625,13.2375,20.28125,-3.46375,0.34925000000000006,7.85125,13.74625,35.77375,-3.970625,0.93125
0.24625,0.39375,0.13975,1438.16625,1.709375,0.41874999999999996,0.6318750000000001,0.12417500000000001,0.01865375,2.0025,85.4375,14.6625,33.70625,-2.44375,0.51125,14.81125,58.29625,61.513749999999995,-1.3718749999999997,0.82025
0.46125,0.36124999999999996,0.20024999999999998,373.87624999999997,0.7831250000000001,-0.26625,0.6511250000000001,0.152525,0.019813749999999998,1.7625,308.5625,11.9875,22.60625,-1.22125,0.22475,2.63125,70.17625,37.01125,-1.2368750000000004,0.8602500000000001
0.40375,0.85375,0.16725,223.97625,1.236875,-0.37124999999999997,0.731625,0.13317500000000002,0.01379625,1.3075,265.6875,12.2875,30.25625,-3.38125,0.6792500000000001,3.71875,96.65875,7.06375,-0.7531249999999998,0.8067500000000001
0.043750000000000004,0.8987499999999999,0.13475,722.39375,1.765625,0.053749999999999964,0.6826249999999999,0.143525,0.00553125,2.2925,292.8125,5.9375,30.51875,-3.61375,0.38525,23.728749999999998,99.13374999999999,50.87125,-3.048125,0.8502500000000001
0.60125,0.43624999999999997,0.17825,257.70375,0.809375,0.25625,0.596875,0.039575,0.008938749999999999,2.8825000000000003,104.6875,8.8375,24.51875,-3.88375,0.38675000000000004,27.06375,98.14375,82.79875,-2.6431250000000004,0.91425
0.36874999999999997,0.66875,0.11725000000000001,1112.13375,1.536875,0.45875,0.071875,0.06342500000000001,0.022206249999999997,2.5925000000000002,124.8125,5.5125,34.38125,-3.30625,0.35075,27.13625,95.17375,28.59625,-3.2281250000000004,0.80125
0.44375,0.69125,0.28274999999999995,1235.80125,1.945625,0.14374999999999993,0.35712499999999997,0.17097500000000002,0.014883749999999998,1.1725,398.6875,9.1375,31.75625,-3.47875,0.7947500000000001,21.11875,90.47125,6.81625,-2.091875,0.90375
0.61625,0.32875,0.27175,673.67625,1.2068750000000001,-0.06625000000000003,0.44812499999999994,0.11652500000000002,0.011186249999999998,2.2874999999999996,367.1875,7.8375,25.49375,-3.1862500000000002,0.27275000000000005,21.84375,63.74125,87.00625000000001,-3.408125,0.82825
0.68125,0.99875,0.10075,501.29125,0.764375,-0.28875,0.108625,0.142175,0.00705375,1.0275,319.0625,8.1125,22.26875,-3.92125,0.57725,21.55375,8.05375,46.168749999999996,-3.441875,0.81825
0.51125,0.58375,0.24925,1456.90375,1.6906249999999998,0.40625,0.638875,0.040025000000000005,0.02902125,1.3275000000000001,109.0625,11.0125,27.48125,-1.11625,0.36575,5.82125,59.03874999999999,10.03375,-3.8131250000000003,0.87575
0.55125,0.34125,0.21325,74.07625,1.581875,0.38625,0.19437500000000002,0.16692500000000002,0.0042987500000000005,2.6625,253.43749999999997,13.2875,23.99375,-3.95125,0.5382500000000001,18.94375,14.488750000000001,83.04625,-1.529375,0.99325
0.008749999999999999,0.13375,0.24875,115.29875,1.806875,0.06374999999999997,0.20487499999999997,0.156125,0.00531375,2.1725,131.8125,10.1125,27.44375,-1.49125,0.6837500000000001,18.72625,56.811249999999994,65.47375,-3.093125,0.97775
0.19125,0.80625,0.13375,14.116249999999999,0.715625,0.33125000000000004,0.059625000000000004,0.169175,0.016261249999999998,2.2325,195.6875,7.4375,27.96875,-2.49625,0.52175,14.23125,71.41375,58.29625,-0.9331250000000004,0.95325
0.36624999999999996,0.75375,0.17025,1415.6812499999999,1.225625,-0.17125,0.47087499999999993,0.146675,0.029891249999999998,1.2775,128.3125,9.7375,23.65625,-1.23625,0.64475,8.938749999999999,75.37375,16.46875,-1.6081249999999998,0.8542500000000001
0.06875,0.27375,0.20925,729.88875,1.195625,-0.10875000000000001,0.23112499999999997,0.072425,0.00669125,1.5575,55.6875,9.2375,23.13125,-1.5212499999999998,0.77075,13.868749999999999,69.68124999999999,80.81875000000001,-1.8443749999999999,0.90725
0.62375,0.21375,0.23224999999999998,557.50375,0.7793749999999999,0.18125000000000002,0.614375,0.025175000000000003,0.016623749999999996,2.3375,153.6875,8.9875,29.88125,-2.01625,0.5202500000000001,23.293750000000003,35.27875,11.023750000000001,-1.765625,0.8157500000000001
0.85875,0.20375000000000001,0.16375,1078.40625,1.5743749999999999,-0.23625000000000002,0.099875,0.155225,0.00480625,1.1275,119.5625,14.0375,32.76875,-2.1812500000000004,0.44075000000000003,25.61375,87.00625000000001,90.22375,-0.5956250000000001,0.88625
0.67875,0.79125,0.15425,651.19125,0.869375,-0.47125,0.5041249999999999,0.049025000000000006,0.00930125,1.8424999999999998,246.4375,8.8125,21.21875,-2.1887499999999998,0.51275,3.50125,94.67875000000001,14.98375,-3.801875,0.8452500000000001
0.15125,0.60125,0.10525000000000001,883.53625,0.651875,-0.48625,0.680875,0.072875,0.02394625,1.8525,188.6875,5.8375,32.46875,-2.15125,0.6162500000000001,10.53375,52.356249999999996,40.97125,-4.623125,0.81025
0.92375,0.07375,0.26325,1363.21625,0.8206249999999999,-0.11625000000000002,0.113875,0.109325,0.016913749999999998,1.3325,303.3125,11.9625,27.40625,-2.96875,0.35225,24.16375,10.776250000000001,18.943749999999998,-3.5543750000000003,0.97875
0.40125,0.21875,0.22624999999999998,1299.50875,1.495625,0.07625000000000004,0.677375,0.09357500000000002,0.02960125,2.2424999999999997,61.8125,10.2625,34.04375,-1.1312499999999996,0.76325,22.64125,50.623749999999994,13.74625,-3.385625,0.80825
0.31875,0.40375,0.21925,250.20875,1.818125,-0.30874999999999997,0.453375,0.08637500000000001,0.01640625,2.6525,149.3125,5.3875,34.75625,-3.50875,0.26975000000000005,1.10875,12.508750000000001,73.39375,-0.663125,0.98325
0.94625,0.81625,0.18724999999999997,561.2512499999999,1.150625,-0.048750000000000016,0.44637499999999997,0.127325,0.014738749999999998,1.2175,347.0625,5.7125,26.20625,-3.78625,0.3702500000000001,28.58625,81.56125,3.35125,-1.0118749999999999,0.92225
0.40875,0.12625,0.26875,1396.9437500000001,1.983125,-0.48125,0.196125,0.06117500000000001,0.005168750000000001,2.0275,109.9375,8.9625,30.48125,-2.05375,0.7557500000000001,9.22875,3.84625,15.231250000000001,-4.229375,0.8287500000000001
0.31625,0.51625,0.15575,1153.35625,1.720625,0.43125,0.4166249999999999,0.170075,0.0028487499999999997,1.2275,156.3125,12.7125,30.40625,-2.94625,0.67625,18.07375,47.65375,21.17125,-2.069375,0.8472500000000001
0.96375,0.15375,0.25525,1070.9112499999999,1.893125,-0.34625,0.616125,0.153875,0.00640125,2.8375,342.6875,11.5625,27.36875,-1.07125,0.34775,10.171249999999999,80.32375,65.96875,-2.1818750000000002,0.80525
0.33375,0.49624999999999997,0.28025,954.73875,1.675625,0.38875000000000004,0.26437499999999997,0.025625000000000002,0.00168875,1.8925,272.6875,13.7875,20.39375,-2.20375,0.6312500000000001,16.69625,83.78875,35.27875,-2.271875,0.99925
0.74125,0.18625,0.20124999999999998,609.96875,1.803125,-0.36624999999999996,0.703625,0.185375,0.029166249999999998,1.6425,298.0625,14.7625,21.14375,-3.95875,0.32075000000000004,1.39875,44.18875,17.70625,-3.340625,0.84675
0.75375,0.97875,0.17074999999999999,962.23375,1.004375,0.30125,0.3938749999999999,0.057575000000000015,0.01771125,1.4775,306.8125,6.3875,27.06875,-1.9787500000000002,0.5427500000000001,8.06875,85.52125,94.67875000000001,-2.4631250000000002,0.9127500000000001
0.25375,0.63625,0.18824999999999997,235.21875,1.848125,0.32125000000000004,0.31512499999999993,0.10572500000000001,0.00567625,2.4924999999999997,116.9375,8.6625,25.38125,-3.26125,0.58625,4.95125,26.121249999999996,95.91625,-4.533125,0.96425
0.99125,0.54375,0.12975,1411.9337500000001,0.839375,-0.27625,0.37287499999999996,0.125525,0.019161249999999998,2.1775,224.5625,12.537500000000001,24.36875,-2.51125,0.20075,19.88625,47.40625,24.38875,-4.791875,0.95725
0.5137499999999999,0.86375,0.23825,1318.2462500000001,1.836875,0.32875,0.161125,0.09087500000000001,0.01669625,2.8875,241.1875,10.7875,20.91875,-3.42625,0.5442500000000001,25.46875,66.95875,75.62125,-2.834375,0.89725
0.49874999999999997,0.28125,0.24475,868.54625,0.734375,-0.008750000000000036,0.6966249999999999,0.037775,0.02111875,2.1825,60.9375,12.4875,31.231250000000003,-2.52625,0.49325,12.92625,43.94125,12.756250000000001,-0.9106250000000005,0.96075
0.39625,0.5912499999999999,0.26975,707.4037500000001,0.906875,0.42625,0.25387499999999996,0.19032500000000002,0.01372375,1.6375,375.9375,5.3625,25.15625,-3.59875,0.25475000000000003,3.13875,63.24625,80.32375,-1.259375,0.93375
0.7062499999999999,0.10125,0.12675,924.75875,1.214375,-0.36124999999999996,0.171625,0.170525,0.011766249999999999,1.4575,232.4375,9.462499999999999,26.13125,-3.54625,0.49175,21.98875,36.021249999999995,11.76625,-3.430625,0.99725
0.18875,0.18375,0.19274999999999998,21.611250000000002,0.985625,0.15374999999999994,0.694875,0.107075,0.02213375,2.6325000000000003,134.4375,6.4375,34.98125,-1.7537500000000001,0.70025,20.611250000000002,62.50375,27.11125,-2.350625,0.8552500000000001
0.6487499999999999,0.40125,0.21275,1134.6187499999999,1.379375,-0.17625000000000002,0.09112500000000001,0.190775,0.013578749999999997,2.3625,370.6875,7.9624999999999995,21.03125,-3.23125,0.69425,27.28125,62.00875,23.15125,-2.890625,0.94425
0.27625,0.54125,0.28574999999999995,909.76875,1.394375,-0.24125000000000002,0.23812499999999998,0.084575,0.01234625,1.1375,172.0625,9.1875,31.64375,-3.66625,0.51725,23.43875,12.756250000000001,94.92625,-3.689375,0.86775
0.22125,0.09125,0.10225000000000001,355.13875,0.531875,-0.006250000000000033,0.605625,0.12687500000000002,0.006328749999999999,1.3225,356.6875,10.037500000000001,26.58125,-1.65625,0.6207500000000001,4.44375,17.21125,25.131249999999998,-4.870625,0.85875
0.97875,0.17625000000000002,0.14025,834.81875,1.184375,-0.44125,0.687875,0.085925,0.02510625,2.9074999999999998,64.4375,8.5625,22.86875,-3.05875,0.6972500000000001,26.48375,22.90375,33.051249999999996,-2.969375,0.9257500000000001
0.12375,0.78875,0.27275,1344.47875,1.488125,-0.21625,0.136625,0.032375,0.021916249999999998,1.0825,133.5625,6.2125,27.85625,-3.49375,0.37175,2.05125,66.21624999999999,85.27374999999999,-1.551875,0.93575
0.88125,0.01125,0.12075000000000001,268.94624999999996,1.191875,0.48375,0.082375,0.12507500000000002,0.02017625,1.9224999999999999,300.6875,5.0625,32.16875,-2.24125,0.41975,26.41125,92.69875,59.03874999999999,-2.879375,0.83225
0.30124999999999996,0.00625,0.24525,1307.0037499999999,1.2931249999999999,0.13375000000000004,0.738625,0.046775000000000004,0.02996375,1.8475,136.1875,14.612499999999999,22.38125,-1.5662500000000001,0.26825000000000004,26.62875,33.051249999999996,61.26625,-0.9893749999999999,0.96925
0.058750000000000004,0.77625,0.15525,1370.7112499999998,1.919375,-0.26375,0.064875,0.14622500000000002,0.00611125,1.9075,107.3125,9.5125,20.09375,-1.34125,0.39275000000000004,6.11125,13.49875,60.52374999999999,-4.038125,0.95175
0.54625,0.41375,0.18225,1127.12375,0.565625,0.43625,0.34837499999999993,0.131825,0.021191250000000002,2.3725,329.5625,9.0125,26.46875,-2.36125,0.26675000000000004,18.36375,38.99125,67.94875,-2.823125,0.81325
0.68625,0.9612499999999999,0.19324999999999998,681.17125,1.863125,-0.18875000000000003,0.42537499999999995,0.181775,0.012128749999999997,2.2525,185.1875,13.887500000000001,28.49375,-1.3187499999999996,0.7827500000000001,11.18625,28.59625,48.14875,-2.395625,0.8512500000000001
0.29624999999999996,0.81125,0.24325,1228.3062499999999,1.881875,-0.12875000000000003,0.673875,0.06162500000000001,0.02003125,1.7725,236.81249999999997,8.7875,25.04375,-2.64625,0.24125000000000002,29.96375,4.588750000000001,5.57875,-2.946875,0.91125
0.51625,0.97625,0.11425,1303.2562500000001,1.300625,-0.45375,0.523375,0.133625,0.029238749999999997,1.1925,249.0625,11.4375,29.61875,-1.91125,0.42275,3.06625,12.01375,6.07375,-2.811875,0.99425
0.44625,0.27875,0.13275,1104.6387499999998,1.904375,0.026249999999999996,0.176875,0.08277500000000002,0.009736249999999998,1.9874999999999998,239.4375,5.9125,25.23125,-1.1012500000000003,0.7212500000000002,1.68875,6.32125,83.54125,-1.743125,0.91825
0.48374999999999996,0.43374999999999997,0.29425,587.48375,1.334375,0.23875000000000002,0.526875,0.195725,0.021263749999999998,2.7725,62.6875,11.6625,22.41875,-1.4537499999999999,0.6282500000000001,14.303749999999999,51.11875,88.24374999999999,-4.904375,0.85575
0.33125,0.31875,0.12275,287.68375000000003,1.2331249999999998,-0.33125,0.31862499999999994,0.140375,0.018581249999999997,2.0825,344.4375,9.2875,22.00625,-3.29125,0.39425,13.57875,32.308749999999996,56.06875,-2.7218750000000003,0.95375
0.31124999999999997,0.5237499999999999,0.27425,134.03625000000002,0.6481250000000001,-0.07625000000000004,0.747375,0.060725,0.00951875,1.5375,76.6875,5.8625,32.31875,-3.79375,0.39725,8.431249999999999,35.77375,67.45375,-1.0006249999999999,0.9217500000000001
0.21875,0.50875,0.11175,149.02625,0.730625,-0.11125000000000002,0.4096249999999999,0.068375,0.02249625,1.5225,141.4375,8.7375,21.63125,-3.97375,0.32525000000000004,22.061249999999998,11.76625,87.99625,-2.1031250000000004,0.94725
0.90125,0.58875,0.25575,1381.9537500000001,1.7843749999999998,0.36124999999999996,0.133125,0.023375,0.02024875,1.1575,221.0625,9.3875,28.38125,-1.02625,0.35975,19.37875,7.06375,60.028749999999995,-1.9231250000000002,0.98475
0.83125,0.07875,0.26825,1385.7012499999998,1.9493749999999999,0.04625000000000001,0.726375,0.031475,0.00400875,1.0525,174.6875,6.5875,24.29375,-2.45125,0.62675,13.288749999999999,80.81875000000001,63.49375,-1.1918750000000005,0.83275
0.42124999999999996,0.17125,0.10425000000000001,613.7162500000001,0.775625,0.03874999999999995,0.35887499999999994,0.034625,0.0064737499999999995,2.6425,207.0625,6.737500000000001,34.60625,-2.9762500000000003,0.6957500000000001,16.91375,32.06125,76.11625000000001,-4.859375,0.93775
0.66125,0.008749999999999999,0.11275,1325.74125,1.8406250000000002,0.45375,0.162875,0.138125,0.00147125,1.1775,83.6875,8.3125,21.25625,-2.09125,0.6747500000000001,18.00125,74.63125000000001,59.28625,-2.305625,0.9157500000000001
0.12875,0.31124999999999997,0.10975,1115.8812500000001,1.098125,-0.18125000000000002,0.3868749999999999,0.054425,0.013361249999999998,2.7175000000000002,250.8125,8.4375,31.56875,-3.3137499999999998,0.65375,24.59875,55.573750000000004,78.59124999999999,-3.543125,0.96675
0.43875,0.60875,0.15775,328.90625,0.828125,0.28874999999999995,0.34487499999999993,0.12057500000000002,0.01792875,1.8725,180.8125,7.6125,22.90625,-1.4837500000000001,0.40475000000000005,11.983749999999999,35.03125,70.91874999999999,-3.396875,0.8027500000000001
0.37875,0.45375,0.23024999999999998,786.1012499999999,1.131875,-0.21125,0.24512499999999998,0.075125,0.02575875,1.2625,318.1875,7.5375,22.94375,-1.0637499999999998,0.25625000000000003,10.31625,31.81375,51.613749999999996,-3.5881250000000002,0.97975
0.74875,0.94375,0.11675,1205.82125,0.659375,-0.47375,0.607375,0.08952500000000001,0.022061249999999998,1.2325,53.9375,13.262500000000001,30.293750000000003,-2.87125,0.6192500000000001,20.97375,44.436249999999994,90.47125,-2.4968749999999997,0.86275
0.69375,0.53625,0.26275,576.2412499999999,1.701875,0.28625,0.6353749999999999,0.154325,0.010026249999999997,2.1075,363.6875,12.9125,25.79375,-2.7287500000000002,0.76925,20.17625,53.34625,75.86874999999999,-1.0568750000000002,0.90325
0.04125,0.22375,0.22175,1460.6512500000001,0.9518749999999999,0.44625000000000004,0.661625,0.132725,0.02459875,1.6825,293.6875,14.8375,33.89375,-3.75625,0.6012500000000001,27.353749999999998,3.5987500000000003,41.46625,-3.633125,0.8097500000000001
0.64125,0.92875,0.10725000000000001,1082.15375,1.446875,0.39375000000000004,0.43937499999999996,0.162425,0.028513749999999997,1.6975,355.8125,7.2875,29.91875,-2.84875,0.32225000000000004,19.52375,9.043750000000001,43.44625,-0.6743750000000004,0.85675
0.31375,0.69625,0.28074999999999994,1310.75125,1.814375,0.47875,0.530375,0.161075,0.02590375,1.4625,113.4375,13.8375,27.89375,-3.1487499999999997,0.5547500000000001,24.30875,89.23375,58.543749999999996,-3.261875,0.88525
0.14375000000000002,0.91625,0.27125,1067.16375,1.2218749999999998,0.20125000000000004,0.561875,0.047675,0.029456249999999996,1.7525,242.9375,13.1125,23.54375,-3.44875,0.31625000000000003,28.731250000000003,17.953750000000003,92.20375,-3.2731250000000003,0.88725
0.23375,0.47125,0.26525,433.83625,0.704375,0.06874999999999998,0.164625,0.05712500000000001,0.00299375,2.1525,67.9375,6.3375,26.16875,-3.17125,0.77525,22.35125,40.97125,21.66625,-1.8668749999999998,0.83025
0.57125,0.32625,0.27875,478.80625,1.870625,0.023749999999999938,0.22062500000000002,0.021575,0.012056249999999998,1.1625,117.8125,12.1875,30.21875,-1.6412499999999999,0.41675,18.50875,89.72875,53.841249999999995,-2.0356250000000005,0.84575
0.86125,0.86125,0.21575,677.4237499999999,0.959375,-0.09875,0.278375,0.162875,0.02742625,1.5025,144.9375,8.7625,33.66875,-2.83375,0.7422500000000001,17.42125,2.36125,5.08375,-1.7543750000000005,0.94475
0.46875,0.21625,0.18574999999999997,1498.12625,1.053125,-0.17875000000000002,0.30987499999999996,0.026525,0.02517875,2.3425000000000002,192.1875,6.0375,25.41875,-3.26875,0.74675,9.591249999999999,2.60875,59.78125,-4.161875,0.8792500000000001
0.94375,0.9662499999999999,0.25225,827.32375,1.630625,-0.44375,0.145375,0.147575,0.02691875,1.0675,257.8125,5.6125,32.95625,-2.7437500000000004,0.6432500000000001,2.19625,24.38875,39.981249999999996,-2.373125,0.83125
0.21625,0.33125,0.13075,819.82875,0.550625,-0.13625000000000004,0.337875,0.055325,0.011113749999999999,1.8075,374.1875,5.1625,31.04375,-3.76375,0.28625,11.548749999999998,20.42875,42.45625,-2.429375,0.83525
0.18375,0.59375,0.18025,1029.68875,1.1056249999999999,-0.40375,0.3973749999999999,0.199775,0.026991249999999998,2.1325000000000003,72.3125,13.1625,30.59375,-2.30125,0.7977500000000002,22.78625,76.36375,36.021249999999995,-0.5393749999999997,0.9177500000000001
0.92625,0.04625,0.12325,467.56374999999997,1.165625,-0.05375000000000002,0.659875,0.08907500000000002,0.015536249999999998,2.8025,263.9375,10.3625,26.35625,-3.55375,0.7917500000000002,28.36875,21.17125,71.41375,-1.788125,0.91875
0.38375,0.74125,0.29074999999999995,415.09875,1.154375,-0.40625,0.497125,0.08322500000000001,0.02655625,2.7424999999999997,284.0625,5.3375,23.05625,-2.30875,0.6777500000000001,27.20875,46.66375,20.181250000000002,-3.644375,0.89675
0.24375,0.03875,0.18275,1160.85125,1.634375,-0.23875000000000002,0.556625,0.171875,0.009591249999999999,1.9525000000000001,366.3125,10.3125,24.18125,-3.3362499999999997,0.43475,5.3862499999999995,98.88625,52.10875,-1.810625,0.83975
0.54125,0.41125,0.18175,167.76375000000002,1.713125,0.18625000000000003,0.735125,0.138575,0.01814625,1.2225,101.1875,14.1375,31.90625,-1.8737500000000002,0.71075,28.80375,4.83625,8.30125,-4.983125,0.91225
0.10375000000000001,0.37374999999999997,0.11375,774.85875,1.390625,0.49875,0.189125,0.07107500000000001,0.017058749999999998,2.7024999999999997,151.9375,11.3375,20.35625,-2.61625,0.20525000000000002,19.66875,47.15875,29.09125,-0.7981249999999998,0.88375
0.53625,0.76125,0.26775,1408.18625,1.401875,0.19374999999999998,0.129625,0.16962500000000003,0.023583749999999997,2.4825,243.8125,11.7375,33.36875,-1.0862500000000002,0.41075000000000006,9.663749999999999,54.83125,30.576249999999995,-1.158125,0.85975
0.41125,0.06875,0.14175000000000001,208.98625,1.8331250000000001,0.30874999999999997,0.063125,0.118775,0.008866249999999999,1.5625,305.0625,10.5625,28.71875,-2.48875,0.7497500000000001,28.07875,13.00375,48.64375,-0.7081249999999999,0.8017500000000001
0.75625,0.70875,0.11925000000000001,1175.84125,0.9368749999999999,0.13124999999999998,0.27312499999999995,0.022925,0.02539625,1.9024999999999999,206.1875,8.9125,34.41875,-2.86375,0.65075,16.55125,41.46625,21.418750000000003,-2.755625,0.98125
0.15625,0.97375,0.22425,1366.9637500000001,0.8131250000000001,0.21124999999999994,0.675625,0.035525,0.02140875,2.7625,252.5625,5.8875,21.81875,-2.45875,0.60575,9.88125,38.496249999999996,98.14375,-2.283125,0.89125
0.7112499999999999,0.70125,0.11875000000000001,1441.91375,1.319375,0.21875,0.500625,0.12372500000000003,0.015463749999999998,1.0775,391.6875,7.6875,23.28125,-2.06875,0.52325,8.35875,95.66875,74.63125000000001,-3.126875,0.8217500000000001
0.09875,0.48124999999999996,0.20525,104.05625,1.266875,0.14625,0.23462499999999997,0.07197500000000001,0.02612125,2.7475,226.3125,11.0375,21.89375,-1.2437500000000004,0.7077500000000001,15.173749999999998,86.75874999999999,29.833749999999995,-1.3381250000000002,0.85375
0.73875,0.27125,0.18325,40.34875,1.420625,0.17625000000000002,0.18212499999999998,0.12282500000000002,0.00226875,2.8325,194.8125,14.8125,26.50625,-3.22375,0.7902500000000001,13.071250000000001,83.29375,13.00375,-1.135625,0.80725
0.55375,0.93375,0.20425,658.68625,1.255625,0.11124999999999996,0.27662499999999995,0.159725,0.011911249999999998,2.6075,230.6875,12.5625,26.65625,-1.15375,0.47375000000000006,16.26125,31.071249999999996,71.66125,-3.070625,0.8652500000000001
0.34375,0.30874999999999997,0.16275,137.78375,0.831875,-0.33875,0.44112499999999993,0.070175,0.025613749999999998,1.8025,152.8125,12.5125,27.51875,-3.01375,0.76475,19.81375,17.70625,99.38125000000001,-3.734375,0.89075
0.26625,0.87125,0.15625,752.37375,1.7806250000000001,0.19874999999999998,0.236375,0.050375,0.01684125,1.6124999999999998,122.1875,5.2125,34.94375,-3.44125,0.55775,24.52625,96.90625,58.048750000000005,-1.9343749999999997,0.88425
0.27875,0.75875,0.13175,1232.05375,1.360625,-0.05625000000000002,0.698375,0.10617500000000002,0.02256875,2.5324999999999998,379.4375,13.5375,28.53125,-2.04625,0.45275000000000004,25.39625,98.39125,46.41625,-3.104375,0.89825
0.88375,0.29374999999999996,0.20825,59.08625,0.753125,-0.46625,0.48487499999999994,0.04542500000000001,0.013216249999999999,2.5475,53.0625,14.2125,26.95625,-2.3762499999999998,0.5022500000000001,3.28375,42.45625,67.70125,-0.8093750000000002,0.97325
0.45625,0.26875,0.26575,119.04625,1.941875,-0.34125,0.6563749999999999,0.173225,0.01582625,2.2775,66.1875,12.212499999999999,33.63125,-3.11125,0.6402500000000001,6.69125,10.28125,16.716250000000002,-0.6518750000000004,0.93525
0.74375,0.85125,0.16875,759.86875,1.4806249999999999,-0.35125,0.623125,0.088175,0.009953749999999997,1.4425,98.5625,11.0875,22.71875,-2.63875,0.6627500000000001,6.54625,10.03375,63.988749999999996,-4.656875,0.89775
0.81875,0.23875000000000002,0.14125000000000001,242.71375,1.799375,-0.12625000000000003,0.34662499999999996,0.139025,0.02597625,1.2525,212.3125,7.1375,30.85625,-3.94375,0.6717500000000001,29.23875,40.72375,56.811249999999994,-2.0806250000000004,0.95275
0.41625,0.81375,0.26025,6.62125,1.649375,-0.42375,0.15587499999999999,0.135875,0.014231249999999997,2.0925000000000002,183.4375,7.4875,33.51875,-1.09375,0.32375000000000004,23.873749999999998,73.64125,1.86625,-4.735625,0.99775
0.20125,0.63125,0.13525,1247.04375,1.548125,0.26375000000000004,0.626625,0.074225,0.01727625,1.6775,291.9375,9.0625,21.18125,-2.02375,0.31025,8.72125,55.326249999999995,12.26125,-3.329375,0.8087500000000001
0.19875,0.87375,0.18075,804.83875,1.068125,0.47375,0.243375,0.11787500000000001,0.015028749999999997,2.4875,314.6875,5.4875,24.78125,-3.6887499999999998,0.42125,7.92375,41.71375,96.65875,-4.836875,0.8037500000000001
0.70375,0.44125,0.25325,160.26874999999998,1.0943749999999999,-0.15125,0.558375,0.030575,0.016333749999999998,1.8125,392.5625,6.8875,29.356250000000003,-2.32375,0.6552500000000001,17.638749999999998,10.52875,17.21125,-2.3618750000000004,0.81225
0.01125,0.45625,0.14425,332.65375,1.6531250000000002,-0.38625,0.150625,0.174575,0.00799625,2.8274999999999997,115.1875,9.7625,30.18125,-3.81625,0.46775000000000005,24.888749999999998,26.616249999999997,45.426249999999996,-1.698125,0.98975
0.93625,0.63375,0.26225,1359.46875,0.591875,-0.16375,0.085875,0.125975,0.00125375,1.2875,78.4375,7.7875,21.51875,-2.66125,0.67025,14.01375,2.85625,37.25875,-0.8656250000000005,0.9147500000000001
0.5812499999999999,0.36874999999999997,0.21675,370.12874999999997,0.921875,-0.31125,0.18562499999999998,0.08142500000000001,0.01734875,1.2825,77.5625,10.7375,31.79375,-2.13625,0.50975,28.65875,65.47375,84.28375,-4.994375,0.90475
0.37625,0.07625,0.21625,1052.1737500000002,0.790625,0.04125000000000001,0.668625,0.147125,0.00132625,2.5825,311.1875,7.8625,29.54375,-2.6012500000000003,0.6522500000000001,4.29875,15.231250000000001,14.736250000000002,-1.461875,0.9672499999999999
0.39125,0.72625,0.12725,295.17875000000004,1.694375,0.10124999999999995,0.593375,0.15477500000000002,0.02285875,2.2175000000000002,173.8125,10.4625,20.43125,-1.44625,0.48125000000000007,1.90625,32.803749999999994,87.50125,-1.1131250000000001,0.84175
0.11625,0.80375,0.28625,1130.8712500000001,0.674375,-0.0012500000000000289,0.29937499999999995,0.09897500000000001,0.02648375,1.9425,235.06249999999997,8.3375,28.90625,-1.19875,0.7092500000000002,5.31375,24.63625,22.16125,-2.868125,0.95525
0.47125,0.46125,0.28325,1269.52875,1.259375,0.29874999999999996,0.070125,0.11382500000000001,0.007561249999999999,1.7825,260.4375,13.0125,25.45625,-2.48125,0.6027500000000001,5.09625,8.30125,92.45125,-1.2818749999999999,0.94325
0.68875,0.60375,0.16175,1329.48875,0.633125,0.27374999999999994,0.056125,0.03912500000000001,0.00118125,2.0975,389.9375,10.7625,27.14375,-1.67875,0.5952500000000001,19.74125,18.44875,62.751250000000006,-4.881875,0.98675
0.12125,0.29124999999999995,0.28974999999999995,381.37125,1.038125,0.26625,0.19087500000000002,0.020675,0.028876249999999996,1.2925,312.9375,6.5625,20.73125,-1.82125,0.6567500000000001,10.96875,78.59124999999999,84.77874999999999,-0.7193749999999994,0.97575
0.16875,0.18875,0.25125,669.9287499999999,1.203125,0.47624999999999995,0.521625,0.052625000000000005,0.00190625,1.8375,326.0625,12.4125,27.706249999999997,-2.2712499999999998,0.50675,8.64875,85.76875,59.53375,-2.631875,0.81925
0.71875,0.78125,0.11475,988.46625,1.476875,0.41374999999999995,0.187375,0.16512500000000002,0.00110875,2.3775,231.56249999999997,5.5625,31.38125,-3.99625,0.5487500000000001,15.60875,45.426249999999996,72.40374999999999,-2.6206250000000004,0.89925
0.98375,0.95625,0.14325,126.54125,0.663125,0.24124999999999996,0.712375,0.04857500000000001,0.01850875,2.4524999999999997,334.8125,13.9375,26.69375,-2.69125,0.57575,15.898749999999998,37.506249999999994,7.31125,-1.4731250000000005,0.9167500000000001
0.71375,0.82625,0.17225,1108.38625,1.8743750000000001,0.43875,0.406125,0.136325,0.02300375,2.2824999999999998,223.6875,13.3125,30.70625,-2.67625,0.35525,17.34875,71.16625,26.36875,-1.6868750000000001,0.93475
0.08375,0.38125,0.10375000000000001,460.06874999999997,1.341875,0.16625,0.612625,0.183125,0.00603875,2.7125,348.8125,10.5125,30.893749999999997,-2.0612500000000002,0.40625000000000006,8.14125,83.54125,62.00875,-2.541875,0.94075
0.14625,0.15625,0.29325,999.70875,0.861875,-0.03875000000000001,0.728125,0.18402500000000002,0.011041249999999999,1.8275000000000001,268.3125,7.2375,21.44375,-3.29875,0.43325,1.83375,4.09375,73.14625,-3.8581250000000002,0.92725
0.94875,0.74625,0.14375,583.7362499999999,0.528125,0.37124999999999997,0.17512499999999998,0.12192500000000002,0.00437125,1.4224999999999999,165.9375,14.087499999999999,31.71875,-3.1187500000000004,0.58925,16.40625,1.61875,91.21375,-2.170625,0.9822500000000001
0.02375,0.49874999999999997,0.23875,1089.6487499999998,1.529375,-0.32625,0.4603749999999999,0.076475,0.022641249999999998,1.5125,175.5625,7.5625,23.61875,-1.5587499999999999,0.48575000000000007,27.643749999999997,53.841249999999995,20.42875,-2.7443750000000002,0.88775
0.53875,0.27625,0.28674999999999995,1292.0137499999998,1.431875,0.34624999999999995,0.621375,0.027875000000000004,0.027208749999999997,2.4725,347.9375,6.4625,32.61875,-2.80375,0.7857500000000002,2.92125,71.90875,4.588750000000001,-2.789375,0.80025
0.54875,0.48624999999999996,0.12625,10.36875,1.026875,-0.20625000000000004,0.168125,0.043175000000000005,0.00734375,2.9975,297.1875,14.237499999999999,24.44375,-3.08875,0.21725000000000003,3.7912500000000002,29.58625,93.44125,-2.114375,0.9802500000000001
0.14875,0.63875,0.26675,763.61625,1.518125,-0.10125,0.5111249999999999,0.145325,0.01749375,1.4375,105.5625,7.9125,23.39375,-1.13875,0.72875,20.248749999999998,82.55125,18.44875,-2.609375,0.9702500000000001
0.79375,0.87625,0.15175,141.53125,1.724375,-0.14875,0.48137499999999994,0.199325,0.00241375,1.4175,50.4375,11.4125,33.29375,-2.14375,0.5052500000000001,29.52875,7.80625,90.71875,-2.676875,0.87475
0.67375,0.41625,0.10775,1119.6287499999999,0.666875,0.31875,0.540875,0.05622500000000001,0.01017125,2.9125,263.0625,10.9125,33.14375,-1.17625,0.55175,18.798750000000002,6.81625,29.58625,-1.169375,0.8047500000000001
0.87375,0.19875,0.15725,1022.19375,0.719375,-0.43875,0.40787499999999993,0.029225,0.0069812500000000005,1.9125,121.3125,5.2625,32.65625,-3.0962500000000004,0.40025,4.80625,97.40125,23.646250000000002,-3.5093750000000004,0.8187500000000001
0.13125,0.77125,0.17375,1138.36625,1.889375,-0.29625,0.48312499999999997,0.193925,0.01618875,1.6524999999999999,145.8125,11.6875,22.83125,-2.26375,0.47075000000000006,3.6462499999999998,73.88875,33.54625,-3.138125,0.8522500000000001
0.35125,0.88625,0.29574999999999996,362.63374999999996,1.4993750000000001,-0.023749999999999993,0.28712499999999996,0.047225,0.00864875,2.2675,82.8125,12.7875,33.06875,-1.21375,0.70475,19.30625,67.45375,15.726249999999999,-4.431875,0.88925
0.34625,0.43875,0.27775,130.28875000000002,0.798125,0.23624999999999996,0.32912499999999995,0.043625000000000004,0.02633875,1.8325,394.3125,8.2375,26.54375,-2.50375,0.6492500000000001,11.476249999999999,30.328749999999996,50.623749999999994,-3.565625,0.8267500000000001
0.7787499999999999,0.10375000000000001,0.28925,1321.9937499999999,1.544375,-0.15375,0.050875000000000004,0.10347500000000001,0.00154375,1.7475,317.3125,9.4875,20.54375,-3.51625,0.38975000000000004,20.32125,33.793749999999996,45.92125,-2.3393750000000004,0.84275
0.42374999999999996,0.46375,0.17325,647.4437499999999,1.5631249999999999,0.34124999999999994,0.232875,0.081875,0.009083749999999998,2.4775,103.8125,14.7875,34.34375,-1.3562500000000002,0.37925,3.21125,1.3712499999999999,78.09625,-2.924375,0.87025
0.91125,0.10625,0.15225,1426.9237500000002,1.769375,0.27625,0.5478749999999999,0.10167500000000002,0.027353749999999996,1.5525,158.0625,12.9625,28.19375,-1.98625,0.38075000000000003,10.75125,65.96875,6.5687500000000005,-1.720625,0.97475
0.80125,0.90625,0.12525,385.11875,1.533125,-0.17375000000000002,0.700125,0.161525,0.015391249999999999,2.5975,388.1875,9.8875,29.76875,-1.8062500000000004,0.43925000000000003,19.23375,49.138749999999995,81.80875,-4.476875,0.92475
0.32125,0.79375,0.17875,1423.17625,1.244375,0.17374999999999996,0.568875,0.113375,0.01220125,2.1624999999999996,281.4375,12.2375,23.43125,-3.04375,0.41225,16.841250000000002,7.558750000000001,8.54875,-2.204375,0.90175
0.5287499999999999,0.6537499999999999,0.19474999999999998,1172.09375,1.600625,-0.45625,0.48837499999999995,0.195275,0.027643749999999998,1.1675,385.5625,6.8625,34.79375,-2.00875,0.48425000000000007,21.263749999999998,99.62875,34.53625,-2.564375,0.91525
0.85375,0.69875,0.14925,1142.11375,1.120625,0.08624999999999994,0.740375,0.033275,0.012491249999999999,2.4625,162.4375,9.5625,21.06875,-2.38375,0.33125000000000004,29.456249999999997,34.78375,13.25125,-2.260625,0.80625
0.62625,0.72375,0.26175,1464.3987499999998,1.383125,0.40874999999999995,0.549625,0.193475,0.012708749999999998,2.0125,116.0625,5.9875,21.48125,-2.2487500000000002,0.5982500000000001,17.05875,43.44625,52.356249999999996,-1.5181250000000004,0.93075
0.94125,0.79875,0.19124999999999998,1404.43875,1.049375,0.33375,0.078875,0.063875,0.01524625,2.3125,118.6875,9.6625,20.05625,-1.6037500000000002,0.28025,25.541249999999998,38.74375,40.22875,-4.341875,0.9107500000000001
0.59875,0.39125,0.24125,995.96125,0.636875,0.05625000000000002,0.066625,0.085025,0.00872125,1.7675,361.9375,10.0125,25.71875,-2.51875,0.34625000000000006,10.82375,74.87875,41.71375,-1.506875,0.90625
0.73125,0.5862499999999999,0.27575,1164.5987499999999,1.773125,0.49124999999999996,0.6423749999999999,0.164675,0.0021237499999999998,2.5375,362.8125,9.5375,20.69375,-3.86875,0.58175,20.68375,39.981249999999996,13.99375,-4.521875,0.82725
0.23125,0.91125,0.15325,36.60125,1.060625,-0.21375,0.094625,0.189425,0.01611625,1.1025,127.4375,12.6625,24.03125,-1.3787500000000001,0.25175000000000003,23.22125,68.69125,51.36625,-1.5743749999999999,0.83625
0.27125,0.80125,0.20475,921.01125,1.1131250000000001,-0.27125,0.22412500000000002,0.022025,0.02873125,2.4475,376.8125,7.8875,24.33125,-1.8137499999999998,0.6462500000000001,15.97125,60.27625,62.25625,-3.700625,0.8562500000000001
0.72625,0.68875,0.18974999999999997,1400.6912499999999,1.641875,0.14125,0.505875,0.09447500000000002,0.005603749999999999,1.4125,340.9375,5.0125,31.34375,-3.84625,0.36875,15.39125,61.513749999999995,69.43375,-0.8543750000000001,0.94375
0.80875,0.10875,0.16025,392.61375,1.6681249999999999,0.38125,0.061375,0.040925,0.029818749999999998,1.5924999999999998,343.5625,12.6375,33.59375,-3.38875,0.78125,23.58375,17.458750000000002,99.62875,-3.318125,0.90025
0.04625,0.00375,0.25975,778.6062499999999,1.308125,0.013749999999999929,0.6703749999999999,0.16062500000000002,0.00335625,2.4425,313.8125,7.0625,31.94375,-1.78375,0.37775000000000003,4.08125,30.823749999999997,18.69625,-0.7643750000000002,0.96225
0.48624999999999996,0.036250000000000004,0.25675,1479.3887499999998,1.450625,-0.26125,0.715875,0.045875000000000006,0.02090125,1.3925,323.4375,9.1125,28.00625,-3.3512500000000003,0.40925000000000006,26.55625,23.15125,39.238749999999996,-2.4743749999999998,0.98725
0.00125,0.06375,0.27725,1037.1837500000001,1.7918749999999999,0.10875000000000001,0.166375,0.10122500000000001,0.01742125,1.8875,386.4375,13.1875,25.90625,-2.3687500000000004,0.53075,23.80125,44.683749999999996,93.19375000000001,-2.800625,0.89025
0.00625,0.14625,0.19374999999999998,527.5237500000001,1.270625,0.37625,0.159375,0.066125,0.01829125,1.0225,137.0625,9.6375,21.29375,-2.28625,0.51875,14.44875,39.238749999999996,86.75874999999999,-3.824375,0.85775
0.9612499999999999,0.57375,0.28425,550.00875,1.3118750000000001,0.43374999999999997,0.3081249999999999,0.10887500000000001,0.016043749999999996,1.0025,316.4375,14.9875,23.35625,-2.12875,0.6732500000000001,28.513749999999998,25.873749999999998,60.27625,-4.071875,0.86375
0.63875,0.34625,0.22275,186.50125,0.509375,0.003750000000000031,0.077125,0.188975,0.017566250000000002,1.3775,384.6875,10.0625,29.84375,-3.69625,0.74075,7.4887500000000005,22.65625,17.953750000000003,-2.238125,0.91925
0.01625,0.71375,0.29925,842.31375,1.345625,-0.15625,0.15762500000000002,0.12957500000000002,0.026411249999999997,1.2375,228.0625,10.237499999999999,24.89375,-3.90625,0.55925,24.09125,62.998749999999994,30.328749999999996,-3.9368749999999997,0.8632500000000001
0.54375,0.12125,0.25875,1355.7212499999998,1.424375,-0.49375,0.15237499999999998,0.148925,0.00270375,2.9625,210.5625,10.6375,22.98125,-2.88625,0.24425000000000002,4.516249999999999,97.64874999999999,97.64874999999999,-1.6193750000000002,0.89325
0.69875,0.84625,0.23324999999999999,1209.5687500000001,1.296875,0.09375,0.35362499999999997,0.07917500000000001,0.00386375,2.1125,190.4375,12.8625,29.46875,-3.65125,0.36125,9.37375,61.01875,71.90875,-1.1018750000000002,0.83375
0.42624999999999996,0.38375,0.15275,377.62375,1.4693749999999999,-0.39875,0.38337499999999997,0.071525,0.025831249999999997,2.7975,176.4375,6.8125,32.84375,-1.9337499999999999,0.45725000000000005,11.04125,56.31625,10.52875,-1.6756250000000001,0.93425
0.99375,0.20625000000000002,0.15675,471.31125,1.5031249999999998,-0.16875,0.6651250000000001,0.033725000000000005,0.02242375,2.5675,276.1875,9.962499999999999,24.93125,-1.0037500000000001,0.7602500000000001,9.95375,6.07375,15.973749999999999,-1.5968750000000003,0.9842500000000001
0.76375,0.66625,0.24625,726.1412499999999,1.0006249999999999,0.006249999999999978,0.49887499999999996,0.17727500000000002,0.016478749999999997,1.4975,277.0625,13.462499999999999,20.88125,-1.4762500000000003,0.6582500000000001,15.101249999999999,46.91125,91.70875,-4.094375,0.80425
0.29124999999999995,0.85625,0.14275,107.80375000000001,0.606875,-0.39375,0.20137499999999997,0.10437500000000001,0.02104625,1.9475,165.0625,13.7125,28.94375,-2.54875,0.22025,13.723749999999999,58.79125,27.853749999999998,-0.8318750000000001,0.99275
0.03125,0.99375,0.13675,418.84625,0.535625,0.036250000000000004,0.600375,0.049475000000000005,0.009156250000000001,2.4375,229.81249999999997,9.5875,22.04375,-2.79625,0.72275,6.47375,31.318749999999998,95.66875,-4.364375,0.8237500000000001
0.036250000000000004,0.84875,0.24175,1258.2862499999999,0.891875,-0.29125,0.647625,0.130025,0.00879375,2.3575,302.4375,7.3875,22.64375,-1.3337499999999998,0.5907500000000001,21.04625,78.83875,44.93125,-0.7868750000000002,0.89975
0.09125,0.76875,0.28725,744.87875,0.501875,-0.21875,0.701875,0.080975,0.01089625,2.6825,368.0625,8.8625,29.43125,-2.70625,0.27425,6.76375,28.10125,9.53875,-4.893125,0.81425
0.17125,0.02375,0.19424999999999998,306.42125000000004,1.465625,0.043749999999999956,0.742125,0.13137500000000002,0.02387375,2.8175,290.1875,14.4375,24.55625,-2.39125,0.48725000000000007,15.028749999999999,77.84875,77.35375,-1.248125,0.8117500000000001
0.30374999999999996,0.65625,0.10475000000000001,1183.3362499999998,1.9381249999999999,-0.24875000000000003,0.574125,0.167825,0.02046625,1.9325,251.6875,8.3625,29.58125,-3.62875,0.4467500000000001,11.62125,62.25625,93.68875,-4.814375,0.8572500000000001
0.87625,0.15875,0.14525,441.33124999999995,1.6043749999999999,0.16874999999999996,0.554875,0.11067500000000002,0.01988625,1.9175,186.9375,14.1625,21.10625,-3.41875,0.71225,15.31875,82.79875,66.46375,-3.453125,0.92675
0.051250000000000004,0.87875,0.20875,66.58125000000001,0.644375,-0.35375,0.341375,0.166025,0.025686249999999997,2.4675000000000002,321.6875,10.337499999999999,24.21875,-1.2062499999999998,0.6102500000000001,27.861250000000002,9.78625,45.17875,-4.195625,0.81125
0.15875,0.61125,0.14225,265.19875,1.368125,-0.35624999999999996,0.567125,0.182675,0.012563749999999999,2.5025,324.3125,6.1875,29.28125,-2.82625,0.42425,25.90375,78.09625,74.13625,-4.116875,0.80925
0.50875,0.16875,0.13775,156.52125,1.859375,-0.41125,0.364125,0.026075,0.02662875,1.7325,106.4375,12.0875,29.80625,-3.83875,0.5322500000000001,22.13375,31.566249999999997,42.20875,-0.5281250000000002,0.8692500000000001
0.99625,0.18125,0.21425,321.41125,1.1881249999999999,0.23375,0.218875,0.18762500000000001,0.00342875,2.3025,395.1875,6.6625,30.78125,-2.9612499999999997,0.30725,3.86375,19.43875,72.89874999999999,-1.979375,0.9237500000000001
0.06375,0.56625,0.28874999999999995,310.16875000000005,1.915625,-0.22125,0.24862499999999998,0.184925,0.02039375,2.9875,279.6875,12.3125,23.31875,-1.7462499999999999,0.46475000000000005,17.27625,80.57124999999999,18.20125,-1.0681249999999998,0.84775
0.98875,0.35374999999999995,0.26075,594.97875,1.3868749999999999,-0.16625,0.117375,0.10257500000000001,0.00444375,2.0075000000000003,330.4375,14.1125,26.84375,-1.3937499999999998,0.73925,12.27375,68.19624999999999,74.87875,-3.036875,0.82325
0.09625,0.11875000000000001,0.15925,950.99125,0.8843749999999999,-0.46875,0.46912499999999996,0.09132500000000002,0.028368749999999998,2.1225,70.5625,10.5375,27.66875,-1.6487500000000002,0.62975,2.55875,14.24125,43.19875,-4.701875,0.8167500000000001
0.72125,0.14375000000000002,0.11075,1145.8612500000002,0.629375,0.07374999999999998,0.22762499999999997,0.07062500000000001,0.024308749999999997,2.1375,87.1875,14.3125,20.31875,-3.03625,0.32975,3.42875,56.06875,19.19125,-2.553125,0.83425
0.66625,0.41874999999999996,0.15075,1085.9012500000001,1.180625,-0.41875,0.169875,0.024725,0.00357375,2.9775,284.9375,10.7125,24.63125,-2.11375,0.28325,10.38875,20.67625,77.10625,-4.780625,0.93325
0.34125,0.66375,0.22075,1194.5787500000001,0.8881249999999999,0.016249999999999987,0.537375,0.142625,0.0024862499999999997,1.6275,135.3125,13.0375,29.393749999999997,-2.12125,0.36725,18.581249999999997,72.89874999999999,84.03625,-0.7756249999999998,0.95975
0.17625000000000002,0.94125,0.16975,688.66625,1.6456250000000001,0.28125,0.45862499999999995,0.16017499999999998,0.029311249999999997,1.7774999999999999,84.5625,7.637499999999999,23.80625,-3.70375,0.51575,24.81625,13.99375,49.881249999999994,-0.618125,0.9197500000000001
0.98125,0.6487499999999999,0.14875,89.06625000000001,0.974375,0.47124999999999995,0.297625,0.065675,0.015101249999999997,1.6625,130.0625,6.6875,27.93125,-2.92375,0.24725000000000003,13.143749999999999,96.41125,64.23625000000001,-2.913125,0.95075
0.43124999999999997,0.89625,0.19874999999999998,853.55625,1.326875,-0.08374999999999999,0.633625,0.036875000000000005,0.01075125,2.7875,264.8125,12.1375,28.418750000000003,-3.1637500000000003,0.38225,20.82875,47.90125,2.60875,-2.699375,0.95225
0.33875,0.72125,0.17925,879.7887499999999,0.625625,-0.20125000000000004,0.26262499999999994,0.13947500000000002,0.011548749999999997,2.6125,285.8125,8.2625,32.13125,-3.13375,0.63575,5.023750000000001,59.53375,44.18875,-1.990625,0.82775
0.92125,0.33625,0.22025,894.77875,0.895625,-0.19375000000000003,0.49187499999999995,0.183575,0.00922875,2.8975,123.0625,13.0875,20.58125,-2.3537500000000002,0.22625,17.49375,81.06625,92.69875,-3.115625,0.9117500000000001
0.55625,0.05625,0.10325000000000001,1093.39625,0.9481249999999999,0.41125,0.239875,0.167375,0.02677375,1.4725000000000001,296.3125,13.7625,22.56875,-1.1237500000000002,0.6672500000000001,1.47125,67.70125,9.78625,-1.180625,0.98775
0.36124999999999996,0.61625,0.24775,403.85625,0.505625,0.05125000000000002,0.586375,0.10482500000000002,0.008213749999999999,1.9375,57.4375,13.4875,34.26875,-2.57125,0.30875,10.60625,49.63375,82.30375000000001,-4.274375,0.98275
0.01375,0.65875,0.20274999999999999,1288.2662500000001,1.566875,-0.34375,0.252125,0.148475,0.01937875,2.1475,387.3125,6.7625,25.00625,-1.30375,0.6222500000000001,24.38125,75.86874999999999,3.1037500000000002,-3.081875,0.82225
0.79875,0.57875,0.16775,396.36125,0.618125,-0.35875,0.26962499999999995,0.08007500000000001,0.008286249999999998,2.9575,222.8125,9.0875,32.50625,-3.74875,0.7797500000000002,23.94625,70.42375,39.48625,-2.586875,0.84125
0.95875,0.08875000000000001,0.29225,812.33375,1.274375,0.17125,0.546125,0.04227500000000001,0.00495125,1.7574999999999998,159.8125,14.5625,24.14375,-3.56875,0.68225,24.74375,93.19375000000001,79.08624999999999,-0.5506250000000001,0.90525
0.25875,0.20125,0.14575,958.48625,0.816875,-0.22875,0.4131249999999999,0.083675,0.01162125,2.4275,177.3125,7.6625,20.84375,-2.34625,0.63275,2.26875,58.543749999999996,41.21875,-3.003125,0.96775
0.22875,0.52625,0.11575,523.77625,1.079375,0.24875000000000003,0.652875,0.084125,0.01430375,2.5225,120.4375,7.9875,27.10625,-2.5637499999999998,0.44375000000000003,4.00875,46.41625,23.39875,-3.948125,0.89475
0.00375,0.42624999999999996,0.26475,789.84875,1.8556249999999999,-0.07375000000000004,0.44987499999999997,0.10392500000000002,0.01778375,2.2725,320.8125,8.4625,29.99375,-2.5337500000000004,0.41375,25.17875,88.24374999999999,22.40875,-3.171875,0.92625
0.78375,0.37124999999999997,0.19824999999999998,497.54375,1.353125,0.27874999999999994,0.367625,0.05082500000000001,0.02604875,1.3675,161.5625,12.1625,25.56875,-3.05125,0.7437500000000001,25.32375,56.563750000000006,82.55125,-0.6068750000000005,0.84375
0.12625,0.88875,0.11975000000000001,1250.79125,1.1281249999999998,-0.07125000000000004,0.213625,0.09807500000000001,0.01655125,1.9925,89.8125,6.2375,33.74375,-2.5412500000000002,0.35825,5.9662500000000005,59.28625,69.92875000000001,-1.4956250000000004,0.94275
0.38625,0.94875,0.27225,1453.15625,1.251875,0.42125,0.183875,0.055775000000000005,0.0018337499999999999,2.8125,151.0625,10.6125,29.16875,-1.2737500000000002,0.27725,2.4137500000000003,7.31125,48.39625,-1.9681250000000001,0.87375
0.53375,0.73625,0.29274999999999995,969.72875,1.289375,0.39625,0.525125,0.184475,0.00466125,1.5825,157.1875,7.7125,21.85625,-3.1037500000000002,0.41825,13.65125,41.96125,37.506249999999994,-1.8781250000000003,0.8682500000000001
0.36374999999999996,0.98125,0.24575,197.74375,1.705625,-0.09375,0.288875,0.14442500000000003,0.02829625,1.1975,326.9375,6.9875,29.09375,-1.3112500000000002,0.5262500000000001,14.66625,84.28375,69.18625,-2.328125,0.83925
0.61375,0.82375,0.12225,1048.42625,0.580625,0.40374999999999994,0.679125,0.134525,0.02670125,2.1025,244.6875,8.087499999999999,33.96875,-1.4987500000000002,0.21875,21.40875,76.61125,14.488750000000001,-3.756875,0.97525
0.97125,0.47375,0.11825000000000001,1010.95125,0.963125,0.26125,0.47787499999999994,0.15207500000000002,0.02503375,2.6225,225.4375,14.4625,33.48125,-2.21875,0.21125000000000002,25.03375,77.10625,72.15625,-3.419375,0.94575
0.29374999999999996,0.92625,0.20325,1348.22625,0.524375,-0.31875,0.285375,0.09717500000000001,0.01285375,1.5775000000000001,238.56249999999997,9.337499999999999,29.018749999999997,-1.0412500000000002,0.47825000000000006,26.26625,38.248749999999994,55.07875,-2.654375,0.86875
0.018750000000000003,0.48374999999999996,0.16225,733.6362499999999,1.679375,-0.32125000000000004,0.553125,0.08772500000000001,0.02423625,2.7575000000000003,349.6875,13.5625,34.64375,-3.32125,0.25775000000000003,18.21875,30.081249999999997,61.761250000000004,-4.206875,0.94675
0.45375,0.24875,0.24225,666.18125,0.640625,-0.41375,0.691375,0.18582500000000002,0.018436249999999998,1.3875,339.1875,14.5875,34.30625,-1.52875,0.47525000000000006,15.24625,94.43124999999999,25.873749999999998,-4.499375,0.85475
0.10125,0.55375,0.19524999999999998,516.28125,1.173125,0.011249999999999982,0.35187499999999994,0.188075,0.0036462499999999998,2.0225,95.9375,8.8875,30.10625,-3.48625,0.5397500000000001,14.956249999999999,51.613749999999996,70.17625,-3.498125,0.88675
0.25125,0.90125,0.24725,96.56125,1.953125,0.23124999999999996,0.4341249999999999,0.110225,0.018363749999999998,2.5075000000000003,163.3125,7.0375,33.78125,-2.33875,0.23825000000000002,9.518749999999999,52.85124999999999,76.61125,-2.508125,0.9882500000000001
0.26375,0.14875,0.21375,1003.45625,0.7268749999999999,0.48624999999999996,0.371125,0.036425,0.01299875,1.3625,214.0625,11.9375,34.56875,-1.2287500000000002,0.6612500000000001,12.63625,50.87125,70.42375,-2.294375,0.87875
0.50625,0.93625,0.26375,1018.44625,1.626875,0.21624999999999994,0.486625,0.090425,0.01307125,1.9625,282.3125,5.2875,28.83125,-3.25375,0.73475,14.08625,89.48125,63.24625,-4.004375,0.99225
0.28625,0.24375,0.23424999999999999,628.70625,0.918125,-0.09125,0.516375,0.19617500000000002,0.00727125,1.5274999999999999,233.31249999999997,10.0875,28.86875,-1.4312500000000004,0.6087500000000001,4.733750000000001,84.77874999999999,62.998749999999994,-2.451875,0.82525
0.74625,0.26125,0.13825,977.22375,0.516875,0.06125000000000003,0.32737499999999997,0.14982499999999999,0.010533749999999998,1.5975,199.1875,12.2625,32.35625,-1.58875,0.22325,7.12625,98.63875,34.78375,-2.575625,0.90825
0.79125,0.22125,0.18674999999999997,152.77375,0.693125,-0.42874999999999996,0.693125,0.130475,0.02184375,1.5675,247.3125,7.7375,20.13125,-2.93875,0.53525,16.62375,87.25375,13.49875,-4.825625,0.81725
0.18125,0.96375,0.29874999999999996,1295.76125,1.116875,-0.39125,0.126125,0.152975,0.014593749999999999,2.3475,242.0625,11.587499999999999,27.25625,-3.06625,0.24575000000000002,28.15125,63.988749999999996,64.97874999999999,-3.993125,0.92125
0.06125,0.73375,0.10925,29.106250000000003,0.899375,-0.39625,0.092875,0.099875,0.014158749999999998,1.1525,249.9375,8.4125,26.88125,-2.9987500000000002,0.20975000000000002,16.98625,91.21375,56.563750000000006,-4.746875,0.89525
0.56875,0.74375,0.22225,1449.4087499999998,1.6868750000000001,-0.12125000000000002,0.560125,0.145775,0.01444875,2.7824999999999998,322.5625,11.4625,28.26875,-1.28125,0.43175,11.911249999999999,57.05875,22.90375,-3.160625,0.88975
0.90875,0.13875,0.23575,928.50625,1.728125,-0.036250000000000004,0.402625,0.10662500000000001,0.00306625,2.5175,52.1875,14.0125,27.03125,-1.88875,0.37475,1.03625,72.15625,29.33875,-1.4056250000000001,0.90125
0.91625,0.5137499999999999,0.24375,1284.51875,1.3156249999999998,-0.38375,0.122625,0.153425,0.02061125,2.2475,280.5625,7.0125,33.25625,-3.85375,0.44825000000000004,29.74625,40.47625,62.50375,-4.330625,0.8462500000000001
0.66875,0.00125,0.23975,538.7662499999999,1.611875,0.21375,0.32212499999999994,0.12327500000000001,0.00748875,2.8625,328.6875,13.2125,34.15625,-1.4162500000000002,0.41525,5.6762500000000005,71.66125,99.13374999999999,-4.769375,0.8177500000000001
0.85125,0.34875,0.29825,1243.2962499999999,1.2818749999999999,0.27125,0.7298749999999999,0.197525,0.00661875,1.0925,150.1875,9.7875,25.08125,-1.8962499999999998,0.6252500000000001,20.90125,80.07625,47.65375,-4.409375,0.99175
0.38875,0.48874999999999996,0.25625,238.96625,1.570625,0.38375000000000004,0.514625,0.177725,0.008576249999999999,1.7425,196.56249999999997,7.3125,27.33125,-2.6237500000000002,0.68825,7.706250000000001,36.763749999999995,81.56125,-4.060625,0.88075
0.56125,0.55125,0.23525,621.2112500000001,1.0456249999999998,-0.43374999999999997,0.225875,0.155675,0.00458875,1.0375,393.4375,6.0625,25.68125,-3.02875,0.6342500000000001,17.71125,69.18625,89.72875,-1.225625,0.99675
0.08625000000000001,0.74875,0.22874999999999998,1025.9412499999999,0.603125,-0.04625000000000001,0.551375,0.09942500000000001,0.020683749999999997,2.2125,273.5625,8.2125,29.05625,-3.21625,0.5967500000000001,22.27875,58.048750000000005,23.89375,-3.655625,0.9137500000000001
0.60375,0.04875,0.17775,793.5962499999999,0.9143749999999999,0.19125000000000003,0.106875,0.17997500000000002,0.012781250000000001,1.9775,365.4375,12.3375,21.36875,-1.6187500000000004,0.6897500000000001,29.02125,16.96375,87.25375,-2.845625,0.99575
0.02875,0.90875,0.21175,400.10875,1.008125,-0.36375,0.295875,0.10527500000000002,0.010316249999999999,2.1875,353.1875,10.2875,24.70625,-3.60625,0.71825,18.291249999999998,92.20375,66.95875,-3.711875,0.87225
0.47875,0.12375,0.21475,276.44124999999997,1.5518750000000001,0.22124999999999995,0.21537499999999998,0.15657500000000002,0.01227375,1.7075,184.3125,9.6125,29.24375,-3.35875,0.7197500000000001,11.403749999999999,92.94624999999999,89.23375,-0.5731250000000001,0.86975
0.28125,0.35624999999999996,0.20174999999999998,598.7262499999999,0.711875,-0.49875,0.28362499999999996,0.17817500000000003,0.011331249999999998,2.3175,147.5625,11.487499999999999,20.95625,-3.74125,0.45125000000000004,4.87875,38.00125,75.12625,-1.3268749999999998,0.96025
0.77125,0.37625,0.27325,531.2712499999999,1.075625,-0.04125000000000001,0.217125,0.14172500000000002,0.015681249999999997,2.0774999999999997,352.3125,9.837499999999999,34.71875,-1.03375,0.50375,18.436249999999998,29.833749999999995,94.43124999999999,-3.723125,0.83325
0.83875,0.84375,0.18474999999999997,145.27875,1.435625,0.39874999999999994,0.46737499999999993,0.18987500000000002,0.02445375,2.0374999999999996,93.3125,13.6875,34.49375,-3.47125,0.7257500000000001,25.831249999999997,43.19875,63.74125,-0.8768750000000001,0.85075
0.30624999999999997,0.25125,0.10875000000000001,1157.10375,1.443125,-0.47625,0.582875,0.180425,0.00350125,1.5725,172.9375,13.362499999999999,26.09375,-2.78125,0.32675,6.18375,57.55375,14.24125,-1.416875,0.93875
0.80625,0.25875,0.19174999999999998,62.83375,0.786875,-0.25875000000000004,0.054375,0.164225,0.0077062499999999996,2.3825000000000003,201.8125,10.587499999999999,21.33125,-3.07375,0.6987500000000001,21.916249999999998,54.08875,82.05624999999999,-3.621875,0.80225
0.08125,0.52125,0.17525,917.26375,1.240625,0.15125,0.6108750000000001,0.074675,0.02307625,2.6725,371.5625,7.9375,26.39375,-3.80875,0.7962500000000001,22.49625,8.54875,57.05875,-4.139375,0.95925
0.92875,0.5287499999999999,0.25075000000000003,617.46375,0.989375,0.20875,0.539125,0.05172500000000001,0.02380125,1.6875,327.8125,8.0125,34.86875,-2.69875,0.56525,10.243749999999999,23.89375,22.65625,-1.3493749999999998,0.87675
0.37374999999999997,0.92125,0.14625,699.9087499999999,0.558125,-0.40875,0.609125,0.191675,0.029093749999999998,2.6925,373.3125,12.6125,23.50625,-3.53875,0.23075,9.80875,48.14875,92.94624999999999,-3.599375,0.95025
0.41375,0.70375,0.27525,313.91625000000005,0.678125,0.32375,0.591625,0.08997500000000001,0.015898749999999996,1.5425,142.3125,12.0125,30.74375,-1.04875,0.30125,10.46125,54.33624999999999,36.763749999999995,-1.2143750000000004,0.93225
0.84625,0.30124999999999996,0.25825,714.8987500000001,1.439375,-0.45125,0.143625,0.06747500000000001,0.00683625,1.0325,86.3125,12.9375,21.78125,-1.2887500000000003,0.7482500000000001,14.37625,64.97874999999999,32.803749999999994,-2.1931249999999998,0.87175
0.7162499999999999,0.78625,0.20775,1471.89375,1.821875,0.25125,0.281875,0.157475,0.014013749999999998,2.8475,397.8125,10.2125,24.59375,-2.31625,0.28925,7.41625,28.84375,12.508750000000001,-4.938125,0.82975
0.76125,0.71875,0.23675,111.55125,1.356875,0.33624999999999994,0.31687499999999996,0.096725,0.01930625,2.6025,289.3125,5.1375,27.81875,-3.68125,0.7377500000000001,12.85375,87.74875,85.52125,-3.486875,0.92075
0.40625,0.99125,0.12575,1393.19625,1.454375,0.018749999999999933,0.708875,0.107975,0.014086249999999998,2.5275,214.9375,7.4125,32.88125,-3.58375,0.39875000000000005,2.1237500000000002,25.37875,74.38374999999999,-3.464375,0.9742500000000001
0.82625,0.44875,0.22375,100.30875,0.903125,0.03125,0.724625,0.095375,0.00422625,1.9575,270.9375,11.3625,24.48125,-3.36625,0.59975,19.01625,6.5687500000000005,27.358749999999997,-4.251875,0.88225
0.57375,0.35874999999999996,0.25025,1280.77125,1.578125,0.30374999999999996,0.46212499999999995,0.148025,0.01901625,2.7275,179.9375,6.6125,20.01875,-3.53125,0.75875,25.106250000000003,85.27374999999999,41.96125,-2.5981250000000005,0.94225
0.07375,0.83875,0.27625,272.69374999999997,1.923125,0.44125000000000003,0.4201249999999999,0.197075,0.011403749999999997,1.7225,169.4375,11.3875,27.63125,-2.03125,0.61175,1.97875,74.13625,84.53125,-3.0143750000000002,0.97175
0.35874999999999996,0.47625,0.28225,358.88625,1.6568749999999999,0.008750000000000036,0.577625,0.12237500000000001,0.02322125,2.6675,187.8125,8.5125,26.61875,-1.5437500000000002,0.5562500000000001,23.51125,16.716250000000002,76.85875,-2.6881250000000003,0.87425
0.6437499999999999,0.23375,0.28525,411.35125,0.614375,0.35375,0.4568749999999999,0.038675,0.02952875,1.1075,186.0625,13.5875,22.11875,-3.93625,0.33275000000000005,7.27125,64.48375,65.22625,-4.600625,0.95475
0.69625,0.33375,0.24025,1202.07375,0.670625,0.42874999999999996,0.45512499999999995,0.097625,0.02684625,2.7375,79.3125,5.7875,33.10625,-1.79875,0.49625,16.33375,77.60125,79.82875,-0.6856249999999999,0.94125
0.88625,0.89375,0.23775,1430.6712499999999,1.086875,-0.47875,0.30287499999999995,0.11607500000000001,0.02097375,2.1975,198.3125,6.6375,24.06875,-3.87625,0.6147500000000001,22.206249999999997,11.27125,53.09875,-0.8206249999999997,0.97925
0.52125,0.29874999999999996,0.12125,823.57625,0.9781249999999999,-0.37875000000000003,0.29412499999999997,0.076025,0.02865875,2.3075,114.3125,8.6125,20.50625,-1.46875,0.39575000000000005,29.89125,88.98625,32.55625,-2.6656250000000004,0.99375
0.14125000000000001,0.73125,0.23274999999999998,572.49375,1.664375,-0.026249999999999996,0.24162499999999998,0.130925,0.011838749999999999,2.8575,381.1875,14.8875,24.10625,-2.23375,0.79325,9.08375,25.131249999999998,32.308749999999996,-4.949375,0.83825
0.59625,0.23625000000000002,0.17275,44.096250000000005,0.756875,-0.11375000000000002,0.745625,0.14397500000000002,0.00937375,1.9275,256.9375,8.4875,20.46875,-1.63375,0.75725,7.99625,60.77125,30.081249999999997,-3.8356250000000003,0.94625
0.82125,0.25625,0.19974999999999998,838.56625,0.824375,0.08374999999999999,0.110375,0.11202500000000001,0.00176125,2.3225,255.18749999999997,13.3375,32.58125,-3.86125,0.26525,10.02625,11.023750000000001,93.93625,-3.678125,0.96525
0.07625,0.026250000000000002,0.18774999999999997,486.30125,0.858125,0.37375,0.147125,0.031025000000000004,0.02365625,2.9475,277.9375,9.9125,28.34375,-1.92625,0.6867500000000001,2.48625,39.48625,17.458750000000002,-3.194375,0.8812500000000001
0.63375,0.95375,0.16925,639.9487499999999,0.8356250000000001,0.11624999999999996,0.43237499999999995,0.05802500000000001,0.02467125,2.5774999999999997,181.6875,13.1375,33.93125,-2.71375,0.5607500000000001,16.478749999999998,18.20125,71.16625,-3.846875,0.93825
0.6537499999999999,0.46625,0.22824999999999998,347.64375,1.263125,0.48875,0.134875,0.168725,0.00850375,2.0475,310.3125,7.2625,24.66875,-3.83125,0.7737500000000002,26.33875,8.79625,47.40625,-4.465625,0.92975
0.98625,0.50375,0.22724999999999998,1277.0237499999998,1.161875,-0.23125,0.40437499999999993,0.065225,0.020103749999999997,2.3274999999999997,383.8125,5.6375,26.24375,-3.23875,0.22925,6.40125,25.62625,68.93875,-2.046875,0.95125
0.44875,0.97125,0.26625,1213.3162499999999,1.473125,-0.33625,0.103375,0.028775000000000002,0.0031387499999999996,2.4975,71.4375,13.4125,34.11875,-2.39875,0.74525,13.361249999999998,48.64375,91.95625,-2.2156249999999997,0.90575
0.64625,0.08625000000000001,0.22524999999999998,216.48125000000002,0.7418750000000001,-0.48375,0.246875,0.098525,0.00379125,2.4124999999999996,359.3125,9.9875,23.24375,-1.6937499999999996,0.33575000000000005,8.50375,42.70374999999999,75.37375,-3.768125,0.99875
0.79625,0.03375,0.25775,407.60375,0.760625,0.22875,0.43587499999999996,0.052175,0.005241249999999999,2.0175,283.1875,11.6125,24.85625,-1.76125,0.64775,5.53125,66.71124999999999,49.38625,-3.666875,0.90425
0.21125,0.11125,0.11625,512.53375,1.5106249999999999,-0.03125,0.565375,0.046325000000000005,0.015608750000000001,1.3375,166.8125,14.5375,26.31875,-2.63125,0.7032500000000002,9.44625,57.801249999999996,26.121249999999996,-3.363125,0.89375
0.86875,0.32375,0.25725,1351.9737499999999,1.210625,0.08875,0.08762500000000001,0.10977500000000001,0.01292625,1.7974999999999999,51.3125,10.8375,34.45625,-2.84125,0.39125,1.18125,61.761250000000004,64.48375,-4.724375,0.95675
0.15375,0.9037499999999999,0.10025,336.40125,0.771875,0.13875000000000004,0.381625,0.179075,0.01082375,2.5425,129.1875,6.3625,31.49375,-1.51375,0.21575000000000003,19.95875,94.18375,91.46124999999999,-4.454375,0.87625
0.07125000000000001,0.50125,0.13725,463.81624999999997,1.623125,-0.46125,0.6248750000000001,0.078275,0.01597125,1.4825,345.3125,6.7125,20.99375,-3.17875,0.44525000000000003,20.103749999999998,34.28875,52.60375,-1.6531249999999997,0.97375
0.35374999999999995,0.72875,0.24425,1273.2762500000001,0.9668749999999999,-0.28625,0.6633749999999999,0.15027500000000002,0.026266249999999998,1.7125,295.4375,11.3125,22.23125,-3.20875,0.27575000000000005,2.7037500000000003,65.22625,97.40125,-0.899375,0.94525
0.91375,0.40625,0.13025,171.51125000000002,1.975625,-0.43625,0.11562499999999999,0.06882500000000001,0.02474375,2.1275,73.1875,11.8625,22.49375,-2.09875,0.49025,17.92875,90.71875,32.06125,-3.216875,0.96625
0.8987499999999999,0.96875,0.26125,898.52625,1.1356249999999999,0.40125,0.743875,0.178625,0.014666249999999999,2.0675,307.6875,14.9375,31.831249999999997,-1.5062499999999996,0.36425,27.57125,4.3412500000000005,44.436249999999994,-4.319375,0.98175
0.65875,0.61875,0.17625,542.51375,1.015625,0.20624999999999993,0.490125,0.128675,0.02227875,1.8975,58.3125,10.9875,27.55625,-3.27625,0.45425000000000004,19.08875,67.94875,57.801249999999996,-4.690625,0.88025
0.19625,0.08125,0.13875,164.01624999999999,1.101875,0.10375000000000001,0.598625,0.062075000000000005,0.02938375,1.0875,301.5625,13.8625,20.16875,-2.89375,0.6912500000000001,11.83875,51.86124999999999,98.88625,-1.8893749999999998,0.87075
0.13875,0.043750000000000004,0.15475,591.2312499999999,0.933125,-0.36875,0.17862499999999998,0.067925,0.00473375,2.9175,299.8125,10.962499999999999,30.63125,-3.62125,0.7242500000000001,12.34625,95.91625,2.36125,-2.9918750000000003,0.88325
0.55875,0.38625,0.20575,906.02125,1.330625,-0.32875,0.26612499999999994,0.08547500000000001,0.024888749999999998,2.2575000000000003,209.6875,11.837499999999999,29.31875,-3.73375,0.63875,12.56375,82.05624999999999,68.44375000000001,-4.263125,0.93975
0.19375,0.7062499999999999,0.15375,913.51625,1.9793749999999999,-0.058750000000000024,0.19787499999999997,0.06972500000000001,0.02894875,2.5875,138.8125,13.9625,28.30625,-3.64375,0.79925,25.686249999999998,62.751250000000006,64.73124999999999,-3.475625,0.88575
0.99875,0.16125,0.12775,1217.06375,1.615625,0.34875,0.43762499999999993,0.078725,0.01894375,2.9924999999999997,91.5625,9.9375,24.74375,-2.9162500000000002,0.28775,17.13125,55.07875,80.57124999999999,-4.296875,0.96275
0.58375,0.38875,0.13325,943.49625,1.589375,0.35124999999999995,0.502375,0.157925,0.02351125,2.6574999999999998,364.5625,6.9375,28.11875,-2.57875,0.23525000000000001,17.20375,1.12375,31.071249999999996,-1.9006250000000002,0.8612500000000001
0.52625,0.28625,0.17575,283.93625000000003,1.990625,0.28374999999999995,0.532125,0.07692500000000001,0.01887125,1.6175,110.8125,9.7125,21.96875,-1.88125,0.29225,20.03125,53.09875,97.15374999999999,-4.960625,0.98875
0.42874999999999996,0.62875,0.17174999999999999,1190.83125,0.993125,0.11375000000000002,0.719375,0.10302500000000002,0.01452125,1.9674999999999998,351.4375,8.0625,31.19375,-3.82375,0.54125,5.74875,49.38625,45.67375,-3.903125,0.9782500000000001
0.46625,0.16375,0.14475,887.2837499999999,0.745625,0.07125000000000004,0.385125,0.073325,0.020538749999999998,1.8775,125.6875,5.5375,33.40625,-1.40875,0.7722500000000001,2.77625,19.68625,24.88375,-2.148125,0.87775
0.24875,0.42874999999999996,0.27075,456.32124999999996,1.413125,0.46875,0.360625,0.09222500000000002,0.00806875,2.0725,56.5625,9.212499999999999,30.14375,-1.71625,0.35675,15.75375,92.45125,12.01375,-2.4406250000000003,0.83775
0.60625,0.31375,0.14975,17.86375,0.8731249999999999,-0.07875000000000004,0.512875,0.13542500000000002,0.01024375,1.3975,372.4375,7.362500000000001,30.331249999999997,-2.60875,0.20675000000000002,11.25875,15.726249999999999,99.87625,-3.149375,0.99625
0.85625,0.8362499999999999,0.27974999999999994,992.21375,1.866875,0.25875000000000004,0.717625,0.09402500000000001,0.014956249999999997,2.0425,340.0625,11.1375,25.64375,-3.72625,0.35375,12.41875,35.52625,55.573750000000004,-2.3168750000000005,0.96375
0.86375,0.30374999999999996,0.29725,1340.73125,0.700625,0.05874999999999997,0.112125,0.038225,0.010461249999999998,2.5525,368.9375,13.0625,32.69375,-3.43375,0.32825000000000004,24.018749999999997,46.168749999999996,49.63375,-1.0906249999999997,0.84225
0.58875,0.26625,0.13625,1187.08375,0.576875,-0.25625,0.330875,0.17952500000000002,0.008431249999999998,1.6075,139.6875,11.5375,32.80625,-1.5812499999999998,0.31325000000000003,29.38375,14.736250000000002,4.3412500000000005,-3.880625,0.97275
0.84375,0.53375,0.16425,939.74875,1.023125,-0.06875000000000003,0.075375,0.04137500000000001,0.006183749999999999,1.8824999999999998,203.5625,13.7375,21.74375,-1.6262499999999998,0.29525,15.82625,21.418750000000003,42.951249999999995,-2.778125,0.84325
0.23875000000000002,0.83125,0.17675,872.2937499999999,1.1393749999999998,0.45125000000000004,0.192625,0.042725,0.00792375,1.2075,337.4375,7.1125,34.90625,-2.73625,0.64175,22.71375,19.93375,88.73875,-3.183125,0.94175
0.77625,0.40875,0.16825,932.25375,1.3643750000000001,-0.48875,0.36937499999999995,0.069275,0.0032837499999999998,1.1475,102.9375,14.0625,34.00625,-3.32875,0.5142500000000001,7.56125,24.141250000000003,44.683749999999996,-1.3043749999999998,0.94875
0.30874999999999997,0.55625,0.22125,343.89625,1.716875,0.30625,0.749125,0.059825,0.011476249999999997,1.2575,140.5625,12.9875,26.80625,-2.1662500000000002,0.20375000000000001,18.14625,5.331250000000001,53.34625,-4.240625,0.93025
0.70875,0.67375,0.13575,25.35875,1.7618749999999999,0.19625000000000004,0.25737499999999996,0.027425,0.009808749999999998,2.4575,382.0625,8.0375,33.03125,-2.65375,0.75275,7.7787500000000005,90.96624999999999,73.88875,-2.530625,0.99475
0.35624999999999996,0.79625,0.10575000000000001,351.39125,0.543125,-0.018750000000000044,0.47962499999999997,0.062975,0.01314375,1.9825,254.3125,9.8125,23.58125,-2.7512499999999998,0.5622500000000001,1.25375,91.46124999999999,4.83625,-3.5318750000000003,0.83475
0.57875,0.89125,0.15875,1483.13625,1.064375,-0.20875000000000005,0.47612499999999996,0.024275,0.023728749999999996,2.8425000000000002,227.1875,14.7375,26.91875,-2.4362500000000002,0.38825,12.70875,45.67375,5.331250000000001,-0.944375,0.96475
0.87875,0.82875,0.21875,1198.3262499999998,1.428125,-0.30125,0.35537499999999994,0.073775,0.01952375,2.8674999999999997,60.0625,6.3125,31.45625,-1.2662499999999999,0.6372500000000001,23.36625,75.62125,39.73375,-3.8693750000000002,0.94825
0.37124999999999997,0.018750000000000003,0.25475,317.66375,1.9681250000000001,0.44375,0.42187499999999994,0.119675,0.01437625,2.9025,167.6875,9.0375,24.40625,-2.33125,0.42875,28.29625,2.11375,87.74875,-1.731875,0.86675
0.21375,0.17875,0.25375000000000003,711.15125,0.865625,-0.14625000000000005,0.4236249999999999,0.12012500000000002,0.00814125,2.8525,360.1875,8.3875,28.68125,-2.5862499999999997,0.7677500000000002,10.89625,77.35375,25.62625,-0.7306249999999999,0.83675
0.39875,0.67125,0.14675,227.72375,1.964375,-0.40125,0.6721250000000001,0.19437500000000002,0.01945125,2.8775,99.4375,8.6875,31.41875,-1.57375,0.5337500000000001,5.893750000000001,13.25125,2.11375,-4.971875,0.92425
0.25625,0.57125,0.15825,696.16125,1.6981249999999999,-0.13125000000000003,0.292375,0.034175000000000004,0.00712625,1.5175,182.5625,8.712499999999999,23.09375,-3.45625,0.40775000000000006,12.056249999999999,95.42125,54.83125,-4.285625,0.8772500000000001
0.13375,0.57625,0.21025,55.338750000000005,1.169375,0.12124999999999997,0.44287499999999996,0.157025,0.014811249999999998,1.6925,69.6875,12.0375,32.28125,-1.38625,0.6657500000000001,9.736249999999998,69.43375,98.63875,-4.645625,0.89575
0.82375,0.06125,0.12375,1055.9212499999999,1.0343749999999998,0.37875000000000003,0.274875,0.17547500000000002,0.02169875,1.0175,335.6875,7.2125,21.66875,-3.91375,0.30425,15.681249999999999,34.53625,89.97625,-1.146875,0.93175
0.96875,0.32125,0.11325,891.03125,1.908125,0.31375,0.203125,0.165575,0.02438125,1.8575,325.1875,8.5375,22.34375,-3.80125,0.42725,11.69375,87.99625,11.27125,-1.8218750000000004,0.90925
0.78875,0.36374999999999996,0.15025,179.00625000000002,0.539375,0.46624999999999994,0.603875,0.176375,0.01169375,1.1325,148.4375,5.3125,25.30625,-3.63625,0.77675,22.423750000000002,93.44125,79.58125,-2.136875,0.98375
0.61125,0.93125,0.19074999999999998,1490.6312500000001,1.7468750000000002,-0.06375000000000003,0.096375,0.13407500000000003,0.012636249999999998,1.7174999999999998,168.5625,6.2625,28.98125,-2.42875,0.58775,29.60125,39.73375,78.34375,-0.9668749999999999,0.99075
0.81625,0.53875,0.18874999999999997,606.2212499999999,1.956875,0.15874999999999995,0.141875,0.128225,0.00509625,1.7925,111.6875,8.1375,29.73125,-1.1912500000000001,0.26225000000000004,27.71625,30.576249999999995,8.79625,-3.9593749999999996,0.8752500000000001
0.97625,0.59875,0.16675,77.82375,1.788125,0.49624999999999997,0.25562499999999994,0.048125,0.00205125,2.1925,346.1875,12.8875,34.08125,-1.2512499999999998,0.27125000000000005,17.56625,20.923750000000002,7.558750000000001,-4.443125,0.99125
0.81375,0.29624999999999996,0.19624999999999998,452.57374999999996,1.1243750000000001,-0.13875000000000004,0.4638749999999999,0.08232500000000001,0.018001249999999996,2.8925,191.3125,11.0625,25.26875,-1.7312500000000002,0.40175000000000005,19.16125,12.26125,96.16375,-1.8556249999999999,0.87975
0.57625,0.54875,0.19724999999999998,602.47375,1.930625,-0.028749999999999998,0.222375,0.129125,0.0041537499999999995,2.8225,235.9375,7.3375,20.65625,-3.19375,0.23975000000000002,29.311249999999998,84.53125,1.61875,-1.6418750000000002,0.87825
0.87125,0.45875,0.24825,876.04125,0.876875,-0.23375,0.13137500000000002,0.056675,0.017856249999999997,1.2025000000000001,123.9375,6.1125,34.23125,-1.6862500000000002,0.46625000000000005,21.69875,99.87625,9.043750000000001,-1.709375,0.8207500000000001
0.82875,0.16625,0.12825,703.65625,1.540625,-0.43125,0.6441250000000001,0.19212500000000002,0.02235125,1.4025,74.0625,11.7875,28.23125,-1.84375,0.7842500000000001,24.67125,82.30375000000001,48.89124999999999,-3.9143749999999997,0.8732500000000001
0.20625000000000002,0.5187499999999999,0.27025,1059.6687499999998,1.0193750000000001,-0.22375,0.640625,0.031925,0.00625625,1.9725,217.5625,11.7125,22.08125,-2.0387500000000003,0.46025000000000005,22.56875,70.91874999999999,66.71124999999999,-4.510625,0.83575
0.44125,0.06625,0.29625,1123.37625,0.513125,-0.02124999999999999,0.5846250000000001,0.144875,0.004878749999999999,2.3925,219.31249999999997,7.7625,28.60625,-3.98875,0.29975,28.00625,29.33875,20.67625,-1.2931249999999999,0.98575
0.63125,0.42374999999999996,0.13225,51.59125,1.071875,-0.13375000000000004,0.3046249999999999,0.06252500000000001,0.00690875,2.2625,90.6875,10.862499999999999,31.60625,-2.76625,0.34325000000000006,13.43375,81.31375,76.36375,-4.544375,0.9722500000000001
0.32875,0.91375,0.17725,741.1312499999999,1.555625,-0.19875000000000004,0.528625,0.151175,0.00545875,2.7775,59.1875,12.3875,32.39375,-3.71875,0.47975000000000007,13.216249999999999,21.66625,3.5987500000000003,-2.3843750000000004,0.89225
0.17875,0.09625,0.12425,1333.2362500000002,1.521875,-0.08875,0.334375,0.12102500000000002,0.02619375,2.2225,319.9375,5.6875,32.91875,-2.9312500000000004,0.22175,13.50625,37.25875,51.86124999999999,-2.856875,0.94925
0.49374999999999997,0.82125,0.26925,797.34375,0.546875,0.11875000000000002,0.378125,0.029675,0.011258749999999998,1.3125,207.9375,11.212499999999999,23.73125,-1.97125,0.4497500000000001,16.18875,45.92125,10.776250000000001,-3.5768750000000002,0.93675
0.26875,0.20875000000000002,0.10125,426.34125,1.158125,-0.41625,0.5443749999999999,0.175925,0.0021962500000000003,1.0125,63.5625,12.112499999999999,23.46875,-2.81875,0.45875000000000005,26.84625,86.51125,36.51624999999999,-4.488125,0.86475
0.91875,0.051250000000000004,0.12925,1100.8912500000001,1.896875,-0.18375000000000002,0.47437499999999994,0.11157500000000002,0.02271375,1.1425,286.6875,13.8125,23.01875,-1.9412500000000001,0.6852500000000001,18.65375,81.80875,2.85625,-1.7993750000000004,0.8482500000000001
0.5912499999999999,0.61375,0.12025000000000001,1097.14375,0.996875,-0.30374999999999996,0.154125,0.09177500000000001,0.02713625,2.7525,361.0625,6.8375,33.55625,-1.25875,0.6132500000000001,24.236250000000002,68.44375000000001,50.12875,-0.5618750000000006,0.89175
0.9037499999999999,0.62625,0.16625,936.00125,1.109375,-0.08625,0.199625,0.09267500000000001,0.02880375,1.3425,357.5625,5.5875,31.268749999999997,-2.9087500000000004,0.27875000000000005,1.5437500000000002,85.02625,42.70374999999999,-1.0793750000000002,0.92525
0.28375,0.39625,0.10175000000000001,482.55375,0.738125,0.16374999999999995,0.684375,0.067025,0.02481625,1.0625,221.9375,5.9625,22.30625,-3.89875,0.7317500000000001,26.12125,44.93125,73.64125,-4.634375,0.86175
0.18625,0.28875,0.11025,624.95875,1.810625,-0.01375000000000004,0.45162499999999994,0.10032500000000001,0.02075625,2.4175,193.0625,12.3625,23.16875,-1.8512500000000003,0.28475000000000006,7.053750000000001,29.09125,31.81375,-1.0456249999999998,0.99525
0.88875,0.55875,0.27925,1033.43625,1.683125,-0.09625,0.30637499999999995,0.163775,0.02786125,2.8075,304.1875,6.0125,28.79375,-1.73875,0.23675000000000002,5.45875,79.82875,19.68625,-1.5631249999999999,0.88875
0.56375,0.08375,0.21525,684.9187499999999,1.7506249999999999,0.12375000000000003,0.138375,0.11922500000000003,0.01974125,1.8675,278.8125,10.4375,29.13125,-2.68375,0.48875,28.87625,22.40875,58.79125,-0.921875,0.8582500000000001
0.66375,0.09375,0.28125,654.9387499999999,1.7393750000000001,0.04874999999999996,0.33612499999999995,0.137225,0.02858625,2.9375,331.3125,6.9625,20.20625,-1.90375,0.5847500000000001,4.1537500000000005,40.22875,88.98625,-3.3068750000000002,0.91025
0.16125,0.07125000000000001,0.19024999999999997,1494.3787499999999,1.960625,0.29374999999999996,0.25912499999999994,0.124625,0.022786249999999997,2.7925,202.6875,11.5125,21.55625,-1.1687500000000002,0.46925000000000006,16.11625,16.221249999999998,28.84375,-0.640625,0.84475
0.49124999999999996,0.54625,0.27475,325.15875,1.829375,0.31625000000000003,0.588125,0.186725,0.015173749999999996,2.7075,164.1875,8.1625,23.76875,-3.15625,0.52925,12.20125,54.58375,27.60625,-2.485625,0.82925
0.72375,0.81875,0.13425,92.81375,1.660625,-0.29374999999999996,0.630125,0.09492500000000001,0.013433749999999998,2.0324999999999998,228.9375,5.0875,34.83125,-1.77625,0.7362500000000001,21.19125,14.98375,83.78875,-4.049375,0.82625
0.45125,0.04125,0.29025,568.7462499999999,1.4581250000000001,-0.42125,0.28012499999999996,0.03282500000000001,0.01872625,1.1875,259.5625,14.4125,22.19375,-1.94875,0.20225,26.19375,20.181250000000002,56.31625,-2.766875,0.94775
0.93375,0.058750000000000004,0.27375,1044.67875,0.925625,-0.05125000000000002,0.250375,0.137675,0.019958749999999997,1.3175,375.0625,8.1875,20.61875,-2.85625,0.49475,28.94875,27.358749999999997,57.30625,-1.9118749999999998,0.8532500000000001
0.06625,0.64125,0.22475,965.9812499999999,0.843125,0.02124999999999999,0.579375,0.197975,0.02967375,1.3575,215.8125,11.1875,33.21875,-2.4137500000000003,0.7782500000000001,26.918750000000003,21.91375,3.84625,-2.406875,0.8247500000000001
0.41874999999999996,0.51125,0.17475,1179.5887500000001,0.681875,-0.26875,0.32387499999999997,0.037325000000000004,0.00277625,1.1225,75.8125,9.3125,34.68125,-2.87875,0.23375,9.30125,97.89625,54.33624999999999,-1.203125,0.9762500000000001
0.13625,0.66125,0.24675,947.24375,1.349375,-0.22625,0.595125,0.035075,0.02844125,1.0475,144.0625,6.9125,29.20625,-2.8112500000000002,0.6807500000000001,2.9937500000000004,84.03625,69.68124999999999,-4.679375,0.97125
0.38125,0.98875,0.15975,340.14875,1.8856249999999999,0.08124999999999993,0.628375,0.044075,0.0050237500000000004,1.2725,234.1875,9.6875,23.20625,-3.28375,0.7887500000000001,14.59375,27.60625,68.69125,-3.925625,0.95425
0.80375,0.44625,0.14825,220.22875,0.970625,0.44875,0.098125,0.10752500000000001,0.00197875,1.7025000000000001,389.0625,10.8125,25.60625,-2.15875,0.58325,6.61875,26.86375,55.326249999999995,-2.1593750000000003,0.89625
0.50125,0.50625,0.29774999999999996,718.64625,1.825625,-0.03375,0.105125,0.096275,0.00589375,1.5325,218.43749999999997,12.8125,27.59375,-1.8287499999999999,0.49775,6.90875,33.54625,25.37875,-3.2506250000000003,0.8197500000000001
0.48874999999999996,0.43124999999999997,0.19224999999999998,190.24875,1.143125,0.29125,0.35012499999999996,0.06027500000000001,0.007416249999999999,2.9275,208.8125,7.0875,28.15625,-3.65875,0.47675000000000006,27.42625,18.943749999999998,38.00125,-4.6118749999999995,0.9862500000000001
0.56625,0.7112499999999999,0.13125,984.71875,1.398125,-0.25125,0.6896249999999999,0.18132500000000001,0.023293750000000002,1.7275,67.0625,14.2625,23.84375,-1.1087500000000001,0.70625,29.09375,52.10875,60.77125,-0.9556250000000004,0.88475
0.69125,0.44375,0.18624999999999997,1434.41875,1.754375,-0.31625000000000003,0.542625,0.058925000000000005,0.01067875,1.8225,112.5625,11.1625,27.21875,-3.67375,0.75125,4.58875,5.08375,15.47875,-2.935625,0.85175
0.11875000000000001,0.75125,0.15125,437.58374999999995,0.801875,-0.15875,0.572375,0.030125000000000002,0.024091249999999998,2.6475,270.0625,14.6375,26.28125,-3.39625,0.21275000000000002,24.96125,34.04125,9.29125,-1.1243750000000001,0.8057500000000001
0.46375,0.94625,0.28474999999999995,445.07874999999996,0.794375,-0.44875,0.733375,0.11742500000000002,0.023366249999999998,2.9425,80.1875,5.8125,28.04375,-1.61125,0.31775000000000003,26.77375,1.86625,31.566249999999997,-0.6293750000000005,0.97675
0.68375,0.7787499999999999,0.17425,81.57124999999999,0.573125,-0.42625,0.518125,0.11832500000000001,0.02807875,2.9325,170.3125,13.9125,23.69375,-1.42375,0.28175000000000006,1.61625,72.65125,11.518749999999999,-3.284375,0.8107500000000001
0.61875,0.78375,0.27825,1074.6587499999998,1.176875,0.26875000000000004,0.206625,0.182225,0.024163749999999998,2.5725,358.4375,14.3375,32.20625,-1.1462499999999998,0.46175000000000005,13.796249999999999,61.26625,85.02625,-3.779375,0.95875
0.28875,0.76375,0.25925,475.05875,1.900625,0.24375000000000002,0.180375,0.166475,0.00582125,2.0875,275.3125,6.4875,34.53125,-1.4387499999999998,0.5742500000000001,12.12875,49.881249999999994,37.75375,-4.566875,0.89875
0.05375,0.95125,0.23174999999999998,636.20125,1.731875,-0.34875,0.42887499999999995,0.149375,0.00255875,2.9524999999999997,216.6875,11.2375,33.33125,-1.0787499999999999,0.25925000000000004,7.1987499999999995,3.35125,86.01625,-3.981875,0.92325
0.67125,0.76625,0.18374999999999997,643.69625,1.1993749999999999,0.35624999999999996,0.12787500000000002,0.151625,0.02452625,2.7675,74.9375,12.737499999999999,29.50625,-2.0012499999999998,0.33875000000000005,23.076249999999998,90.22375,1.12375,-1.3831250000000002,0.96875
0.65125,0.19375,0.20675,493.79625,0.708125,-0.06125000000000003,0.533875,0.079625,0.009881249999999998,2.1425,126.5625,11.6375,30.96875,-2.90125,0.6042500000000001,27.498749999999998,68.93875,89.48125,-1.270625,0.86575
0.11125,0.01375,0.14725,1374.45875,1.5931250000000001,0.22624999999999995,0.507625,0.09582500000000001,0.02728125,1.9975,154.5625,6.2875,25.34375,-3.5612500000000002,0.66425,20.53875,15.47875,34.28875,-2.958125,0.97725
0.78125,0.01625,0.24275,1040.9312499999999,0.805625,0.18374999999999997,0.140125,0.15837500000000002,0.013941249999999999,2.0525,267.4375,14.3625,33.18125,-2.07625,0.29675,11.76625,57.30625,79.33375,-4.713125,0.9277500000000001
0.5187499999999999,0.86625,0.23475,1063.41625,1.5968749999999998,0.34375,0.36587499999999995,0.193025,0.015318749999999999,1.2475,143.1875,11.2625,33.44375,-3.08125,0.7137500000000001,23.14875,37.01125,43.693749999999994,-4.398125,0.95625
0.62875,0.62125,0.16325,32.853750000000005,1.585625,0.24624999999999997,0.686125,0.020225,0.0057487499999999995,1.1175,54.8125,12.5875,31.11875,-2.75875,0.6927500000000001,26.701249999999998,36.26875,21.91375,-4.105625,0.96825
0.95375,0.7162499999999999,0.10675000000000001,520.0287500000001,1.514375,0.15625,0.6581250000000001,0.03597500000000001,0.010606249999999998,2.9725,354.9375,8.2875,28.75625,-1.8587500000000001,0.3732500000000001,21.62625,69.92875000000001,33.793749999999996,-2.710625,0.85275
0.93875,0.95875,0.23374999999999999,756.12125,1.090625,-0.32375,0.26087499999999997,0.194825,0.02177125,2.9675000000000002,256.0625,8.6375,28.56875,-2.40625,0.26075000000000004,21.33625,41.21875,46.91125,-0.5168749999999998,0.94975
0.43624999999999997,0.45125,0.26725,261.45125,1.619375,0.36624999999999996,0.509375,0.140825,0.01241875,1.3825,288.4375,7.4625,30.03125,-2.2262500000000003,0.5802500000000002,16.043749999999996,51.36625,46.66375,-2.001875,0.96575
0.8412499999999999,0.05375,0.18524999999999997,280.18874999999997,1.795625,0.46375,0.7228749999999999,0.10842500000000001,0.00596625,1.8624999999999998,81.9375,11.8875,32.05625,-2.21125,0.6597500000000001,20.393749999999997,28.34875,7.80625,-3.2956250000000002,0.86075
0.02125,0.91875,0.21125,861.05125,0.850625,0.41625,0.057875,0.127775,0.01879875,1.1125,274.4375,12.837499999999999,25.94375,-3.24625,0.47225000000000006,8.57625,60.52374999999999,51.11875,-0.7418750000000003,0.96975
0.10875,0.67875,0.19924999999999998,1486.88375,1.0418749999999999,0.29625,0.20837499999999998,0.191225,0.02974625,1.5875,179.0625,5.7625,30.93125,-3.00625,0.29825,7.63375,86.26375,54.08875,-1.833125,0.8227500000000001
0.48124999999999996,0.46875,0.22974999999999998,801.09125,0.768125,0.45625000000000004,0.41137499999999994,0.058475,0.01966875,1.0075,65.3125,12.462499999999999,30.44375,-1.2962500000000001,0.25025000000000003,3.5737500000000004,83.04625,57.55375,-2.980625,0.9067500000000001
0.04875,0.68625,0.21775,849.80875,1.491875,-0.46375,0.229375,0.176825,0.011983749999999998,1.4525000000000001,68.8125,5.6625,30.55625,-2.10625,0.5457500000000001,3.9362500000000002,50.12875,52.85124999999999,-4.578125,0.8712500000000001
0.49624999999999997,0.53125,0.25425,1168.3462499999998,1.851875,0.12875000000000003,0.21187499999999998,0.10212500000000001,0.02800625,1.4075,213.1875,10.4875,25.83125,-2.59375,0.56975,14.73875,63.49375,81.06625,-1.540625,0.9077500000000001
0.86625,0.26375,0.16125,182.75375,1.304375,0.03374999999999995,0.271375,0.171425,0.01720375,2.3674999999999997,338.3125,10.9375,30.66875,-1.86625,0.7017500000000001,10.678749999999999,50.37625,61.01875,-4.926875,0.98075
0.73625,0.19125,0.21825,782.35375,1.8443749999999999,0.16125,0.32562499999999994,0.172325,0.00408125,2.9225,130.9375,7.1875,20.76875,-2.66875,0.22775,9.01125,73.39375,95.17375,-4.026875,0.83875
0.9662499999999999,0.8412499999999999,0.20224999999999999,298.92625000000004,1.4093749999999998,0.0012499999999999734,0.37987499999999996,0.06432500000000001,0.007198749999999999,2.0625,380.3125,14.6875,34.19375,-1.34875,0.46325000000000005,5.60375,23.646250000000002,86.51125,-2.0581250000000004,0.8007500000000001
0.76875,0.68125,0.29374999999999996,1254.53875,0.6893750000000001,-0.10625000000000001,0.666875,0.077825,0.0032112499999999997,2.1174999999999997,178.1875,6.4125,28.081249999999997,-3.40375,0.59375,6.03875,99.38125000000001,90.96624999999999,-4.803125,0.96125
0.89375,0.69375,0.22775,231.47125,0.9818749999999999,0.32625000000000004,0.49537499999999995,0.114275,0.004516249999999999,2.3325,220.1875,5.0375,30.36875,-1.7912500000000002,0.5682500000000001,9.15625,27.853749999999998,35.03125,-3.059375,0.90275
0.63625,0.56125,0.10625000000000001,1419.42875,1.278125,-0.14125000000000004,0.31337499999999996,0.134975,0.008358749999999998,1.3725,315.5625,6.5375,21.59375,-3.77875,0.23225,21.48125,76.11625000000001,55.82125,-4.353125,0.8137500000000001
0.75875,0.56375,0.12175,490.04875,0.599375,-0.20375000000000004,0.267875,0.161975,0.00785125,2.4325,312.0625,12.6875,28.64375,-1.53625,0.62375,14.52125,75.12625,28.34875,-4.589375,0.83075
0.89625,0.98375,0.11225,1239.5487500000002,0.561875,-0.45875,0.4008749999999999,0.143075,0.01923375,2.1675,332.1875,10.3875,27.29375,-2.95375,0.34025000000000005,19.59625,27.11125,53.59375,-1.9456250000000002,0.94025
0.24125,0.92375,0.20375,302.67375000000004,0.910625,-0.31375,0.4271249999999999,0.11472500000000001,0.02496125,2.4074999999999998,193.9375,9.2625,21.93125,-3.52375,0.34175000000000005,7.34375,79.08624999999999,68.19624999999999,-4.668125,0.8127500000000001
0.03375,0.21125,0.12475,737.38375,0.944375,0.39125,0.602125,0.168275,0.02815125,2.6875,291.0625,14.512500000000001,32.24375,-1.9187500000000002,0.6687500000000001,14.15875,33.29875,5.82625,-1.5856249999999998,0.90075
0.81125,0.62375,0.24075,767.36375,0.655625,-0.30625,0.654625,0.022475000000000002,0.01713125,1.0725,132.6875,10.4125,31.15625,-2.0837499999999998,0.7302500000000001,1.32625,53.59375,34.04125,-2.249375,0.84075
0.10625,0.02125,0.16575,808.58625,1.030625,0.46124999999999994,0.570625,0.136775,0.00654625,1.1825,350.5625,11.1125,29.65625,-1.32625,0.40325,20.46625,72.40374999999999,85.76875,-0.5056250000000002,0.84975
0.93125,0.22875,0.10825000000000001,902.27375,1.559375,0.06625000000000003,0.46562499999999996,0.077375,0.027788749999999997,2.2975,396.9375,13.6375,33.81875,-1.7687499999999998,0.6072500000000001,19.451249999999998,97.15374999999999,65.72125,-1.7768750000000004,0.83175
0.03875,0.17375000000000002,0.20975,70.32875,0.584375,0.49375,0.374625,0.087275,0.00676375,1.8175,92.4375,10.662500000000001,21.70625,-2.98375,0.43775000000000003,6.32875,42.951249999999995,4.09375,-2.013125,0.80325
0.27375,0.11375,0.14075000000000001,291.43125000000003,1.525625,0.18874999999999997,0.6493749999999999,0.141275,0.01009875,1.5474999999999999,309.4375,14.862499999999999,31.98125,-1.3712499999999999,0.31175,16.768749999999997,52.60375,20.923750000000002,-3.0256250000000002,0.95825
0.34875,0.42124999999999996,0.11125,122.79375,1.9718749999999998,-0.16125,0.084125,0.023825000000000002,0.01821875,1.5074999999999998,354.0625,5.4125,22.15625,-1.8362500000000002,0.48275000000000007,24.45375,16.46875,40.72375,-1.9568750000000001,0.93925
