DRAIN,INFEXP,IDEPTH_m,RSSA,ths1,thr1,ksat1,alpha1,npar1,ths2,thr2,ksat2,alpha2,npar2,ths3,thr3,ksat3,alpha3,npar3,FRINTLAI,GLMAX,CVPD,R5,PSICR,FXYLEM,MXKPL,MAXROOTDEPTH,BETAROOT,scen
0.20359125,0.8564705357142858,0.5892946428571428,349.63660714285714,0.5880182142857142,0.029339642857142856,-0.04695535714285709,0.5253258928571428,1.2441781250000001,0.21541392857142858,0.012447008928571429,-0.09646517857142856,1.0178625000000001,1.2215925,0.234165625,0.0011303125,0.20494375,0.8409035714285714,1.291659642857143,0.16552785714285714,0.005258158035714286,1.6981375,80.43642857142858,-1.4837866071428572,0.33806875000000003,13.838607142857143,-1.9225839285714286,0.9697934642857142,422
0.24005160714285717,0.8663973214285714,0.5370267857142857,345.79053571428574,0.5963225,0.020323214285714285,0.1735803571428572,0.5237098214285715,1.210660625,0.22152750000000002,0.012755848214285714,-0.0720580357142857,1.0986375,1.224004642857143,0.22483562499999998,0.0004706696428571429,0.21948839285714286,0.730425,1.2817267857142858,0.1667407142857143,0.005898695535714286,1.5069875,96.73357142857142,-1.4991326785714285,0.21616875,15.32917857142857,-1.8061946428571427,0.9707871071428571,426
0.30469875,0.83150625,0.5343339285714286,297.88946428571427,0.5822610714285714,0.01899535714285714,0.1267767857142858,0.69259375,1.232691875,0.22152535714285715,0.010626919642857143,-0.16944553571428572,1.0260267857142857,1.2246717857142857,0.2287774107142857,0.00045370535714285717,0.21068660714285717,0.8071535714285715,1.2876067857142857,0.1769307142857143,0.00533421875,1.6802375,80.94357142857143,-1.4992066071428571,0.31704375,11.069821428571428,-1.8773267857142857,0.9689202499999999,437
0.20040625,0.8238991071428572,0.5354660714285714,243.17625,0.5839217857142857,0.010824642857142857,0.08538392857142862,0.5175758928571429,1.217011875,0.2241475,0.013832098214285715,-0.0774473214285714,0.9341089285714286,1.2261446428571428,0.22625473214285713,0.0017968303571428573,0.19706875000000001,0.7409749999999999,1.2819839285714285,0.19404357142857143,0.00552021875,1.8699625000000002,94.36642857142857,-1.4999833928571429,0.29811875,10.456964285714285,-1.764205357142857,0.9655484642857143,1091
0.2267544642857143,0.8528973214285714,0.5292839285714286,250.06696428571428,0.5925610714285714,0.013358214285714286,-0.11908035714285714,0.7279598214285714,1.2433331250000001,0.2170975,0.012048169642857143,-0.18972767857142858,1.0517410714285713,1.2228982142857143,0.22512812499999998,0.00033281250000000005,0.21200982142857144,0.7254321428571429,1.2914410714285716,0.19590214285714286,0.00535863125,1.6967375,81.37214285714286,-1.4844358928571428,0.41618125000000006,10.923892857142857,-1.9310482142857142,0.96949175,1322
0.21374053571428572,0.8890741071428572,0.5768482142857143,335.78839285714287,0.5806710714285714,0.0218975,-0.06818749999999998,0.5094330357142857,1.242420625,0.22923035714285717,0.010854866071428573,-0.07753839285714283,0.9172875,1.2265010714285713,0.23211919642857143,0.0013204910714285716,0.23729553571428574,0.7557321428571429,1.2953239285714286,0.16616357142857144,0.005644495535714286,2.0829625000000003,102.845,-1.4938569642857142,0.19934375000000001,11.003392857142858,-1.9273839285714285,0.9672301785714286,1347
0.21195767857142858,0.8710205357142857,0.5659696428571428,303.3698214285714,0.5951325,0.01741392857142857,-0.004294642857142816,0.5395848214285714,1.2368981250000002,0.21290964285714284,0.012404955357142857,-0.16443125,0.9243053571428571,1.236134642857143,0.23085705357142855,0.0023308482142857146,0.15430803571428572,0.8433821428571429,1.2925439285714286,0.18106357142857143,0.005151540178571429,2.0214875,80.86642857142857,-1.4989344642857143,0.4411312500000001,10.737892857142857,-1.771180357142857,0.96576725,1513
0.20978017857142858,0.7693366071428571,0.5973375,294.86053571428573,0.5857574999999999,0.014219642857142858,-0.0037410714285713853,0.51421875,1.219036875,0.2289182142857143,0.017104776785714287,-0.14819375,1.1978625,1.234955357142857,0.23462901785714285,0.0003249553571428572,0.2058169642857143,0.8235035714285714,1.2942096428571428,0.185195,0.0064275776785714285,1.5056875,106.77928571428572,-1.4884719642857143,0.13674375,13.990535714285715,-1.7536410714285713,0.9654959642857143,1696
0.21623839285714286,0.8954330357142858,0.5234446428571429,290.31125,0.5985353571428571,0.017309642857142857,0.12018750000000006,0.5591205357142858,1.217084375,0.2269025,0.011676919642857143,-0.07691696428571426,1.1113232142857143,1.220755357142857,0.23488401785714286,0.00010022321428571431,0.20380803571428574,0.7881178571428571,1.2845275,0.1795992857142857,0.0053247526785714285,1.8005875000000002,80.84214285714286,-1.4766905357142857,0.37423125,10.724178571428572,-1.8987660714285715,0.9694906785714286,1889
0.21265410714285715,0.8169133928571428,0.5147589285714286,263.66375,0.5957153571428572,0.019449642857142856,-0.01061607142857135,0.5158348214285714,1.2256968750000001,0.2201025,0.010792991071428571,-0.17332410714285715,0.9559767857142857,1.2264439285714286,0.22641116071428571,0.0018337053571428575,0.11621875000000001,0.7181892857142856,1.290804642857143,0.18546928571428573,0.005832488392857143,1.9825875000000002,111.785,-1.475806607142857,0.42733125000000005,11.09532142857143,-1.7588267857142856,0.9653191785714286,2384
0.23933660714285715,0.8785044642857143,0.5170625,241.77767857142857,0.5977389285714285,0.01583892857142857,0.04440178571428577,0.5023258928571429,1.212754375,0.21528321428571429,0.011524508928571429,-0.06191160714285712,0.9593089285714286,1.2224667857142857,0.22888080357142856,0.00015620535714285717,0.19490982142857144,0.7646678571428571,1.2897403571428572,0.18641928571428573,0.00507188125,2.1248125,99.775,-1.49704875,0.16459375,11.590321428571428,-1.9432089285714285,0.9669942499999999,2660
0.20789053571428573,0.8628294642857143,0.5852303571428571,328.32410714285714,0.5835089285714286,0.014950357142857144,0.06806250000000008,0.5407633928571429,1.218633125,0.2108060714285714,0.01381763392857143,-0.10314553571428571,0.9439553571428572,1.2238039285714286,0.23364651785714285,0.000530044642857143,0.24258303571428574,0.7215821428571428,1.2968732142857142,0.18913214285714286,0.0061392776785714285,1.5513625,106.99214285714285,-1.478293392857143,0.4409937500000001,12.761821428571428,-1.989055357142857,0.9704526071428571,3226
0.2120319642857143,0.8486973214285715,0.5359875,260.23803571428573,0.5930446428571429,0.012505357142857143,-0.14400892857142855,0.6514419642857143,1.221498125,0.22451535714285714,0.0108146875,-0.17734732142857143,1.1326767857142856,1.2375925,0.23014883928571428,0.002392723214285715,0.15313482142857143,0.8513892857142857,1.2920339285714286,0.1848507142857143,0.0054800848214285715,1.7897625000000001,86.97928571428571,-1.4862316071428572,0.31906875,14.991464285714287,-1.9585732142857142,0.9677553928571428,6009
0.24032089285714286,0.8682348214285714,0.5243446428571429,312.7394642857143,0.5867789285714285,0.013535357142857144,-0.14313392857142856,0.5227723214285714,1.220903125,0.22602321428571429,0.011009955357142857,-0.11116517857142855,1.1123946428571427,1.2210460714285714,0.23303258928571427,0.001665669642857143,0.11497053571428573,0.7398392857142857,1.298034642857143,0.1692107142857143,0.006241743750000001,1.5582875,99.57928571428572,-1.4770451785714285,0.10698125,14.82582142857143,-1.9547910714285714,0.9695806785714285,7900
0.2315319642857143,0.8853080357142857,0.5308553571428571,330.1351785714286,0.5939439285714285,0.015202499999999999,-0.15208035714285714,0.52715625,1.222643125,0.2216875,0.0111896875,-0.1986419642857143,0.9714267857142858,1.238744642857143,0.23056294642857142,0.001955133928571429,0.14782589285714287,0.7986607142857143,1.2982982142857142,0.18381357142857144,0.0057851026785714285,1.7113375,92.86928571428571,-1.4962023214285713,0.37763125,12.82075,-1.9845232142857143,0.9700118214285715,7944
0.25298660714285715,0.8883723214285715,0.5214982142857143,276.70660714285714,0.5891175,0.010526071428571428,-0.16429464285714285,0.5061830357142857,1.229043125,0.22056535714285713,0.012315223214285714,-0.15332053571428572,0.9831375,1.2376746428571428,0.23137294642857142,0.0006320089285714285,0.13633482142857145,0.7994749999999999,1.2992975,0.18346928571428572,0.0057443044642857145,1.5357375,86.845,-1.4747823214285714,0.15223125,13.818892857142858,-1.7220339285714286,0.9670133214285714,8911
0.23628625000000003,0.8833151785714286,0.5259517857142857,324.4033928571429,0.5988896428571429,0.012163214285714286,0.08618750000000008,0.5875044642857143,1.210601875,0.2292482142857143,0.012188258928571429,-0.07595267857142854,1.0441017857142858,1.2213839285714285,0.2309861607142857,0.0020083482142857147,0.16627053571428574,0.7966321428571428,1.2909039285714285,0.16317071428571428,0.005627999107142857,2.1661375,94.45357142857142,-1.478686607142857,0.18510625000000003,11.22025,-1.900555357142857,0.9666179642857142,9002
0.23781375000000002,0.81826875,0.5848375,257.81410714285715,0.5879924999999999,0.024735357142857142,-0.014580357142857103,0.6856919642857143,1.2395331250000001,0.21894107142857144,0.015256026785714288,-0.10046160714285714,0.9730982142857143,1.2343789285714286,0.23270098214285714,0.0006912053571428571,0.1479169642857143,0.7098535714285714,1.2969489285714286,0.19833928571428572,0.005729966964285714,2.0723875,110.58500000000001,-1.4967155357142856,0.27355625,11.209964285714285,-1.7069160714285714,0.9684278214285714,10459
0.20824803571428574,0.7889116071428571,0.5854660714285714,309.6830357142857,0.5840603571428571,0.010869642857142857,0.009312500000000057,0.5891919642857143,1.235548125,0.21147821428571428,0.012528169642857143,-0.1159330357142857,0.9196767857142857,1.2206946428571428,0.22808151785714284,0.0007197767857142857,0.24872767857142858,0.7757392857142857,1.2856125,0.1860907142857143,0.005650474107142857,2.0412875,107.24214285714285,-1.4929044642857143,0.4373187500000001,11.252607142857142,-1.8693017857142857,0.9684488214285714,10767
0.24148160714285716,0.89225625,0.5046875,316.98625000000004,0.5994425,0.013094642857142857,-0.0034732142857142323,0.5940848214285714,1.2343768750000002,0.21991321428571428,0.012270491071428573,-0.14337232142857143,1.1069839285714287,1.2222160714285715,0.228060625,0.0019406696428571433,0.10260625000000001,0.7997535714285714,1.2992860714285714,0.17605357142857142,0.006263277678571429,1.7555625000000001,103.35071428571429,-1.4821473214285714,0.31309375000000006,10.654107142857143,-1.8952946428571429,0.9654321071428571,11011
0.20702232142857144,0.8730187500000001,0.5360267857142857,282.07696428571427,0.5926775,0.02463535714285714,-0.16906249999999998,0.5225223214285715,1.220738125,0.22256964285714287,0.010771830357142858,-0.17743839285714286,1.0868732142857143,1.236890357142857,0.22754205357142857,0.0004370982142857143,0.14050267857142856,0.7256392857142857,1.2895803571428572,0.184955,0.005780729464285714,1.6250625,94.65071428571429,-1.4783533928571428,0.42889374999999996,15.073964285714286,-1.8510339285714286,0.9687363928571429,11410
0.2526430357142857,0.8765169642857144,0.5234232142857143,267.41553571428574,0.5930367857142856,0.020796071428571428,-0.028919642857142824,0.6025669642857143,1.239213125,0.21913678571428571,0.013173169642857144,-0.09686696428571426,1.1628910714285714,1.2226560714285715,0.22374973214285715,0.0020561160714285716,0.10974732142857144,0.7208249999999999,1.2938132142857144,0.163595,0.005089872321428572,2.1651375,93.41785714285714,-1.4963716071428572,0.4071187500000001,12.756678571428571,-1.9293660714285714,0.9709051785714286,11558
0.22560767857142858,0.8195223214285714,0.5739089285714285,275.37089285714285,0.5921803571428571,0.016201785714285714,-0.1641517857142857,0.5946919642857142,1.235821875,0.2196182142857143,0.010043794642857143,-0.1524044642857143,0.9315375,1.227934642857143,0.222885625,9.602678571428573e-5,0.18711517857142856,0.823425,1.2891725,0.19666642857142858,0.005960750892857143,1.7124125000000001,112.30928571428572,-1.4925294642857143,0.42135625,12.792892857142856,-1.9806124999999999,0.9653003214285714,12083
0.20925089285714288,0.7940651785714286,0.5441553571428571,273.72089285714287,0.5808217857142857,0.0227075,-0.2107767857142857,0.56128125,1.243921875,0.21746535714285714,0.014435580357142859,-0.16908125000000002,1.0114125,1.2226232142857143,0.22778098214285714,0.0006063839285714287,0.10343660714285714,0.7521607142857143,1.2997539285714286,0.16608357142857144,0.00588718125,2.1017875000000004,101.78214285714286,-1.49746875,0.21653125,11.256464285714285,-1.866355357142857,0.9661576785714285,12660
0.30786982142857144,0.8733830357142858,0.5279553571428571,338.4323214285714,0.5860717857142856,0.020313928571428573,-0.2500267857142857,0.5547098214285714,1.235241875,0.21011392857142858,0.015474598214285717,-0.19859375,1.0030232142857143,1.2215417857142856,0.22313098214285715,0.001396919642857143,0.16574553571428574,0.7130392857142857,1.2889639285714285,0.170145,0.006068199107142858,1.6864125,98.045,-1.4962666071428572,0.29478125,11.827964285714286,-1.9304267857142856,0.9673763214285714,12800
0.20486339285714286,0.8212473214285715,0.5217553571428571,244.61410714285714,0.5968582142857143,0.027084642857142856,-0.20497321428571424,0.5779598214285714,1.233769375,0.21937607142857143,0.012503526785714286,-0.14833303571428572,0.9997553571428571,1.2308474999999999,0.22940526785714285,0.0008193303571428571,0.2187169642857143,0.7044464285714285,1.284159642857143,0.19728357142857145,0.005592625892857143,2.0594875000000004,107.38357142857143,-1.4870619642857144,0.37514375,12.06775,-1.7412339285714284,0.9660188214285714,14190
0.2986398214285715,0.8373669642857143,0.5329517857142857,278.4901785714286,0.5934310714285714,0.015171785714285714,-0.23654464285714283,0.5896830357142857,1.2409293750000001,0.21240464285714286,0.015945758928571432,-0.16556696428571427,1.1965124999999999,1.2253932142857142,0.223841875,0.0006027232142857144,0.10091875,0.7775535714285714,1.2878403571428572,0.18778785714285715,0.006137008035714286,1.5216375,97.76785714285714,-1.49785125,0.16038125,13.307607142857144,-1.9949053571428572,0.97059725,14595
0.22717232142857144,0.8530205357142857,0.5760553571428572,314.54660714285717,0.5927417857142857,0.01844607142857143,-0.2841517857142857,0.5448526785714286,1.234173125,0.22393821428571428,0.0144203125,-0.12314375,1.1741303571428572,1.2272003571428571,0.23165151785714286,0.0017620982142857145,0.19724017857142861,0.8666107142857143,1.285660357142857,0.19175642857142858,0.0055878651785714285,1.8834125000000002,91.60214285714285,-1.4969051785714285,0.23475625,12.47232142857143,-1.8396232142857143,0.9684466785714285,15167
0.24267017857142859,0.8309276785714286,0.5194375,344.2701785714286,0.5958739285714285,0.011829642857142858,-0.15393749999999998,0.5460669642857143,1.241201875,0.22546964285714285,0.011784062500000001,-0.1555169642857143,1.0446589285714285,1.2353017857142856,0.22520098214285714,0.0006835267857142857,0.12843839285714287,0.7279178571428571,1.2807632142857144,0.1959064285714286,0.005414597321428571,2.1660875,94.3607142857143,-1.4984030357142857,0.38214375,10.30075,-1.8467803571428572,0.9703448214285714,15594
0.2637394642857143,0.8999276785714286,0.5038232142857143,289.2348214285714,0.5911610714285714,0.010866071428571428,0.061401785714285784,0.6758080357142857,1.237066875,0.22649107142857144,0.011674241071428572,-0.0998348214285714,0.9479196428571429,1.2326139285714286,0.22931205357142856,0.0011695982142857144,0.20370625000000003,0.821175,1.2908260714285715,0.19136928571428574,0.005205900892857143,1.8474875000000002,85.71928571428572,-1.4879255357142858,0.13193125,12.246892857142857,-1.9797339285714286,0.9692697499999999,16915
0.28032375000000004,0.7983133928571429,0.5525625,268.86910714285716,0.5952782142857143,0.017964642857142856,-0.2942232142857143,0.6291919642857143,1.220673125,0.22916250000000002,0.010318348214285714,-0.19814910714285716,0.9462696428571429,1.2383503571428571,0.23123633928571427,0.0014382589285714287,0.17620267857142857,0.8811678571428572,1.2909717857142857,0.19039785714285715,0.005306983035714286,2.1824125000000003,84.8307142857143,-1.4994594642857142,0.31910625000000004,11.229678571428572,-1.7695410714285713,0.9668588214285714,16927
0.29387625000000006,0.8302419642857143,0.5120089285714285,286.02910714285713,0.5968789285714285,0.01266607142857143,-0.23500892857142855,0.5332366071428571,1.224829375,0.22662464285714287,0.013659330357142858,-0.11392946428571427,1.0634625,1.2367325,0.23274758928571426,0.0008158482142857143,0.11745625000000001,0.7648107142857142,1.2998503571428572,0.1933264285714286,0.0060432883928571435,1.6880125000000001,104.54642857142858,-1.4876919642857143,0.42510625,12.295535714285714,-1.8355625,0.9687235357142857,18769
0.3295426785714286,0.8966812500000001,0.5763339285714286,309.31375,0.5884867857142857,0.013419642857142857,-0.1991160714285714,0.5479866071428572,1.241305625,0.2263167857142857,0.014222901785714288,-0.18309553571428572,1.0352196428571427,1.2346317857142857,0.23254669642857143,0.0020195982142857142,0.2389669642857143,0.8034107142857143,1.2875582142857143,0.1928207142857143,0.006269699107142857,1.7785375,117.13642857142858,-1.4880916071428572,0.19684374999999998,12.132464285714285,-1.8574732142857142,0.96707075,18864
0.23998660714285716,0.8553830357142858,0.5266589285714286,306.75232142857146,0.5815203571428571,0.0269125,-0.011705357142857087,0.5159598214285714,1.2374031250000002,0.21605035714285714,0.015240223214285717,-0.14058660714285715,0.9585910714285715,1.2288432142857142,0.2282775892857143,0.0004633482142857143,0.20311160714285717,0.7025392857142857,1.2902217857142857,0.17468642857142858,0.005576406250000001,1.5368125,85.86642857142857,-1.4874401785714286,0.25599375,12.223107142857144,-1.7767517857142856,0.9697709642857143,18939
0.2059869642857143,0.8948812500000001,0.5028053571428571,292.8648214285714,0.5944132142857143,0.028863214285714284,0.15254464285714292,0.6257008928571428,1.240039375,0.22208178571428572,0.011288526785714285,-0.05425624999999998,1.0942339285714286,1.2209617857142856,0.23009526785714285,0.0016335267857142861,0.14655089285714284,0.7076464285714286,1.2923667857142858,0.17023214285714286,0.005270225892857143,1.5530875,81.87785714285714,-1.49416875,0.36790625,15.312678571428572,-1.8855875,0.9662858214285714,19050
0.24950910714285715,0.8684919642857143,0.5772553571428571,342.2469642857143,0.5861096428571428,0.012094642857142858,0.0886696428571429,0.6956383928571429,1.214651875,0.21697892857142856,0.011330580357142859,-0.18646517857142858,1.1210089285714286,1.2221417857142858,0.22985633928571428,0.0003313839285714286,0.13171160714285715,0.8038607142857143,1.2961575,0.1977064285714286,0.005953609821428571,1.6603375,96.58785714285715,-1.4736691071428571,0.14109375000000002,14.083321428571429,-1.7057375,0.9665706071428571,20754
0.2094969642857143,0.84328125,0.5349732142857143,247.00660714285715,0.5849332142857142,0.010404642857142857,0.18647321428571434,0.6076651785714285,1.218279375,0.21995178571428572,0.013919687500000002,-0.12349196428571427,1.0324875,1.2275703571428571,0.226290625,0.001003705357142857,0.21990625000000003,0.7086464285714286,1.2899225,0.17362642857142857,0.00523656875,2.1640375,106.70785714285714,-1.4912651785714286,0.28823125000000005,12.17682142857143,-1.787830357142857,0.9709326071428571,21550
0.2800219642857143,0.893263392857143,0.5071232142857143,295.2651785714286,0.5869282142857143,0.022973214285714284,-0.2942053571428571,0.5334776785714286,1.227231875,0.22501178571428573,0.013900669642857145,-0.07469910714285713,1.024644642857143,1.2327382142857142,0.22911651785714285,0.0001102232142857143,0.23230803571428574,0.7209749999999999,1.2800082142857143,0.17612785714285714,0.005038279464285715,2.1545375,83.22357142857143,-1.4758205357142857,0.15198125,15.29725,-1.7302517857142856,0.9668031071428571,21609
0.20512339285714287,0.7559758928571428,0.5415160714285714,285.4280357142857,0.5976896428571429,0.0212025,-0.009062499999999973,0.5614776785714286,1.223709375,0.21478892857142856,0.013622098214285715,-0.12086696428571428,0.9902946428571429,1.2212117857142857,0.23109223214285712,0.0012197767857142858,0.1263651785714286,0.7994964285714286,1.2959167857142857,0.18379928571428572,0.005648536607142858,2.1145625000000003,106.83214285714286,-1.498985892857143,0.33001875,10.837107142857143,-1.978169642857143,0.9663708928571428,21751
0.25592089285714287,0.7854616071428572,0.5959696428571428,296.6873214285714,0.5931753571428571,0.0276625,-0.09174107142857141,0.5499866071428572,1.212058125,0.22046964285714285,0.011193973214285715,-0.1878901785714286,0.9998089285714286,1.2342860714285715,0.226845625,0.0011747767857142857,0.18356875,0.8050535714285714,1.2857875,0.18912642857142858,0.005686954464285714,2.0004125000000004,100.51357142857142,-1.4990844642857142,0.40759375,10.563892857142857,-1.8598732142857142,0.9695358928571428,22040
0.22744160714285716,0.84241875,0.5361482142857142,300.5726785714286,0.5995589285714286,0.015050357142857143,0.12697321428571434,0.6454508928571429,1.2404831250000001,0.22485678571428572,0.011820491071428572,-0.1102973214285714,0.9881732142857143,1.2329760714285714,0.23111848214285713,0.0016962946428571433,0.12398660714285714,0.7372178571428571,1.2952589285714287,0.17013642857142858,0.005065238392857143,1.9111125000000002,83.94357142857143,-1.4961658928571429,0.27625625,11.33382142857143,-1.8563053571428572,0.9682443928571428,22409
0.2630058928571429,0.8977955357142857,0.5399732142857143,290.46446428571426,0.5933182142857143,0.015931785714285714,-0.27933035714285714,0.5012276785714286,1.2108643749999999,0.21977750000000001,0.013030133928571429,-0.09644374999999998,1.1720303571428572,1.2210889285714286,0.22898098214285714,0.0014902232142857145,0.20185267857142858,0.7457892857142857,1.2912217857142858,0.18057928571428572,0.005620138392857143,1.8804125000000003,95.385,-1.4964530357142858,0.22318125,15.700964285714285,-1.828930357142857,0.9655011071428571,22961
0.21881982142857145,0.8901026785714286,0.5020446428571429,276.14482142857145,0.5959025,0.011666071428571428,-0.27104464285714286,0.5032098214285714,1.2337031250000001,0.21204464285714286,0.01378763392857143,-0.12340089285714284,0.9142339285714286,1.2233646428571427,0.22398437499999999,0.0015912946428571432,0.14374375,0.7390178571428572,1.2852975,0.1942792857142857,0.00505638125,1.9128625000000001,80.22071428571428,-1.4867898214285715,0.3706812500000001,14.019464285714285,-1.8698267857142856,0.9705843928571428,23738
0.26236982142857146,0.86626875,0.5344017857142858,344.94982142857145,0.5870974999999999,0.02023392857142857,0.03365178571428579,0.50234375,1.2446768750000001,0.21932107142857143,0.010300937500000001,-0.15392589285714287,1.0050267857142856,1.2311353571428572,0.232009375,0.002300044642857143,0.1994901785714286,0.7942607142857143,1.2977960714285715,0.1854964285714286,0.005469899107142857,1.9526375000000002,101.51642857142858,-1.4876223214285713,0.42784374999999997,11.882178571428572,-1.7495910714285714,0.9677448928571428,24737
0.26875839285714287,0.8454508928571429,0.5086089285714286,306.9330357142857,0.5995989285714286,0.011403214285714286,-0.1289017857142857,0.6075401785714286,1.235230625,0.22326535714285714,0.011279955357142858,-0.05387053571428568,1.0676410714285713,1.2226817857142858,0.22773276785714286,0.0008184375,0.2036419642857143,0.7064678571428571,1.2804667857142857,0.198575,0.0055560348214285715,1.7311375,90.595,-1.4873244642857142,0.4398937500000001,10.450964285714285,-1.717330357142857,0.9666098214285714,25219
0.24658875000000002,0.89109375,0.5768660714285714,257.7119642857143,0.5847125,0.0258325,-0.008151785714285653,0.6513258928571428,1.2446931250000002,0.21931392857142856,0.010364151785714286,-0.07391160714285713,1.0387017857142857,1.2223553571428571,0.22173276785714285,0.0003869196428571429,0.1714776785714286,0.7037249999999999,1.2881775,0.17318785714285714,0.005660659821428571,1.7835375,93.71071428571429,-1.49893875,0.17879375,11.566964285714286,-1.7078696428571427,0.9657051071428571,26511
0.2313926785714286,0.8445723214285714,0.5328089285714286,264.79910714285717,0.5877475,0.02562821428571429,-0.05302678571428571,0.5575669642857143,1.2327231250000001,0.21607535714285714,0.01179450892857143,-0.11521517857142856,1.0423125,1.2224146428571427,0.222413125,0.0018065625000000002,0.16631339285714286,0.7283821428571429,1.2805839285714287,0.19159357142857145,0.006393754464285715,1.6331875,117.11785714285715,-1.4990180357142857,0.25021875,10.524464285714286,-1.8475625,0.9691941071428571,26794
0.27935803571428575,0.8517776785714286,0.5061482142857143,332.54339285714286,0.5813396428571428,0.015421071428571428,0.11995535714285721,0.7057276785714286,1.2127768749999999,0.22233678571428572,0.0121684375,-0.08928124999999998,1.0091732142857144,1.2272453571428572,0.22792776785714286,0.0015104910714285717,0.24909732142857144,0.7090535714285714,1.2857403571428572,0.195275,0.005407179464285715,1.9229125000000002,99.055,-1.49212125,0.43158125,13.588107142857144,-1.880155357142857,0.9658021785714286,27233
0.2425169642857143,0.8711116071428572,0.5219017857142857,295.31625,0.5904239285714286,0.010544642857142857,-0.048366071428571356,0.53146875,1.2356206250000001,0.21731035714285715,0.013887276785714288,-0.15525982142857142,1.1648839285714285,1.221489642857143,0.2337391964285714,0.0011609375,0.20227053571428572,0.7893535714285714,1.2887317857142857,0.19867214285714288,0.005661213392857143,2.0888375000000003,107.04928571428572,-1.4756308928571429,0.40220625,11.558821428571429,-1.7964232142857142,0.9674026785714286,27395
0.22842125000000002,0.8456008928571429,0.5297589285714286,302.9219642857143,0.5968846428571428,0.018127499999999998,-0.16400892857142857,0.5203348214285715,1.229625625,0.22704464285714288,0.012252812500000002,-0.10072946428571428,1.1932232142857142,1.2248389285714285,0.230171875,0.0012187053571428572,0.19238660714285716,0.7195892857142857,1.2991925,0.19699357142857143,0.005677875892857143,1.5738625,86.67642857142857,-1.4884655357142857,0.40168125,10.528107142857143,-1.783855357142857,0.9670508214285713,27636
