dates,precip,globrad,windspeed,tmax,tmin,tmean,vappres
2024-01-01,0,1.4939424000000001,0.346625,2.74859,-1.0682366666666665,0.7536823993055556,0.6321295308059044
2024-01-02,7.972,2.9453658,0.21564583333333334,6.09737,-0.8097033333333333,2.4521652662037035,0.6314412633059434
2024-01-03,5.632,1.1074356,0.44377083333333334,8.344978000000001,-0.08067,4.043645636574074,0.7589569353511358
2024-01-04,1.664,2.901639,0.3412777777777778,7.314806,2.3435550000000003,4.843991677083333,0.7645827916287384
2024-01-05,7.266,1.270929,0.2457638888888889,5.542425,0.7971716666666666,2.7733425300925925,0.6854185198036459
2024-01-06,0.376,2.6571906000000003,0.2905902777777778,4.848958166666666,0.9095366666666667,2.9094563819444446,0.6873112407683108
2024-01-07,0,2.9509518000000003,0.3697986111111111,4.81781,0.29422166666666666,1.9027529039351851,0.6151916254957157
2024-01-08,0.005,2.5635174000000003,0.27129166666666665,2.2794133333333333,-1.1684350000000001,0.2942659166666667,0.5256493917077818
2024-01-09,0,2.7587070000000002,0.19065277777777778,2.3924383333333337,-1.5796333333333332,-0.36367564467592595,0.5004014701917865
2024-01-10,0,2.7876942,0.3588263888888889,3.958241666666667,-2.7586633333333332,0.044121481481481484,0.541592743069677
2024-01-11,0,0.726135,0.4208125,0.38810333333333336,-3.00643,-1.447403159722222,0.4884869142416093
2024-01-12,0,1.0353414,0.34897222222222224,-1.1496816666666667,-5.108896666666666,-2.654541478009259,0.4618590826724037
2024-01-13,0,0.5453958,0.5587847222222222,-1.8123016666666667,-5.925068333333334,-4.256970498842593,0.3880214623140514
2024-01-14,0.018,2.6455836,0.3123472222222222,2.32669,-5.71304,-1.7833817048611111,0.3843379501024248
2024-01-15,1.06,1.7524146,0.33181944444444444,3.9287400000000003,-1.0946733333333334,1.2008106597222223,0.5856564585417545
2024-01-16,0,2.7947268000000003,0.3706111111111111,2.51592,-3.7332616666666665,-0.607875318287037,0.46882962513876225
2024-01-17,20.346,2.7278322,0.29893055555555553,5.921701666666666,0.8791533333333333,3.3518154363425925,0.7385029088301402
2024-01-18,16.32,1.9723602000000002,0.3467222222222222,5.98776,2.120605,4.540403019675926,0.8353569660578902
2024-01-19,0,1.5032982000000001,0.6352916666666667,2.016575,-4.471683333333333,-0.4636566226851852,0.4774639452608659
2024-01-20,0,0.7519392,0.40902777777777777,-1.9579716666666664,-7.245506333333333,-4.630826746527777,0.32136761380909024
2024-01-21,0,3.36762,0.4124305555555556,2.1428766666666665,-5.440963333333333,-2.111745505787037,0.3660966804685626
2024-01-22,7.603,3.5340444000000004,0.3562638888888889,7.008344666666666,-2.54806,1.8198257083333333,0.5287633307706525
2024-01-23,0.9550000000000001,2.5297326,0.4139583333333333,7.487136166666667,2.6657583333333337,4.809255648148148,0.7497787361850505
2024-01-24,0.006,4.07667,0.30822222222222223,11.385919999999999,2.8420300000000003,7.437576363425926,0.8939921714423286
2024-01-25,0,0.9343859999999999,0.4913125,13.180673333333333,3.6703916666666667,8.963732672453704,0.8799655236378199
2024-01-26,2.22,2.7491202,0.3943333333333333,9.407631333333335,1.5849216666666668,5.882821344907407,0.8252083231055494
2024-01-27,0,0.8471706000000001,0.5024583333333333,6.336291666666666,1.3286166666666666,4.041922023148148,0.7345087569672399
2024-01-28,0,0.9905130000000001,0.5665277777777777,6.420941333333333,-0.64027,2.663577503472222,0.4687517856930772
2024-01-29,0,3.1981038,0.49698611111111113,9.002551333333333,1.3091,4.2543611192129624,0.538931832086778
2024-01-30,0,3.3936078000000003,0.4536736111111111,8.251699166666667,1.0721183333333333,3.7567520208333334,0.5930520371685342
2024-01-31,0,3.4562724,0.4434444444444444,8.5640365,-0.352035,3.3233188136574077,0.584184086935929
2024-02-01,0,3.093468,0.40875,7.195341333333333,-0.42674500000000004,3.0593896400462963,0.6250716647309321
2024-02-02,0,3.0821556000000006,0.325,7.635827833333334,1.139715,4.147412618055556,0.6940405871091546
2024-02-03,0,2.386242,0.5765,8.321333166666667,0.30671333333333334,3.449267232638889,0.6326859551602652
2024-02-04,0,2.8087374,0.6088333333333333,9.572591166666665,-0.21506833333333333,3.5265101689814813,0.6299223665310791
2024-02-05,0,3.3701423999999998,0.5608611111111111,10.791889833333332,0.6498933333333333,4.113121505787037,0.6100844937027619
2024-02-06,0,4.1512932000000005,0.5529097222222222,9.6820565,0.25078333333333336,3.6092042060185188,0.5573635984770393
2024-02-07,0,3.4851870000000003,0.3829402985074627,7.258967999999999,-0.6935883333333333,3.2171616099537035,0.640093701564366
2024-02-08,0,5.823254400000001,0.2673623188405797,11.82925,3.043448333333333,7.464082142361111,0.8272326867220259
2024-02-09,0,3.1658226,0.39021951219512196,12.413699999999999,6.435396666666667,9.507622297453704,0.7809655713167171
2024-02-10,0,6.222787800000001,1,14.587175,7.480243,11.49178437037037,0.6724224408855546
2024-02-11,0,5.9035458,0.6394444444444445,10.959176666666668,4.52805,6.884112665509259,0.6729098139942378
2024-02-12,0,6.2507244,0.47095555555555557,10.041830000000001,0.17977833333333332,5.14024425462963,0.6376574522634717
2024-02-13,0,6.533087399999999,0.5249375,10.353625000000001,0.46976666666666667,4.717675945601852,0.5678971165670024
2024-02-14,0,5.5107096,0.3316527777777778,11.935881666666667,0.35426,5.768402368055556,0.5252467719127399
2024-02-15,0,6.3329868,0.40568055555555554,14.941546666666667,2.3073483333333336,8.09841569212963,0.6446106217155552
2024-02-16,0,6.6696425999999995,0.46158333333333335,14.42881,4.395725,8.639346731481481,0.7272061001596134
2024-02-17,0,7.640008200000001,0.5287083333333333,14.887673333333332,3.829466666666667,7.992840141203704,0.8249258192804236
2024-02-18,0.005,7.2241290000000005,0.3439583333333333,13.866501666666668,2.6004500000000004,8.103708694444444,0.7802458972688144
2024-02-19,2.413,8.0963676,0.5999513888888889,14.743653333333334,5.554846666666666,9.647561481481482,0.7922966411654607
2024-02-20,1.09,9.6980886,0.3921736111111111,11.561565000000002,2.8882233333333334,6.19848931712963,0.7555476397657358
2024-02-21,0,8.569854000000001,0.3664861111111111,12.649546666666666,0.2702716666666667,6.490321417824074,0.6170783525237432
2024-02-22,25.895,2.1036648000000002,0.2927430555555556,10.148263333333333,3.67639,6.143031737268519,0.831973546786785
2024-02-23,0.007,12.463265400000001,0.4174305555555556,10.227253000000001,0.5166666666666666,4.044687535879629,0.6236681249561191
2024-02-24,0,11.928231000000002,0.4953958333333333,10.74657,-0.39998333333333336,3.7829770439814814,0.4973998363139667
2024-02-25,0,12.1763742,0.4796736111111111,11.204656666666667,-2.2507183333333334,4.487784359953704,0.45655700583062253
2024-02-26,0,6.672419400000001,0.5047083333333333,12.099013333333334,4.633003333333333,8.050089849537038,0.5137854924763416
2024-02-27,0.693,5.563117200000001,0.38227083333333334,10.920831666666666,3.808225,6.675345084490741,0.7464798113337441
2024-02-28,0.47700000000000004,7.3493952,0.30917361111111114,12.008775,5.1565683333333325,7.4466215752314815,0.8390712187203786
2024-02-29,0,12.380931,0.45025,17.093495,1.8368866666666668,7.614631130787037,0.7467106923261502
2024-03-01,6.272,3.3466662000000005,0.2747777777777778,6.51236,4.070618333333333,5.335417461805555,0.84774394110868
2024-03-02,0,10.7709822,0.5919722222222222,13.704873333333333,1.2840833333333332,7.525470991898148,0.7331139551375339
2024-03-03,0,10.891166400000001,0.9131319444444445,12.488433333333333,6.045531666666667,9.274490778935185,0.6967144122014715
2024-03-04,1.094,7.5261486,0.34000694444444446,12.273976666666666,1.9379716666666666,6.053233630787037,0.7703184765918691
2024-03-05,0.78,8.091141,0.5909583333333334,11.47455,2.7027366666666666,5.630519488425926,0.7359982669042398
2024-03-06,0,9.473112,0.6828819444444444,10.025951666666668,0.29204166666666664,4.6670519375,0.5924687899558365
2024-03-07,0,15.3379866,0.49654166666666666,12.743635,-1.7633450000000002,4.170411864583333,0.5238325325252033
2024-03-08,0,12.7468398,0.6573333333333333,13.040165,-1.0674616666666668,6.51481440625,0.4966743056385299
2024-03-09,0,7.845091800000001,0.81475,12.900208333333333,7.9680745,10.217451261574073,0.502135284340072
2024-03-10,16.059,2.0740956,0.7052291666666667,9.462302999999999,1.1439083333333335,5.264868453703704,0.7170635538715817
2024-03-11,0,14.501856000000002,0.4224027777777778,11.854548333333334,-0.513375,5.353371430555555,0.6683085946643481
2024-03-12,0.601,11.245186200000001,0.6844513888888889,12.98724,3.5086233333333334,7.3686443657407406,0.6992760191525152
2024-03-13,1.794,15.9970608,0.3506111111111111,14.71771,4.723425000000001,8.780162614583332,0.8421631596413799
2024-03-14,0,15.3615636,0.3439861111111111,19.656563333333334,2.90998,10.246320516203703,0.7496973351565983
2024-03-15,0.716,9.344280600000001,0.42586805555555557,15.379596666666666,5.837465,9.600520774305556,0.8406164489508711
2024-03-16,8.727,17.555936400000004,0.49290972222222224,17.399005,6.170778333333333,10.499091265046296,0.9190203527037356
2024-03-17,0.376,4.2354744,0.27153472222222225,10.980496666666667,3.585423333333333,7.856452376157407,0.8308429116182401
2024-03-18,17.331,4.8811308,0.36461805555555554,13.76993,6.779069833333333,8.946317851851852,1.0415247965686407
2024-03-19,0,16.7448612,0.5009791666666666,17.514095,4.078208333333333,10.117466563657407,0.8703486718770473
2024-03-20,0,17.2663188,0.45966666666666667,21.176540000000003,3.1715083333333336,11.202858869212964,0.7431524513902048
2024-03-21,3.5260000000000002,6.6314514,0.3961458333333333,15.158788333333334,6.986337833333334,10.175939858796296,0.9498120390787419
2024-03-22,0,14.1500064,0.44153472222222223,19.744880000000002,4.361075,11.04140881712963,0.7555572583011707
2024-03-23,1.331,11.630389200000002,0.6998472222222222,13.829221666666667,2.8347066666666665,7.812188491898148,0.6290960618243884
2024-03-24,0.27,11.3285472,0.6030069444444445,9.108438166666666,1.8890383333333334,5.270025361111111,0.5568957390085958
2024-03-25,0,17.181149400000002,0.5458194444444444,14.992611666666667,-1.281335,7.3939874861111115,0.3936272258299758
2024-03-26,0,16.355748,0.6993958333333333,15.445293333333334,8.4652245,11.579050173611112,0.48144995149919756
2024-03-27,8.372,3.0113958,0.6435694444444444,11.464105,0.8376166666666667,5.2760655625,0.7321322740589407
2024-03-28,3.196,7.683283800000001,0.3647222222222222,10.1360315,0.3074366666666667,3.818798759259259,0.7084138185558437
2024-03-29,0,11.694040200000002,0.7445347222222223,16.449381666666667,1.9233666666666667,11.558384011574073,0.6804267969550408
2024-03-30,12.938,8.179225800000001,0.9265138888888889,13.691016666666666,4.739763333333333,10.076047275462962,0.8509671039151177
2024-03-31,0,14.16069,0.9180486111111111,16.123966666666668,3.9466783333333333,10.908017310185185,0.8115239837142466
2024-04-01,3.189,16.776672,0.7161666666666666,13.758221666666667,5.424405,9.706858344907406,0.7657855964562298
2024-04-02,0,20.7292908,0.5605625,15.523088333333334,3.9508416666666664,9.154291372685185,0.6298102757231128
2024-04-03,0.927,7.3539564,0.3699861111111111,11.430456666666666,5.325375,8.474139347222224,0.7624252152603728
2024-04-04,0,15.451854,0.5220555555555556,19.748315,4.74652,12.178151454861112,0.8189843756762912
2024-04-05,0,18.979384800000002,0.44832638888888887,25.321213333333333,6.878195,15.82258064236111,0.7776973160219217
2024-04-06,0,19.819013400000003,0.39755555555555555,28.075768333333336,7.385971666666666,17.249045921296293,0.7273837346831975
2024-04-07,0,11.2541298,0.3670347222222222,26.03080333333333,10.444511666666667,17.934465034722223,0.7878572933717058
2024-04-08,0,11.194110600000002,0.69475,24.8263,11.954758333333334,19.36807846064815,0.7827675005415463
2024-04-09,7.393,3.0742008000000003,0.6002013888888889,19.820873333333335,4.594034833333334,10.300496090277779,0.8311588915732613
2024-04-10,1.017,14.708274600000001,0.45936805555555554,13.134346666666666,3.8068416666666667,7.465516585648148,0.7420527489701609
2024-04-11,0,21.892249800000002,0.4579097222222222,19.882891666666666,2.9781899999999997,10.894826462962962,0.8658580386976514
2024-04-12,0,22.0354776,0.4421736111111111,24.384251666666668,5.342011666666666,14.314866530092592,0.9607695524019383
2024-04-13,0,22.728037800000003,0.3644791666666667,27.947173333333332,7.8228975,17.386219797453705,0.9201212478859551
2024-04-14,0,23.4268146,0.3717986111111111,29.20809,9.050424666666666,19.1077028125,0.8545679406420389
2024-04-15,0.098,13.0816638,0.47029166666666666,21.917794999999998,10.637195,16.35487310185185,0.9886039689590691
2024-04-16,0.27,17.099343,0.6875138888888889,12.226331666666667,3.7482716666666667,9.661581144675926,0.5692879538357303
2024-04-17,1.578,13.669671600000003,0.5615416666666667,10.548348333333333,1.66833,5.389273324074074,0.6274948485819023
2024-04-18,1.0010000000000001,19.0038738,0.44924305555555555,10.76826,0.11108000000000001,4.503715126157408,0.5283568495902122
2024-04-19,2.928,9.876079200000001,0.5809861111111111,9.382491333333334,-2.1351383333333334,4.426023106481481,0.5522188443239793
2024-04-20,0.312,16.918701600000002,0.4678819444444444,10.882878333333334,1.7033216666666666,6.484703114583333,0.5788857286859963
2024-04-21,0.51,9.0429996,0.45253472222222224,7.664907833333333,-1.7289316666666665,3.0416476909722223,0.5451218660549595
2024-04-22,0,14.880931200000001,0.3868263888888889,7.2431095,-2.0831783333333336,3.014950611111111,0.5271783700485899
2024-04-23,0,19.4092134,0.4681180555555556,11.329536666666666,-1.6084,4.962735539351852,0.49204561090319515
2024-04-24,0,15.609747,0.5228402777777778,10.628015,1.571565,6.225724896990741,0.48608063251219635
2024-04-25,0,24.4557894,0.37461805555555555,13.898924999999998,1.0754133333333333,6.776215679398148,0.4766205359911725
2024-04-26,0,21.0935352,0.44504166666666667,16.330976666666665,2.3876566666666665,10.027230032407408,0.5323479719525028
2024-04-27,0,22.5228684,0.6348680555555556,17.66068333333333,4.605528333333334,12.359522503472222,0.5969025301436908
2024-04-28,0,8.284501200000001,0.6300694444444445,18.246833333333335,7.380693166666667,13.360107862268519,0.7907107534715592
2024-04-29,0,20.05575,0.494125,22.033543333333334,7.4752995,15.247041462962963,0.8529068504861487
2024-04-30,0.049999999999999996,18.4988214,0.7070277777777778,22.739678333333334,13.207663333333333,18.23536847222222,0.7330432443294252
2024-05-01,0,19.3266522,0.8072430555555555,20.66674666666667,11.813865,15.292267465277778,0.9912911005596399
2024-05-02,2.031,13.642812000000001,0.42970138888888887,16.982084999999998,7.313802833333334,11.004055385416667,1.0257531976238892
2024-05-03,1.301,12.2024652,0.37616666666666665,13.787001666666665,4.87186,9.203787747685185,0.9036642353943829
2024-05-04,0.005,20.8809876,0.38197916666666665,20.73546,3.1587716666666665,12.73009410763889,0.7988170714260436
2024-05-05,0.239,15.0894756,0.3067152777777778,21.587365,9.011728166666668,14.942837505787036,1.057936281976728
2024-05-06,13.627,5.725218600000001,0.25009722222222225,15.463688333333334,8.900874666666667,11.346283233796296,1.2140976059053958
2024-05-07,18.331,4.8858432,0.18390277777777778,9.341902833333332,6.689551666666667,8.09427310300926,1.0629914272516845
2024-05-08,0.005,24.672543600000004,0.3173472222222222,18.95768,6.0070283333333325,11.737605047453705,1.0042506618045821
2024-05-09,0,28.223310000000005,0.39452777777777776,22.903013333333334,5.613405,14.210345351851853,1.0180086578753347
2024-05-10,0,26.476604400000003,0.38227777777777777,25.899021666666666,7.566571166666667,16.55359756712963,1.0457240846791476
2024-05-11,0,24.818021400000003,0.34147916666666667,27.058770000000003,9.374419333333334,18.188710700231482,1.0489206142755072
2024-05-12,3.929,20.1261654,0.2871944444444444,27.06241,11.98171,17.571377222222225,1.1792419803081464
2024-05-13,2.571,18.2346936,0.3432222222222222,22.871505,11.240316666666667,15.494037407407408,1.241103067411119
2024-05-14,0,22.2092796,0.4569375,24.34110833333333,7.452644666666666,16.246486462962963,1.0571245529892397
2024-05-15,0.313,19.213107,0.4930902777777778,20.611965,8.891701666666666,14.521507812500001,1.025628654425566
2024-05-16,10.939,9.0351864,0.321125,15.332298333333334,8.384299666666667,9.839501653935184,1.1173315974237321
2024-05-17,0.044,29.081007000000003,0.33543055555555557,21.333281666666664,7.040671333333333,13.620363813657406,0.9566443669636276
2024-05-18,0.14200000000000002,22.6184496,0.3210208333333333,22.271506666666667,9.508687833333333,15.084033212962963,1.0250375590968965
2024-05-19,0,25.7761764,0.34047222222222223,23.50752333333333,9.784347833333333,16.029000310185182,1.0483864089367727
2024-05-20,0,17.86404,0.43664583333333334,23.555781666666668,10.0271015,16.86531855208333,0.9949880868895034
2024-05-21,5.467,21.222971400000002,0.2698125,21.079076666666666,10.796281666666667,14.646976064814815,1.20884755976619
2024-05-22,0.437,25.6995744,0.37118055555555557,21.294111666666666,10.636766666666666,14.974925902777777,1.1285964418277012
2024-05-23,5.843,15.115604400000002,0.28275694444444444,17.354515,9.630942999999998,12.312869064814816,1.1518931502860932
2024-05-24,0.361,18.671627400000002,0.29291666666666666,19.128715,9.017022666666666,13.441262774305557,1.1040894215872392
2024-05-25,0.23700000000000002,24.336433200000002,0.2990138888888889,21.917175,9.246706333333334,14.90148087037037,1.050794457588244
2024-05-26,0,20.8268352,0.272375,23.479043333333333,9.361172833333333,16.57848873148148,1.06296008389124
2024-05-27,9.172,12.2163444,0.2408888888888889,21.271541666666664,11.944923333333334,14.569366157407408,1.4029580759844502
2024-05-28,0,30.4175502,0.3950486111111111,22.700516666666665,10.300243333333334,15.722236747685185,1.0437998608570345
2024-05-29,0.883,15.127517400000002,0.2824583333333333,20.48629,9.741682833333332,15.327729973379629,1.1100945411228629
2024-05-30,8.455,18.230766000000003,0.28149305555555554,21.380821666666666,11.742063333333334,14.79058642361111,1.3688217310572317
2024-05-31,0.983,7.346972400000001,0.38354166666666667,13.163353333333333,10.020759833333333,11.230408726851852,0.98690909848621855
2024-06-01,0,27.793770000000002,0.3488472222222222,21.76833,7.613986166666667,15.020825491898147,1.0685566830457855
2024-06-02,4.055,12.804306,0.2161875,18.10942166666667,10.960799999999999,13.507680300925927,1.29633804509115
2024-06-03,0.015,22.8559464,0.355875,23.242213333333332,12.080813333333333,16.7453344212963,1.3680475026766525
2024-06-04,0.08499999999999999,28.265608200000003,0.32204166666666667,26.175246666666666,12.994868333333333,18.360301041666666,1.2783327871293855
2024-06-05,0,29.5924332,0.41346527777777775,28.000531666666667,11.23564,19.794042569444443,1.2252639908265484
2024-06-06,2.874,17.0798436,0.2836875,28.38386666666667,12.627653333333333,17.963398078703705,1.339772645488174
2024-06-07,1.422,20.239530600000002,0.27539583333333334,26.537275,11.235841666666666,18.202176944444446,1.573554591124776
2024-06-08,1.065,12.1241562,0.22420138888888888,22.363081666666666,12.549765,17.82555314814815,1.6556032871095008
2024-06-09,3.667,15.232637400000002,0.26665972222222223,25.479746666666667,13.440831666666666,17.80231658564815,1.629887794955442
2024-06-10,2.228,23.686737000000004,0.4201944444444444,22.335855,12.797678333333334,16.549965,1.2916717834959393
2024-06-11,0,0.7356486575342467,0.4504246575342466,20.099918333333335,11.806346666666666,15.213163275462964,1.0908349045920995
2024-06-12,0,23.984046,0.3291527777777778,21.943698333333334,8.382323,15.149330118055556,0.9226727327736085
2024-06-13,0,30.9008394,0.38638194444444446,23.932651666666665,8.781689666666667,16.749117663194443,0.8893694139251926
2024-06-14,2.08,11.279379,0.22553472222222223,18.73220166666667,11.271586666666668,14.697981550925928,1.2600227214141797
2024-06-15,11.509,14.081988,0.25254166666666666,19.45386333333333,12.73466,14.855315868055555,1.4577279630507218
2024-06-16,0,24.882559200000003,0.3340972222222222,25.246086666666667,9.9966045,17.265163789351853,1.2159493555148826
2024-06-17,0,23.8992018,0.28565972222222225,29.04342666666667,12.981266666666667,20.697795347222222,1.327391072498647
2024-06-18,0,26.9879016,0.4423888888888889,29.55491333333333,13.244646666666668,22.52725201388889,1.3183023750371567
2024-06-19,0.43300000000000005,23.5364946,0.39339583333333333,31.058365000000002,16.460478333333334,23.621234780092593,1.4640802624838982
2024-06-20,3.032,7.877994,0.30193055555555554,21.988685,16.776448333333335,19.478499999999997,1.831913697857372
2024-06-21,12.82,5.9998092000000005,0.3236597222222222,18.255558333333333,12.260498333333334,15.624877986111112,1.7025008400087918
2024-06-22,6.498,14.789452800000001,0.23389583333333333,20.524726666666666,10.570183333333333,14.034357511574074,1.45312713037874
2024-06-23,0.036000000000000004,16.6053516,0.24808333333333335,21.695430000000002,10.482858333333333,15.379446886574073,1.3294234285579756
2024-06-24,0,29.4520668,0.35307638888888887,26.69426,10.721458333333334,19.31493798611111,1.496837674581709
2024-06-25,0,23.254626000000002,0.3612361111111111,28.358040000000003,13.577056666666667,20.349667025462963,1.4593760491596912
2024-06-26,0.163,15.497432400000001,0.27277083333333335,24.860998333333335,14.49329,19.019131180555554,1.5351124784845684
2024-06-27,0.021,29.2162908,0.3542152777777778,31.363641666666666,14.778955,22.447490613425927,1.5737575282473486
2024-06-28,0,24.1058616,0.27949305555555554,32.878845,17.460156666666666,24.847094699074074,1.7154701939344554
2024-06-29,0.501,8.9116668,0.5256875,29.275816666666667,17.77679666666667,22.032350011574074,1.659910012999961
2024-06-30,0,12.676416600000001,0.30375694444444445,24.704583333333332,15.263584999999999,19.458967789351853,1.6962093054257041
2024-07-01,2.432,20.707751400000003,0.3010555555555556,23.967191666666665,14.853128333333334,18.362958379629628,1.5734712123487486
2024-07-02,0,26.006633400000002,0.48678472222222224,25.299843333333335,12.800145,18.554387893518516,1.2296121163553062
2024-07-03,0.5509999999999999,14.1961836,0.3405972222222222,20.797711666666668,12.68014,15.963702997685186,1.25832352288506
2024-07-04,0,29.674693800000004,0.37027777777777776,27.09657166666667,11.813466666666667,19.10267903935185,1.2261595445062852
2024-07-05,0,27.188145600000002,0.31483333333333335,29.794973333333335,11.856963333333333,21.806646655092592,1.3811265701834041
2024-07-06,14.904,12.197018400000001,0.276875,27.339731666666665,14.650186666666666,18.940253622685184,1.655858260764611
2024-07-07,1.166,23.991801600000002,0.28168055555555555,23.585758333333334,14.463361666666668,17.778337627314816,1.6076284024613448
2024-07-08,0,28.519098,0.3764722222222222,28.614076666666666,12.293443333333332,20.63208994212963,1.5510021610762081
2024-07-09,0,28.2360234,0.32605555555555554,32.885933333333334,14.770163333333333,23.791729375000003,1.6012059015721982
2024-07-10,1.454,18.339846,0.25832638888888887,30.68583,17.964605,22.5266696875,1.832161725191777
2024-07-11,0.179,22.4129328,0.2776875,30.043194999999997,16.372590000000002,22.658263854166666,1.952995086587923
2024-07-12,17.248,7.794461399999999,0.24603472222222222,19.964485000000003,13.329725,17.135096608796296,1.8551791600356071
2024-07-13,0.008,25.6978722,0.33521527777777776,24.16535833333333,11.903246666666668,17.60639686342593,1.464740572723594
2024-07-14,0,24.243859800000003,0.3566111111111111,28.11058,10.012592999999999,19.202442725694446,1.4019807468448315
2024-07-15,14.724,22.731801600000004,0.3237847222222222,31.61727833333333,14.46326,22.001928113425926,1.6572512503509669
2024-07-16,2.5909999999999997,25.5941748,0.2606875,28.645989999999998,15.599361666666667,21.290671412037035,1.8406609049720275
2024-07-17,0,25.907467200000003,0.36959722222222224,27.748871666666666,15.092935,20.975474953703703,1.5686923869970963
2024-07-18,0,26.951802600000004,0.39943055555555557,29.733601666666665,14.479616666666667,22.25221834490741,1.6500411219726687
2024-07-19,0,24.0242244,0.3410694444444444,32.25732,15.394721666666666,22.887673912037037,1.5264126535389162
2024-07-20,0,28.052757,0.3153888888888889,32.97598833333333,14.946258333333333,23.596578020833334,1.5121693786616301
2024-07-21,6.334,12.475493400000001,0.3609513888888889,23.973286666666667,15.93316,19.169661481481484,1.7417194663638695
2024-07-22,0,26.7681678,0.4409375,27.85062,16.67548,21.699014537037037,1.7292866690439364
2024-07-23,0,23.7940548,0.36304166666666665,29.570883333333335,17.336638333333333,22.73216800925926,1.6646713726549747
2024-07-24,0,26.822740200000002,0.45105555555555554,29.19427,15.513871666666667,22.24368246527778,1.5428038870405933
2024-07-25,0,26.9212638,0.4099097222222222,29.730710000000002,13.901863333333335,22.078905451388888,1.5367258839678422
2024-07-26,0,26.2119078,0.38285416666666666,31.286655000000003,14.959976666666666,23.73771511574074,1.6398748025021836
2024-07-27,0,23.1701754,0.32566666666666666,35.58343166666667,18.395478333333333,25.73523246527778,1.746338617418446
2024-07-28,0.179,26.644894800000003,0.3630486111111111,32.43466666666667,18.287115,24.966867407407406,1.9640648246664663
2024-07-29,0,26.404656600000003,0.38921527777777776,34.22278166666666,16.28252666666667,25.14277079861111,1.6974813344779518
2024-07-30,0,24.35835,0.27775,35.209743333333336,17.984268333333333,26.47349060185185,1.5976885639263476
2024-07-31,2.975,21.6532008,0.35124305555555557,35.56012,18.192463333333333,23.776353310185186,1.6355009695167226
2024-08-01,3.1670000000000003,15.840380399999999,0.2805625,28.286368333333336,16.206958333333333,20.328974178240742,1.82259656780503
2024-08-02,3.789,20.691980400000002,0.28758333333333336,29.74417,15.200766666666667,21.313665289351853,1.8097368332216996
2024-08-03,0.023,25.6774266,0.39847222222222223,29.124564999999997,14.485673333333335,21.45509587962963,1.6482179264912489
2024-08-04,0,23.6112738,0.4461805555555556,29.030325,15.399166666666666,21.94684189814815,1.5662512776492807
2024-08-05,0,25.438633799999998,0.4535763888888889,30.16709,14.57706,22.742238611111112,1.6264326843706813
2024-08-06,0,25.8869268,0.437125,33.15493166666667,15.820676666666667,24.02350599537037,1.5816594634921703
2024-08-07,0.293,18.0684486,0.3362777777777778,28.335813333333334,16.074538333333333,22.318275046296296,1.6183514753525474
2024-08-08,0,24.979003800000005,0.4015625,30.727106666666668,15.409733333333334,22.631846724537034,1.6407458168227735
2024-08-09,0,24.357601800000005,0.43272916666666666,31.722718333333333,15.114881666666665,23.591131875000002,1.5980287273302043
2024-08-10,0,24.799384800000002,0.39138194444444446,33.01460333333333,16.28380166666667,24.864233159722225,1.7050358223547466
2024-08-11,0,24.116889,0.3597708333333333,34.964115,18.314391666666666,26.40480986111111,1.8207793697830268
2024-08-12,4.139,19.3641018,0.4230138888888889,35.15448833333333,15.961826666666667,24.085439513888886,1.741922437348304
2024-08-13,0.02,23.284666800000004,0.2829513888888889,35.01036333333333,14.062428333333333,23.260221145833334,1.5803367650856441
2024-08-14,1.139,14.601129,0.3025138888888889,26.73092833333333,15.76319,20.822687071759262,1.6281462962115425
2024-08-15,0.01,18.405698400000002,0.33984027777777776,31.405851666666667,13.84623,21.48656259259259,1.5618504257264032
2024-08-16,0,22.3922826,0.319625,31.38999,15.546135,23.313492905092595,1.666337742969636
2024-08-17,21.892,6.4168590000000005,0.14179166666666668,21.376056666666667,17.406088333333333,19.483625810185185,2.1509133662718387
2024-08-18,4.891,10.0346508,0.28239583333333335,20.666408333333333,15.410273333333333,17.2024106712963,1.7183053348811184
2024-08-19,0,21.0114774,0.340125,25.763106666666665,14.485005000000001,18.97935671296296,1.5732070770644926
2024-08-20,0,23.063547600000003,0.3884861111111111,27.513621666666666,12.956966666666666,19.97382738425926,1.6570511504712822
2024-08-21,0,22.122055200000002,0.47354861111111113,26.00438666666667,13.856148333333334,19.431567083333334,1.487994460357467
2024-08-22,0,21.7179666,0.36806944444444445,27.425866666666668,12.178276666666665,19.507236805555557,1.4918112483380135
2024-08-23,0,22.0990692,0.3705486111111111,30.976588333333332,13.170966666666667,21.56186790509259,1.482650899818247
2024-08-24,0.245,21.9479316,0.48189583333333336,33.16223166666666,14.44749,23.327051828703702,1.5338495595420178
2024-08-25,3.412,15.088441800000002,0.29531944444444447,22.64014,15.838621666666667,18.452694791666666,1.6146261909624102
2024-08-26,0,19.341632999999998,0.33189583333333333,24.73446666666667,15.126808333333333,19.026433796296295,1.5137611036718104
2024-08-27,0,21.6708738,0.3469652777777778,30.37227,13.450775,20.86000466435185,1.5848012679417374
2024-08-28,0,20.8621008,0.3315763888888889,31.452585,13.955735,22.38364292824074,1.4856642818325247
2024-08-29,0,19.893015600000002,0.30959027777777776,32.20838166666667,15.272285,23.363811967592593,1.4836962560113278
2024-08-30,0,20.197209,0.3130763888888889,32.62640833333333,15.730801666666666,23.552131574074075,1.5020751160355978
2024-08-31,0,18.689883000000002,0.3279097222222222,32.51146166666666,15.180233333333334,23.18218212962963,1.4761383019011864
2024-09-01,0,17.655747599999998,0.357375,32.49839333333334,15.627595,23.15780539351852,1.4439344653089217
2024-09-02,0,11.809069200000001,0.2908472222222222,25.16498166666667,16.075291666666665,20.649475439814815,1.6729782858823148
2024-09-03,0,10.227462000000001,0.2853541666666667,27.037005,17.444578333333332,21.17879425925926,1.5014470492275072
2024-09-04,0.99,10.417722600000001,0.3430416666666667,25.700363333333335,16.389966666666666,19.403951284722222,1.73895011970699
2024-09-05,13.223,9.2867064,0.4048541666666667,20.445951666666666,14.411249999999999,16.688038634259257,1.5921806558822467
2024-09-06,0,19.3803714,0.32758333333333334,27.400983333333336,13.117491666666666,18.883227256944444,1.4691716452077523
2024-09-07,0,20.048238,0.529625,28.044671666666666,12.52654,21.21683497685185,1.3311293018938373
2024-09-08,18.655,3.7440881999999998,0.23864583333333333,22.416426666666666,14.187526666666667,17.34383133101852,1.5332129697408914
2024-09-09,6.489,7.5604512,0.3116041666666667,16.29595,12.819418333333333,14.161804849537038,1.4879451288894532
2024-09-10,0,18.9870114,0.3845972222222222,21.673203333333333,10.200488333333332,15.94257695601852,1.2821797599245934
2024-09-11,3.231,8.095762200000001,0.2125,17.772378333333336,8.7252095,13.336383155092593,1.2523299895102613
2024-09-12,0.13999999999999999,13.302684600000001,0.43040972222222224,15.219611666666667,8.156365000000001,10.83760937962963,0.8340757094270366
2024-09-13,0.844,7.2098718,0.48011805555555553,11.809843333333333,6.893429666666667,8.984871953703703,0.7590608242733343
2024-09-14,0.01,11.5693038,0.4619027777777778,15.464148333333334,4.6037115,10.02879488773148,0.8055906141744924
2024-09-15,0,18.863217600000002,0.37514583333333335,18.119811666666667,2.6279016666666664,9.967671089120369,0.8660544911494414
2024-09-16,0,8.942811,0.3659513888888889,15.015526666666666,4.646743166666667,10.125260336805557,0.9415086683138005
2024-09-17,0,17.980896,0.3848402777777778,21.283561666666664,6.340566666666667,12.705076239583335,1.0199335457911713
2024-09-18,0,17.886186000000002,0.39744444444444443,20.854626666666668,5.564983333333334,12.361028888888889,1.034414979218586
2024-09-19,0,12.8760168,0.31971527777777775,20.72877666666667,7.141474499999999,13.961250498842592,1.1665236713865923
2024-09-20,0,11.884558799999999,0.3066388888888889,22.925341666666668,9.948629833333333,15.769021900462963,1.0900200867129617
2024-09-21,0,14.8533858,0.4699652777777778,23.458433333333332,8.656619666666666,16.39898902777778,0.9906458766176244
2024-09-22,1.23,11.852087400000002,0.2697569444444444,23.919415,10.97336,15.661178437499998,1.1135202564548132
2024-09-23,3.204,4.666806,0.20472222222222222,15.222674999999999,9.260326333333333,12.175520630787037,1.3651780598775312
2024-09-24,0.111,13.030554,0.31800694444444444,19.413898333333332,8.639027666666667,12.579031854166667,1.1660439363037391
2024-09-25,1.807,11.206641600000001,0.3284097222222222,19.77663,6.467913333333334,13.05448469212963,1.1033546043158626
2024-09-26,31.363,3.7271604000000003,0.19166666666666668,14.661005,11.302563333333334,12.62295167824074,1.4382076147829235
2024-09-27,0.448,8.8482348,0.2569722222222222,18.07098166666667,6.6851665,12.121114221064815,1.2492793143631609
2024-09-28,1.148,8.6671896,0.3744166666666667,14.566878333333333,6.05368,9.37373315972222,0.9932741201978659
2024-09-29,0,13.944897000000001,0.28339583333333335,17.007894999999998,4.70097,10.45478891087963,0.9349153176036503
2024-09-30,0,13.992646200000001,0.3752152777777778,21.905546666666666,8.410441333333335,14.207275616898148,1.0298740689371266
2024-10-01,10.996,2.8707857999999997,0.17984722222222221,12.662928333333333,10.108571666666666,11.47770396875,1.2586497459757506
2024-10-02,16.888,15.463273800000001,0.3549097222222222,17.077558333333332,8.105733166666667,11.821314623842593,1.1638263154053554
2024-10-03,0,4.866765600000001,0.244625,12.670686666666667,7.059358,9.750937868055555,1.0330525767444012
2024-10-04,0,9.0744336,0.3560763888888889,14.950925000000002,4.540198333333334,9.77594342824074,0.8928620189343817
2024-10-05,0,14.4737634,0.36396527777777776,15.784115,3.3547616666666666,8.41395537962963,0.8501925970648674
2024-10-06,0.223,5.7699264,0.2499861111111111,13.94176,3.1745383333333335,8.279450773148149,0.9211603604498266
2024-10-07,0.351,11.1400314,0.3322777777777778,22.056546666666666,8.737929666666666,14.78343909837963,1.1562558073231974
2024-10-08,7.006,2.3600106,0.27926388888888887,13.879603333333334,9.497528333333333,12.430235924768517,1.3190916860646018
2024-10-09,3.612,8.3908842,0.3129722222222222,18.839471666666668,7.0806315,12.415082394675927,1.1634265819732414
2024-10-10,11.971,11.4641202,0.2747986111111111,18.150103333333334,9.884668,12.82610440625,1.1636192592364707
2024-10-11,0,13.4074914,0.34913194444444445,16.637533333333334,5.210565,10.118588136574076,0.9306287165822654
2024-10-12,5.394,7.3554744,0.2672222222222222,15.305336666666665,3.41148,9.359526952546297,0.9750993920298429
2024-10-13,4.416,4.092708,0.18811805555555555,14.080298333333333,8.495821333333332,11.004627136574074,1.2870090104115435
2024-10-14,2.674,2.1224760000000003,0.2046736111111111,12.249231666666667,7.2373665,9.715940096064815,1.2010912841586951
2024-10-15,0.851,6.808929000000001,0.28624305555555557,18.596086666666665,8.105696333333334,12.163449324074074,1.325606964126897
2024-10-16,0,7.7462316,0.40055555555555555,22.291919999999998,10.501408333333334,16.96209871527778,1.2401902795554847
2024-10-17,0,6.8538006000000005,0.4178125,22.646408333333333,14.549926666666668,18.246724872685185,1.2197361705370453
2024-10-18,5.249,4.991499,0.3935208333333333,19.388645,8.606576333333333,13.432725006944445,1.3364651330236408
2024-10-19,0.053,5.6866056,0.27194444444444443,14.169686666666667,6.731495,10.341308465277777,1.1472679584946661
2024-10-20,0,9.6010632,0.3816388888888889,18.88612666666667,7.065435,11.77084407986111,1.218552672271231
2024-10-21,0.018000000000000002,9.9259302,0.4340625,20.43547,8.637333,12.878556113425926,1.2430548077937655
2024-10-22,0,6.488211000000001,0.34505555555555556,19.17162833333333,9.912637833333333,13.570928881944443,1.3172523953577215
2024-10-23,0,6.2518127664335665,0.2122027972027972,17.84381833333333,12.42288,14.061800208333334,1.396618263668027
2024-10-24,0,8.264139,0.36230555555555555,18.696326666666664,8.904916,13.086582113425926,1.1688099752180126
2024-10-25,0,6.5637816,0.5001666666666666,20.17087,7.790998,11.982452039351852,1.0878057358391784
2024-10-26,0,5.289651000000001,0.6040208333333333,20.482421666666667,7.935427833333334,13.66555859375,1.1285645380231004
2024-10-27,0,5.3192352000000005,0.45684027777777775,19.294826666666665,9.398349833333333,13.986882747685184,1.2073054842724837
2024-10-28,0,6.205719000000001,0.414125,17.02968166666667,7.394552833333334,10.661836019675926,1.0816708697196844
2024-10-29,0,5.8378386,0.46074305555555556,15.979051666666667,6.56046,9.748399386574075,1.0166320802140218
2024-10-30,0,5.7179382,0.5181805555555555,15.353265,5.690666666666667,9.043558748842592,0.9611962183084066
2024-10-31,0,5.394345,0.5877916666666667,14.182373333333334,4.84451,7.929446591435186,0.8573402642442673
2024-11-01,0,4.8723504,0.5746111111111111,12.906675,3.6521933333333334,7.038184873842592,0.7898129721656062
2024-11-02,0,4.516011,0.5639652777777778,12.351581666666668,4.04851,6.757165730324074,0.8270566985821823
2024-11-03,0,4.059082200000001,0.5361458333333333,11.823841666666667,3.133356666666667,6.526689848379629,0.8076653265076765
2024-11-04,0,3.2737566,0.6041319444444444,12.062705000000001,3.91981,6.665477586805556,0.7808802164622433
2024-11-05,0,2.9958726,0.5604375,12.162641666666667,3.250243333333333,6.541305493055556,0.7734491901459167
2024-11-06,0,3.3938316000000004,0.5151111111111111,12.008028333333332,3.572303333333333,7.0636915057870375,0.8156533589181376
2024-11-07,0,2.6308092000000003,0.5294861111111111,9.952799666666667,3.110035,5.769285403935186,0.7495914388251843
2024-11-08,0,2.2350942000000003,0.6128819444444444,8.904051666666668,1.9699033333333333,4.9918480324074075,0.6960306837019918
2024-11-09,0,2.4616026,0.5254513888888889,9.658923000000001,3.429543333333333,6.024566872685185,0.7204266873568312
2024-11-10,0,1.5493116,0.5628194444444444,8.259026666666667,1.7221250000000001,4.05452646875,0.6719934126103949
2024-11-11,0.116,1.3092582000000001,0.5127430555555555,6.039958166666667,-0.59107,3.038407340277778,0.6968747573338268
2024-11-12,8.525,2.5641516,0.42833333333333334,10.745625,1.8405166666666666,5.084687520833333,0.7468535652802495
2024-11-13,0,2.9550684000000005,0.38889583333333333,6.968445,-1.059415,2.5223176516203702,0.5950838250497105
2024-11-14,0,2.0106708,0.39761111111111114,6.482971666666667,-0.67813,3.2443063298611112,0.6670582832568328
2024-11-15,0,0.7055808,0.5642777777777778,3.0318433333333332,-1.755055,0.32945923379629627,0.5412885843976294
2024-11-16,0,0.6949374,0.6068263888888888,4.16345,-1.2215150000000001,1.0804679143518519,0.5304426545509604
2024-11-17,0,0.8613378,0.5845555555555556,5.67749,-1.9167483333333333,1.155587587962963,0.5596627947580746
2024-11-18,0,2.7061248,0.4123472222222222,10.038144833333334,3.9886049999999997,5.897073128472222,0.7572671027207435
2024-11-19,18.529,1.9503690000000002,0.21619444444444444,6.06724,3.9980516666666666,5.035376163194444,0.8371420224125476
2024-11-20,12.208,2.9572704,0.5188888888888888,6.02002,-0.07692166666666667,3.4211170694444446,0.6667114401261088
2024-11-21,27.862,0.74766,0.3330208333333333,0.14375833333333332,-2.488903333333333,-0.7654706516203704,0.5533496683898684
2024-11-22,1.085,1.428216,0.5201319444444444,0.9793966666666667,-1.1155366666666668,0.00849505787037037,0.49920300067231715
2024-11-23,0,2.8997952000000002,0.41534027777777777,0.8241016666666667,-5.043826666666666,-2.0273638530092595,0.45195464668347574
2024-11-24,0,3.3308304,0.5147569444444444,4.029716666666666,-1.8501633333333332,1.6137944212962965,0.6458382424898239
2024-11-25,0,1.684425,0.5902430555555556,11.159066666666668,0.6876666666666666,4.728856150462963,0.673800219891427
2024-11-26,4.135,2.6482968000000002,0.39358333333333334,6.029906666666667,2.9867999999999997,4.410842229166667,0.8197610185679249
2024-11-27,0,0.7888026,0.5171180555555556,3.465935,0.8983533333333333,2.199231859953704,0.7017856233262848
2024-11-28,5.915,1.1986860000000001,0.23197916666666668,5.852291666666666,1.033265,3.5799206493055555,0.7815241146989451
2024-11-29,0,0.7899972000000001,0.40113194444444444,5.7003916666666665,-0.9800516666666667,2.8767740810185183,0.7476978755413826
2024-11-30,0,0.6802398000000001,0.5279444444444444,0.5603383333333334,-2.4782216666666668,-1.3391214467592594,0.5007995987037372
2024-12-01,0,0.7102668,0.6213958333333334,1.6093133333333332,-3.2901133333333332,-0.9445705150462963,0.46460843072238606
2024-12-02,4.636,2.3800854,0.37049305555555556,7.874329666666666,1.0046599999999999,4.521709392361111,0.6434362547728103
2024-12-03,0.228,2.1034476,0.35300694444444447,6.165945000000001,2.0960166666666664,4.017243377314815,0.7539195490657777
2024-12-04,0,2.2434246,0.4275833333333333,4.317661666666666,-1.6633483333333334,1.2439565949074074,0.5834702320419639
2024-12-05,0.318,2.0381988,0.3977361111111111,2.733128333333333,-3.0440983333333334,-0.18415983796296298,0.4791840892590551
2024-12-06,11.757,1.6414511999999999,0.38048611111111114,7.6822095,-0.9842466666666667,3.0415936284722225,0.6877666231310343
2024-12-07,2.547,1.8623082,0.2959583333333333,4.834626666666667,-0.7833483333333333,1.9316385405092593,0.5910161404660668
2024-12-08,0,2.9268312,0.2892638888888889,2.8505416666666665,-0.9083933333333334,0.9891342361111111,0.61998953512414
2024-12-09,0.20600000000000002,2.5846542,0.19233333333333333,3.752275,-0.6684749999999999,1.5843004398148148,0.6616100844073258
2024-12-10,0,1.2985410000000002,0.35978472222222224,1.3643433333333332,-2.2586183333333336,-0.5906181909722222,0.5330717167711241
2024-12-11,0,0.8894724,0.5212222222222223,-0.10121666666666666,-3.363945,-2.1125047453703703,0.4906064026126581
2024-12-12,0,0.5460318000000001,0.6296527777777777,-1.524075,-5.000636666666667,-3.463286291666667,0.4132145516715868
2024-12-13,0,2.093886,0.5293263888888889,3.33113,-4.053593333333334,-1.2579930185185186,0.4415351551972986
2024-12-14,0,2.1523662000000003,0.2537361111111111,2.530641666666667,-1.8853166666666668,0.5537216782407408,0.561429298922526
2024-12-15,0,1.4144550000000002,0.43652083333333336,5.2081816666666665,-1.7078416666666667,2.255436435185185,0.5873784845744439
2024-12-16,0,0.6579846,0.46965277777777775,2.198551666666667,-2.2816916666666667,-0.33624082523148147,0.5118148846041769
2024-12-17,0,1.4041020000000002,0.5130694444444445,4.845361666666666,-0.49804333333333334,2.2972635208333334,0.5955876400706419
2024-12-18,0,1.6495392,0.32968055555555553,7.657686333333333,2.72042,5.149907991898148,0.6599050008997718
2024-12-19,11.937,1.217349,0.4882361111111111,5.994408166666666,2.9177999999999997,4.370574515046297,0.7363631024713335
2024-12-20,0,2.0853132000000003,0.816125,3.681618333333333,-2.3497583333333334,1.25331471875,0.4860005888052058
2024-12-21,3.463,2.0637588,0.2910277777777778,1.9287816666666666,-3.86951,-0.9961213344907408,0.4537595466589072
2024-12-22,21.11,0.3861612,0.4265555555555556,2.9947033333333333,-0.6708233333333333,0.3578358576388889,0.6122909098599503
2024-12-23,10.818,0.2485116,0.6432361111111111,1.3943683333333334,-1.1087600000000002,0.006956400462962961,0.5920734021626366
2024-12-24,0,0.8707092,0.49541666666666667,0.35763666666666666,-2.4358066666666667,-0.7956767476851851,0.5377477580878829
2024-12-25,0,0.6820344,0.43528472222222225,-1.918675,-4.975698333333334,-3.3652477083333334,0.46022137128404556
2024-12-26,0,0.5870532,0.5931736111111111,-2.094075,-4.337253333333333,-3.147591976851852,0.47745439169032566
2024-12-27,0,0.5667684000000001,0.5983958333333333,-0.4065783333333333,-3.174295,-1.9263140972222221,0.526374783735541
2024-12-28,0,0.5323716000000001,0.678625,-0.34664,-2.686395,-1.6950305092592592,0.5321857076293199
2024-12-29,0,0.5040180000000001,0.6748888888888889,-0.09894333333333333,-2.6011116666666667,-1.477209212962963,0.5384255377309022
2024-12-30,0,0.45847920000000003,0.6933611111111111,-0.22847833333333334,-2.289158333333333,-1.532859403935185,0.5279154652943946
2024-12-31,0,0.44225400000000004,0.6565138888888888,-0.26651166666666665,-2.780035,-1.5623789467592593,0.5109070080346594
2025-01-01,0,0.5214966000000001,0.5882222222222222,0.15845,-2.9515416666666665,-1.5393164502314813,0.4889082716204455
2025-01-02,8.572,3.1839006,0.4870902777777778,6.610541666666666,-2.532575,0.9408502430555556,0.582193450059224
2025-01-03,0.945,0.7567818000000001,0.43114583333333334,3.081996666666667,-3.9586433333333337,0.020054930555555548,0.5783244792495146
2025-01-04,3.394,2.4196542,0.27876388888888887,0.5681383333333334,-6.5625,-2.7247509849537037,0.458584549115657
2025-01-05,3.007,2.4244482,0.3679722222222222,9.735555833333333,0.16886666666666666,3.390215104166667,0.7228875599932781
2025-01-06,1.432,2.6793906,0.5135694444444444,11.686454999999999,4.981308333333333,9.207108231481481,0.6094054160836342
2025-01-07,1.562,1.5815436,0.44536805555555553,7.776696333333334,0.9696750000000001,3.3638554699074072,0.6325073267924728
2025-01-08,7.012,1.4798286,0.2675625,5.537083333333333,0.9927333333333332,3.1065272060185185,0.6860740332725288
2025-01-09,4.22,2.3600952,0.31655555555555553,6.852631000000001,2.7365483333333334,5.089159613425926,0.8554523679465582
2025-01-10,5.697,0.8955978,0.529,4.007748333333334,-0.09653500000000001,1.091394363425926,0.58611486366165
2025-01-11,0.985,1.4298564,0.31083333333333335,1.6554116666666667,-0.17547000000000001,0.6159112928240741,0.6190987606964538
2025-01-12,0,1.3463748,0.23625,-0.229315,-3.0556900000000002,-1.7535019328703703,0.4747612186248311
2025-01-13,0,0.7451562,0.3450347222222222,-2.6421816666666667,-6.944954833333333,-5.033638548611111,0.3838788034453817
2025-01-14,0,0.6384192000000001,0.4806736111111111,-2.7611033333333332,-7.010159833333333,-5.023531903935185,0.40236098442357227
2025-01-15,0,0.610089,0.5233541666666667,-2.0040916666666666,-6.25296,-4.309224306712963,0.4197008348622827
2025-01-16,0,0.6181068000000001,0.5696805555555555,-1.62751,-5.8344450000000005,-4.037592283564814,0.43094439986203187
2025-01-17,0,0.5761008000000001,0.5905347222222223,-1.414405,-5.596876666666667,-3.729118175925926,0.43394706412236006
2025-01-18,0,0.7489266000000001,0.681375,2.4232016666666665,-4.673001666666666,-1.658654435185185,0.451084643481091
2025-01-19,0,1.7565654,0.4530486111111111,5.242813333333333,-3.915563333333333,-0.28886121643518514,0.5281483154047504
2025-01-20,0,2.2346832,0.4696111111111111,9.895768,-1.2958266666666667,2.3726809490740743,0.5610368290355071
2025-01-21,0,0.7586430000000001,0.5091875,2.66981,-4.113655,-0.894940162037037,0.5215546642726309
2025-01-22,0,2.2021638,0.4901597222222222,6.812308166666667,-0.8118650000000001,2.68314909375,0.5227028766667654
2025-01-23,5.87,2.4367386,0.3577638888888889,4.279833333333333,1.5893233333333332,2.998859505787037,0.6960206052421836
2025-01-24,0,2.4592002,0.392,5.973813333333333,0.09264333333333333,2.851526498842593,0.6447781917558075
2025-01-25,0,2.257263,0.5277222222222222,13.426306666666665,3.2217366666666667,7.892462355324074,0.5542024402060872
2025-01-26,3.069,1.6163706,0.4416527777777778,6.476325,1.068395,4.1044433159722225,0.6776250588594807
2025-01-27,7.651,1.6277424,0.3664513888888889,5.554433333333334,2.758836666666667,4.3386847453703705,0.7548551015369964
2025-01-28,15.998,3.4826298,0.35173611111111114,6.274051666666667,0.13461166666666666,2.9224743622685185,0.7069535899437774
2025-01-29,0.833,2.1547650000000003,0.4300555555555556,5.9312249999999995,0.3813683333333333,2.685643269675926,0.6715243465406291
2025-01-30,0,3.4162686000000004,0.44475694444444447,10.27191,1.0288733333333333,4.090651688657408,0.617090268108339
2025-01-31,0,2.94549,0.23923611111111112,5.814581666666667,2.0462,3.6380317916666667,0.6548398177392556
2025-02-01,0,2.0762436,0.5399097222222222,6.29523,-1.16512,1.3167212488425926,0.6090097370303502
2025-02-02,0,2.4507522,0.5978333333333333,4.876131666666666,-2.1704133333333333,-0.02936423726851852,0.5373432038434484
2025-02-03,0,2.7333738000000003,0.6218402777777777,5.035926666666667,-2.6611666666666665,-0.47510652430555556,0.4495245438182306
2025-02-04,0,2.9362104,0.6826527777777778,5.4457881666666665,-3.2578266666666664,-0.36471336226851847,0.4548279610658186
2025-02-05,0,3.2853132000000005,0.7071875,5.942935,-2.7541583333333337,-0.15572449421296297,0.4554983043639707
2025-02-06,0,3.846096,0.5319722222222222,3.6208316666666667,-4.268513333333333,-1.5456727662037038,0.4731926032589456
2025-02-07,0,4.9100718,0.5946388888888889,9.106591166666666,-2.8483166666666664,3.373476497685185,0.41754390417646964
2025-02-08,0,5.2120362,0.5519861111111111,11.774091666666667,0.8530983333333333,6.278860537037037,0.4376990613295375
2025-02-09,0,5.182353,0.5224166666666666,9.071944666666667,-1.64214,2.3777660000000003,0.5494638244817291
2025-02-10,0,4.5279192,0.4031458333333333,10.234511666666666,0.9585783333333333,5.303028399305555,0.6204509298118589
2025-02-11,0,5.356155,0.33750694444444446,11.313791666666667,3.3186033333333333,7.099484311342593,0.7075501349101716
2025-02-12,0,4.8493668,0.3706388888888889,10.45015,3.761695,6.760387695601851,0.7571677175178635
2025-02-13,7.452,2.8043922,0.30691666666666667,6.633476666666667,3.9512183333333333,5.251977494212962,0.8448943842578434
2025-02-14,0.01,8.1476112,0.5606111111111111,5.7873015,-2.231203333333333,2.195902277777778,0.45577810818291775
2025-02-15,0,7.759388400000001,0.4901875,6.6809148333333335,-5.311331666666667,-0.8788174351851852,0.34109264813044904
2025-02-16,0,8.0914386,0.5031041666666667,9.617769333333333,-2.5970483333333334,1.652210113425926,0.4326812119486373
2025-02-17,0,8.4763422,0.5324583333333334,7.707649666666667,-3.0694116666666664,0.34765267708333336,0.5020400611786294
2025-02-18,0,9.5098914,0.5180694444444445,8.5157965,-3.6304499999999997,0.5617106493055555,0.49052450871685077
2025-02-19,0,10.728340258064517,0.49955645161290324,9.805653,-2.2149716666666666,2.2392816099537036,0.5203087990572894
2025-02-20,0,9.3589188,0.41928472222222224,14.112236666666666,0.027351666666666663,5.818234967592593,0.6115083664226126
2025-02-21,0,9.8851674,0.3532708333333333,15.30216,1.763765,9.210918975694444,0.6050436861774637
2025-02-22,0,8.4188664,0.46334027777777775,15.37261,5.786605,11.509022814814816,0.5735947631415954
2025-02-23,0,6.2095302000000006,0.3804166666666667,11.832081666666667,4.175825,7.71292505787037,0.7409572560427969
2025-02-24,0,6.658799400000001,0.4278263888888889,12.557353333333333,2.0446,6.657229278935185,0.7209993748854739
2025-02-25,0.62,4.5038124,0.3472152777777778,10.202201666666667,3.4708183333333333,6.333529579861111,0.7377041201831235
2025-02-26,0,8.9233638,0.7660347222222222,8.811191166666667,-0.16088666666666668,5.203761429398148,0.605095870667794
2025-02-27,0,9.027951,0.4989375,10.783975000000002,-1.8268833333333334,3.266171628472222,0.5445256657657513
2025-02-28,0,13.996881600000002,0.6045555555555555,10.615528333333334,-2.3457999999999997,2.7774872581018517,0.48117391817765287
2025-03-01,0,14.0571402,0.5794375,11.334906666666667,-3.214733333333333,2.4502561284722226,0.4744334454470325
2025-03-02,0,14.647918800000001,0.6089305555555555,12.965945000000001,-2.3015350000000003,3.263037716435185,0.45999018603397696
2025-03-03,0,15.020244,0.5526388888888889,14.438438333333334,-2.178365,4.432614416666667,0.3901411373366837
2025-03-04,0,14.6650782,0.4746875,15.703066666666668,-1.4874033333333334,5.843692748842592,0.3901460830236718
2025-03-05,0,15.230297400000001,0.5158055555555555,18.201941666666666,-0.5642283333333333,8.455402577546296,0.4137176077041751
2025-03-06,0,14.5142988,0.6259861111111111,16.656958333333336,2.1375,9.709782675925926,0.4505069915914102
2025-03-07,0,15.0257232,0.5060486111111111,16.296976666666666,2.500138333333333,9.962647768518519,0.4409568411470637
2025-03-08,0,15.0837888,0.5121458333333333,17.538695,1.60485,9.93016430787037,0.46477365557260986
2025-03-09,0,12.4213728,0.7308333333333333,16.848766666666666,7.625681166666666,12.346423512731482,0.493894204565378
2025-03-10,2.356,9.059973600000001,0.4482361111111111,15.691981666666667,7.1949615,10.455733479166668,0.7875437514036798
2025-03-11,0,11.703318600000001,0.4378958333333333,15.305983333333334,4.39672,9.953064721064814,0.6652713486092596
2025-03-12,6.729,6.5043864000000005,0.2964513888888889,12.636786666666666,4.930025,7.602648520833334,0.8223270622920175
2025-03-13,0.959,12.2385078,0.4507361111111111,11.96976,2.0209133333333336,6.593060560185185,0.7127440628063497
2025-03-14,0,9.3934866,0.3870208333333333,10.763263333333335,1.6868416666666666,5.1699531122685185,0.6481416322736132
2025-03-15,1.248,11.243652,0.4382847222222222,11.917613333333334,1.575515,5.528774767361111,0.7196455805257306
2025-03-16,1.316,8.3532264,0.40626388888888887,7.876193000000001,1.9906316666666666,4.431359454861111,0.6870869670879158
2025-03-17,0,18.279876,0.38830555555555557,13.15577,1.5879166666666666,6.381688209490741,0.6758706803005116
2025-03-18,0,18.2671458,0.5097916666666666,16.029355,-0.8069766666666667,6.683322314814815,0.5597219692232526
2025-03-19,0,18.9138348,0.49851388888888887,17.535093333333336,-0.7418133333333333,7.840674961805556,0.40297816981552625
2025-03-20,0,17.0479908,0.5364930555555556,19.176231666666666,0.686475,9.886254134259259,0.4517052470964133
2025-03-21,0,11.9655894,0.6954444444444444,18.768396666666668,5.071111666666667,12.239405394675925,0.5622082390611198
2025-03-22,0,17.601028200000002,0.769,17.675583333333336,10.412398333333334,13.709458900462963,0.6322079041907198
2025-03-23,0,11.912181600000002,0.46802777777777776,16.64968,6.755493166666667,11.728159364583334,0.6709122820200666
2025-03-24,0,16.7448348,0.4670902777777778,18.308526666666666,2.5104116666666667,9.924484979166667,0.6728269157752287
2025-03-25,0,16.704947399999998,0.4613263888888889,18.498413333333332,3.2743116666666667,10.352182891203704,0.6988179145657636
2025-03-26,0,15.703776600000001,0.6082013888888889,16.525595000000003,3.8222,9.70542581712963,0.749722878245763
2025-03-27,0,19.6544856,0.6224444444444445,17.30782,3.1477916666666665,9.03146820138889,0.7390620816904179
2025-03-28,0,20.4439692,0.6189444444444444,16.342211666666667,1.760165,9.363245494212961,0.70820398894165415
2025-03-29,0,12.1505466,0.6244097222222222,15.018811666666666,6.993033333333333,10.235707746527776,0.7397348440669917
2025-03-30,0,17.581779,0.6616527777777778,18.404188333333334,2.2899700000000003,10.645125038194443,0.6902378884061475
2025-03-31,0,21.453366600000003,0.8307083333333334,18.770888333333332,4.553331666666667,11.48335962037037,0.5655410404381178
2025-04-01,0,18.649182,0.6337986111111111,15.199761666666667,-0.3022066666666667,8.085733378472222,0.43396010506514293
2025-04-02,0,20.217339600000003,0.6381805555555555,16.655520000000003,1.861335,10.563848050925927,0.6021167292086573
2025-04-03,0,20.311002000000002,0.4457083333333333,22.85778666666667,5.5693649999999995,13.449585381944445,0.6636732522242921
2025-04-04,0,21.3675258,0.5399861111111112,23.743145,4.625993333333334,13.744344846064816,0.675101297657953
2025-04-05,0,21.3473928,0.5331736111111111,23.859143333333336,6.133391666666666,14.433404511574075,0.7455541482674252
2025-04-06,0,21.6975834,0.5896319444444444,21.11716333333333,5.665456666666667,12.609289704861112,0.7686435047546205
2025-04-07,0,22.2368028,0.6103263888888889,19.268998333333336,1.7613933333333334,10.129615844907407,0.6319594790704638
2025-04-08,0,22.418112600000004,0.5835555555555556,21.208468333333336,1.8758066666666666,11.146032052083333,0.5527741543624316
2025-04-09,0,18.3797892,0.5128819444444445,19.837699999999998,2.8876593333333336,11.388217261574074,0.5986203218125069
2025-04-10,0,22.229571000000004,0.5424791666666666,22.04806333333333,3.3920209999999997,12.449252237268519,0.6355305286866042
2025-04-11,0,23.0640144,0.4645902777777778,24.864253333333334,5.034351,14.467297513888889,0.6948161675180515
2025-04-12,0,18.197095800000003,0.5135625,22.890521666666665,6.192148333333334,15.346184542824075,0.7548808220080676
2025-04-13,0.08499999999999999,11.890452600000001,0.37190972222222224,18.358831666666667,10.259051666666666,15.049533043981482,0.9543988531086866
2025-04-14,0,17.8927434,0.4729583333333333,22.189118333333333,8.329553333333333,15.36555073148148,0.9124766109932992
2025-04-15,0.75,18.934117200000003,0.51,22.667953333333333,12.254875,16.812584780092592,0.8721979149303741
2025-04-16,70.627,4.9333488,0.6060625,12.578626666666667,0.08444333333333333,7.708592910879629,0.9472544607921058
2025-04-17,42.234,6.5346702,0.1537361111111111,3.5009121666666667,0.012114999999999999,1.2601103391203703,0.6693642988709781
2025-04-18,11.946,22.6673508,0.35328472222222224,13.172886666666667,1.6801499999999998,6.170775401620371,0.7793291097817173
2025-04-19,0,22.4224662,0.6481666666666667,18.37612,1.907423,10.663056743055556,0.7659662356427531
2025-04-20,0,19.9752282,0.6984444444444444,18.224245000000003,11.19549,13.482208599537037,0.7916017005387896
2025-04-21,0,20.0081472,0.5770972222222223,17.87377,3.7056899999999997,11.39760191550926,0.7757945471991934
2025-04-22,0,23.8466376,0.4580416666666667,21.084506666666666,5.623215666666667,13.083196042824074,0.8377980747638372
2025-04-23,4.404,18.952218600000002,0.4155,20.98150833333333,6.773634166666667,11.570230299768518,0.9282491672288389
2025-04-24,0,15.963337200000002,0.5143611111111112,16.77608,5.929795,11.000168482060186,0.8294052113229304
2025-04-25,0,22.004355,0.5040208333333334,18.760645,5.953769333333334,11.907164130787038,0.8205979945253004
2025-04-26,0,25.120442399999998,0.46181944444444445,22.633791666666667,3.4781250000000004,12.850307434027778,0.8157380909867944
2025-04-27,0,22.7838594,0.5341388888888889,21.86174,6.9401965,14.166081537037037,1.0220722532075763
2025-04-28,0,23.271429,0.499125,24.640345,7.193799666666667,15.707431175925926,0.9289663785103581
2025-04-29,0,24.865104600000002,0.430875,25.300291666666666,7.577651166666667,16.85363790509259,0.8556381980529519
2025-04-30,0,26.4716052,0.4279375,26.551775,8.721065833333334,17.674026045138888,0.881912341829715
2025-05-01,0,26.5257642,0.41425694444444444,27.753995,9.629135666666667,18.684992314814814,0.8800462768562112
2025-05-02,0,25.2133434,0.4544930555555556,28.786088333333332,9.854401666666668,19.615805324074074,0.9365248630744158
2025-05-03,8.638,11.937697800000002,0.3403819444444444,21.916245,12.81839,15.831881458333333,1.3995713749485659
2025-05-04,10.417,14.737206600000002,0.24270833333333333,19.531296666666666,10.681339999999999,14.658999525462963,1.366588373594505
2025-05-05,4.969,10.123755000000001,0.338,13.577828333333333,8.192885833333333,10.840092729166667,1.1057672420325666
2025-05-06,0,20.315890200000002,0.3945625,16.885688333333334,7.098613333333333,10.408335413194443,0.9525523416693014
2025-05-07,1.952,16.2913626,0.4064097222222222,14.236963333333332,7.716858833333333,9.694718094907408,1.0038340404730852
2025-05-08,0,20.3435142,0.36767361111111113,17.67021666666667,7.321576333333333,11.961765180555556,0.952999524895691
2025-05-09,0.333,18.6152532,0.3638958333333333,18.060541666666666,8.5629745,12.222057232638889,1.0348773222648686
2025-05-10,0,29.2460448,0.4134236111111111,23.205778333333335,5.92896,14.726200475694444,0.8924481231802102
2025-05-11,0,24.665168400000002,0.4363194444444444,24.566556666666667,7.02676,16.59874809375,0.8645332370049836
2025-05-12,1.3719999999999999,14.602722600000002,0.40878472222222223,18.410323333333334,8.429536666666667,12.40193601851852,1.1421777223397407
2025-05-13,0.091,27.485955600000004,0.4462777777777778,22.508960000000002,6.7693215,14.310943010416667,1.019302578638045
2025-05-14,0,28.099207200000002,0.4971527777777778,24.657768333333333,7.302458333333334,15.55606607175926,0.948623772156723
2025-05-15,1.341,24.108075600000003,0.4753611111111111,23.760801666666666,7.543020333333334,15.319680354166668,0.894043352831416
2025-05-16,0,28.838673600000003,0.4387013888888889,21.494801666666667,6.747823333333333,14.46210854513889,0.7239718488125486
2025-05-17,0,25.3894158,0.5057361111111112,21.326778333333333,5.35394,13.611203324074074,0.665299788495791
2025-05-18,0,28.8833616,0.5464652777777778,23.648846666666667,7.547594833333333,15.421429496527779,0.7444366837887253
2025-05-19,0,22.9566876,0.3616111111111111,25.947396666666666,8.226730333333332,17.026618318287035,0.8977606996910068
2025-05-20,1.6380000000000001,12.5551884,0.3134375,19.083881666666667,11.638491666666667,14.328081469907406,1.3321045083591332
2025-05-21,0.81,18.0995814,0.447625,21.208076666666663,11.344726666666666,14.771480752314815,1.262508585379348
2025-05-22,3.134,14.7131196,0.5810208333333333,17.910145,10.223781666666667,12.285013171296296,1.0573862140679984
2025-05-23,0,22.413321,0.5031736111111111,18.82917833333333,7.910958333333333,13.08182696875,0.794857810772589
2025-05-24,0,27.1495752,0.5540833333333334,21.081584999999997,6.4206985,14.04930107175926,0.7530913337263189
2025-05-25,2.267,9.3115062,0.25981944444444444,19.861605,11.090976666666666,14.629489421296295,1.0822684978230812
2025-05-26,1.557,27.1975452,0.43168055555555557,22.447653333333335,11.047274999999999,16.131017291666666,1.2362206338782529
2025-05-27,0,22.0866312,0.46670833333333334,23.088698333333333,11.981888333333334,16.558894027777775,1.0169070459492477
2025-05-28,7.266,9.554217600000001,0.31194444444444447,19.03836666666667,11.407565,14.258170659722222,1.2381024942361483
2025-05-29,0,26.941292400000002,0.4303263888888889,26.296255000000002,9.911127,17.47724011342593,1.093373593769201
2025-05-30,0,29.304523800000002,0.3893402777777778,29.649655000000003,11.025411666666667,20.329596712962964,1.2044890644414323
2025-05-31,0.45,27.654253200000003,0.33370833333333333,31.333771666666667,12.939685,22.33894619212963,1.2420450985188098
2025-06-01,1.019,24.860193000000002,0.37727777777777777,30.741223333333334,14.034040000000001,20.638296296296296,1.528222157383756
2025-06-02,5.956,15.6454374,0.23131944444444444,23.959933333333332,14.182173333333335,17.589008368055556,1.6852969996344627
2025-06-03,0.081,19.1183214,0.28900694444444447,26.316515000000003,11.767566666666667,18.47826408564815,1.5829065857816644
2025-06-04,1.212,12.173820599999999,0.38824305555555555,23.717926666666667,13.657225,17.433591458333332,1.4177946984876582
2025-06-05,0,13.487320200000001,0.23247916666666665,22.74748,12.61591,17.721530416666667,1.3824474136625522
2025-06-06,0.188,21.909366600000002,0.31733333333333336,26.041781666666665,14.27669,20.61763385416667,1.4213669251356613
2025-06-07,10.38,8.624394,0.2225138888888889,19.469996666666667,14.628048333333332,16.062011793981483,1.7136183212534766
2025-06-08,0.41100000000000003,28.4926038,0.45350694444444445,23.939083333333336,11.92724,18.089970486111113,1.2538945435990505
2025-06-09,0,27.410717400000003,0.4809027777777778,24.621741666666665,8.323307666666667,16.947498694444445,1.113874664054563
2025-06-10,0,27.551538,0.46213194444444444,28.010745,11.02832,19.848296967592592,1.2627428180656701
2025-06-11,0,28.2313386,0.44797916666666665,29.15979,13.185708333333332,21.358255624999998,1.2131586140178756
2025-06-12,0,28.7484612,0.4100972222222222,33.817735,13.880246666666668,23.92641960648148,1.3520086583180275
2025-06-13,1.194,27.386179200000004,0.4542291666666667,34.26261166666667,16.333918333333333,24.924197615740738,1.5051505813741148
2025-06-14,0,26.361799200000004,0.3953402777777778,33.71543666666667,15.515666666666668,24.852477314814813,1.537212505914511
2025-06-15,0,20.3705952,0.3586111111111111,30.847105,17.507201666666667,22.913098668981483,1.5356349150595323
2025-06-16,0,29.421392400000002,0.46541666666666665,28.343361666666667,14.484583333333333,21.085063344907407,1.4669390134501974
2025-06-17,0,29.2614318,0.5041111111111111,28.987758333333332,12.388781666666667,21.070283125000003,1.3302849251418642
2025-06-18,0,28.664967,0.5353263888888888,30.385025,14.563345,23.01194550925926,1.531467198758183
2025-06-19,0,25.239545239436623,0.4421267605633803,33.11374166666667,15.80589,24.208396145833333,1.6219079416797313
2025-06-20,0,24.8684754,0.4274791666666667,32.337025,16.728626666666667,24.787613217592593,1.640926458390906
2025-06-21,1.5,21.0644598,0.5107361111111111,31.336701666666666,14.906741666666667,21.346875081018517,1.476488790132462
2025-06-22,0,30.199416,0.39629166666666665,33.921685,12.444133333333333,23.773518055555556,1.3593192790861321
2025-06-23,0.5529999999999999,19.7366184,0.3618125,30.441595,18.943595000000002,24.029032442129626,1.586985720334059
2025-06-24,0,28.422484800000003,0.5552708333333334,32.181515000000005,16.583370000000002,24.297883715277777,1.5468530463003223
2025-06-25,0,29.0007924,0.37804166666666666,35.598169999999996,16.196558333333336,26.029467337962963,1.4212084942867442
2025-06-26,0.659,14.233436400000002,0.40870833333333334,27.559195,16.978213333333333,22.005179699074073,1.7280009487918038
2025-06-27,0,27.3117204,0.47454861111111113,31.399185000000003,14.703951666666667,23.158468946759257,1.6041450245215199
2025-06-28,0,29.374762800000003,0.4597222222222222,34.224019999999996,16.336191666666664,25.70004712962963,1.6587046299933692
2025-06-29,0,29.1376914,0.41528472222222224,35.850928333333336,18.051313333333333,27.91685261574074,1.8601799451669054
2025-06-30,2.911,20.388276752238806,0.4287761194029851,33.45341166666667,17.970011666666664,23.647992939814813,2.006968354171329
